date,actual,predicted,model,split
2023-01-01,11866,9970.771484375,Chronos-2,validation
2023-02-01,3278,10263.9326171875,Chronos-2,validation
2023-03-01,12225,9817.583984375,Chronos-2,validation
2023-04-01,7189,9880.69140625,Chronos-2,validation
2023-05-01,9062,9616.03515625,Chronos-2,validation
2023-06-01,10773,9662.76171875,Chronos-2,validation
2023-07-01,18300,9744.8505859375,Chronos-2,validation
2023-08-01,10840,9731.451171875,Chronos-2,validation
2023-09-01,12926,9675.796875,Chronos-2,validation
2023-10-01,20856,9539.662109375,Chronos-2,validation
2023-11-01,11623,9645.4873046875,Chronos-2,validation
2023-12-01,11959,9631.62890625,Chronos-2,validation
2024-01-01,12058,11436.2275390625,Chronos-2,test
2024-02-01,3000,11323.611328125,Chronos-2,test
2024-03-01,12454,11293.2783203125,Chronos-2,test
2024-04-01,14640,11250.751953125,Chronos-2,test
2024-05-01,12409,11229.0283203125,Chronos-2,test
2024-06-01,14332,11120.201171875,Chronos-2,test
2024-07-01,13091,11017.3408203125,Chronos-2,test
2024-08-01,11215,10988.763671875,Chronos-2,test
2024-09-01,11862,10960.6083984375,Chronos-2,test
2024-10-01,12633,10970.34765625,Chronos-2,test
2024-11-01,12780,10924.1123046875,Chronos-2,test
2024-12-01,8781,10969.0888671875,Chronos-2,test
