date,year,month,commodity,category,unit,currency,average_price
2010-01-01,2010,1,Corn,soft,bushel,USD,3.759781818181818
2010-01-01,2010,1,Palm Oil,soft,tonne,USD,750.3716454545455
2010-01-01,2010,1,Soybeans,soft,bushel,USD,10.0154
2010-01-01,2010,1,Sugar,soft,lb,USD,0.2852272727272727
2010-01-01,2010,1,Thermal Coal Newcastle,energy,tonne,USD,94.71511818181817
2010-01-01,2010,1,Wheat,soft,bushel,USD,4.875463636363636
2010-02-01,2010,2,Corn,soft,bushel,USD,3.5583350000000005
2010-02-01,2010,2,Palm Oil,soft,tonne,USD,800.087215
2010-02-01,2010,2,Soybeans,soft,bushel,USD,9.99756
2010-02-01,2010,2,Sugar,soft,lb,USD,0.27666
2010-02-01,2010,2,Thermal Coal Newcastle,energy,tonne,USD,92.65422
2010-02-01,2010,2,Wheat,soft,bushel,USD,4.98253
2010-03-01,2010,3,Corn,soft,bushel,USD,4.0710173913043475
2010-03-01,2010,3,Palm Oil,soft,tonne,USD,834.3800304347825
2010-03-01,2010,3,Soybeans,soft,bushel,USD,9.957917391304349
2010-03-01,2010,3,Sugar,soft,lb,USD,0.27775217391304347
2010-03-01,2010,3,Thermal Coal Newcastle,energy,tonne,USD,98.72977826086957
2010-03-01,2010,3,Wheat,soft,bushel,USD,5.311573913043478
2010-04-01,2010,4,Corn,soft,bushel,USD,4.090818181818182
2010-04-01,2010,4,Palm Oil,soft,tonne,USD,876.8777409090909
2010-04-01,2010,4,Soybeans,soft,bushel,USD,10.39845909090909
2010-04-01,2010,4,Sugar,soft,lb,USD,0.27641818181818184
2010-04-01,2010,4,Thermal Coal Newcastle,energy,tonne,USD,93.22357272727272
2010-04-01,2010,4,Wheat,soft,bushel,USD,5.0270636363636365
2010-05-01,2010,5,Corn,soft,bushel,USD,4.308285714285715
2010-05-01,2010,5,Palm Oil,soft,tonne,USD,904.0195095238096
2010-05-01,2010,5,Soybeans,soft,bushel,USD,10.13314761904762
2010-05-01,2010,5,Sugar,soft,lb,USD,0.29223809523809524
2010-05-01,2010,5,Thermal Coal Newcastle,energy,tonne,USD,95.89739523809524
2010-05-01,2010,5,Wheat,soft,bushel,USD,5.313795238095238
2010-06-01,2010,6,Corn,soft,bushel,USD,4.3404727272727275
2010-06-01,2010,6,Palm Oil,soft,tonne,USD,942.9316
2010-06-01,2010,6,Soybeans,soft,bushel,USD,9.90109090909091
2010-06-01,2010,6,Sugar,soft,lb,USD,0.29706363636363636
2010-06-01,2010,6,Thermal Coal Newcastle,energy,tonne,USD,89.26705
2010-06-01,2010,6,Wheat,soft,bushel,USD,5.2825
2010-07-01,2010,7,Corn,soft,bushel,USD,4.4434818181818185
2010-07-01,2010,7,Palm Oil,soft,tonne,USD,995.3185090909091
2010-07-01,2010,7,Soybeans,soft,bushel,USD,10.844277272727272
2010-07-01,2010,7,Sugar,soft,lb,USD,0.32854545454545453
2010-07-01,2010,7,Thermal Coal Newcastle,energy,tonne,USD,88.79040454545454
2010-07-01,2010,7,Wheat,soft,bushel,USD,5.773854545454546
2010-08-01,2010,8,Corn,soft,bushel,USD,4.493009090909091
2010-08-01,2010,8,Palm Oil,soft,tonne,USD,1000.3771318181819
2010-08-01,2010,8,Soybeans,soft,bushel,USD,10.406081818181818
2010-08-01,2010,8,Sugar,soft,lb,USD,0.3160090909090909
2010-08-01,2010,8,Thermal Coal Newcastle,energy,tonne,USD,88.72373636363636
2010-08-01,2010,8,Wheat,soft,bushel,USD,6.095831818181818
2010-09-01,2010,9,Corn,soft,bushel,USD,4.604586363636364
2010-09-01,2010,9,Palm Oil,soft,tonne,USD,971.4221045454545
2010-09-01,2010,9,Soybeans,soft,bushel,USD,11.314481818181818
2010-09-01,2010,9,Sugar,soft,lb,USD,0.3330772727272727
2010-09-01,2010,9,Thermal Coal Newcastle,energy,tonne,USD,92.31380454545454
2010-09-01,2010,9,Wheat,soft,bushel,USD,5.7579090909090915
2010-10-01,2010,10,Corn,soft,bushel,USD,4.914371428571429
2010-10-01,2010,10,Palm Oil,soft,tonne,USD,1124.2549714285715
2010-10-01,2010,10,Soybeans,soft,bushel,USD,11.915771428571428
2010-10-01,2010,10,Sugar,soft,lb,USD,0.3289095238095238
2010-10-01,2010,10,Thermal Coal Newcastle,energy,tonne,USD,89.36372857142858
2010-10-01,2010,10,Wheat,soft,bushel,USD,6.187233333333334
2010-11-01,2010,11,Corn,soft,bushel,USD,5.066490909090909
2010-11-01,2010,11,Palm Oil,soft,tonne,USD,1144.7872409090908
2010-11-01,2010,11,Soybeans,soft,bushel,USD,11.712654545454546
2010-11-01,2010,11,Sugar,soft,lb,USD,0.3417818181818182
2010-11-01,2010,11,Thermal Coal Newcastle,energy,tonne,USD,91.40103181818182
2010-11-01,2010,11,Wheat,soft,bushel,USD,6.623318181818181
2010-12-01,2010,12,Corn,soft,bushel,USD,5.159226086956521
2010-12-01,2010,12,Palm Oil,soft,tonne,USD,1206.6478782608697
2010-12-01,2010,12,Soybeans,soft,bushel,USD,12.332452173913042
2010-12-01,2010,12,Sugar,soft,lb,USD,0.33360434782608694
2010-12-01,2010,12,Thermal Coal Newcastle,energy,tonne,USD,90.84736086956522
2010-12-01,2010,12,Wheat,soft,bushel,USD,6.374247826086957
2011-01-01,2011,1,Corn,soft,bushel,USD,5.228771428571428
2011-01-01,2011,1,Palm Oil,soft,tonne,USD,1245.0149142857142
2011-01-01,2011,1,Soybeans,soft,bushel,USD,12.459690476190477
2011-01-01,2011,1,Sugar,soft,lb,USD,0.3457761904761905
2011-01-01,2011,1,Thermal Coal Newcastle,energy,tonne,USD,91.49379047619047
2011-01-01,2011,1,Wheat,soft,bushel,USD,7.158585714285714
2011-02-01,2011,2,Corn,soft,bushel,USD,5.517975
2011-02-01,2011,2,Palm Oil,soft,tonne,USD,1294.3874250000001
2011-02-01,2011,2,Soybeans,soft,bushel,USD,12.22875
2011-02-01,2011,2,Sugar,soft,lb,USD,0.35423499999999997
2011-02-01,2011,2,Thermal Coal Newcastle,energy,tonne,USD,86.159055
2011-02-01,2011,2,Wheat,soft,bushel,USD,7.1530249999999995
2011-03-01,2011,3,Corn,soft,bushel,USD,5.395469565217391
2011-03-01,2011,3,Palm Oil,soft,tonne,USD,1203.499052173913
2011-03-01,2011,3,Soybeans,soft,bushel,USD,12.448417391304348
2011-03-01,2011,3,Sugar,soft,lb,USD,0.36751304347826086
2011-03-01,2011,3,Thermal Coal Newcastle,energy,tonne,USD,86.26763913043479
2011-03-01,2011,3,Wheat,soft,bushel,USD,7.068682608695652
2011-04-01,2011,4,Corn,soft,bushel,USD,5.601861904761905
2011-04-01,2011,4,Palm Oil,soft,tonne,USD,1194.0705238095238
2011-04-01,2011,4,Soybeans,soft,bushel,USD,14.043757142857142
2011-04-01,2011,4,Sugar,soft,lb,USD,0.3580619047619048
2011-04-01,2011,4,Thermal Coal Newcastle,energy,tonne,USD,86.46164761904762
2011-04-01,2011,4,Wheat,soft,bushel,USD,6.925404761904763
2011-05-01,2011,5,Corn,soft,bushel,USD,5.982868181818182
2011-05-01,2011,5,Palm Oil,soft,tonne,USD,1252.1711545454546
2011-05-01,2011,5,Soybeans,soft,bushel,USD,13.74300909090909
2011-05-01,2011,5,Sugar,soft,lb,USD,0.3466090909090909
2011-05-01,2011,5,Thermal Coal Newcastle,energy,tonne,USD,84.75627272727273
2011-05-01,2011,5,Wheat,soft,bushel,USD,6.805122727272728
2011-06-01,2011,6,Corn,soft,bushel,USD,6.266913636363636
2011-06-01,2011,6,Palm Oil,soft,tonne,USD,1309.784881818182
2011-06-01,2011,6,Soybeans,soft,bushel,USD,13.633772727272726
2011-06-01,2011,6,Sugar,soft,lb,USD,0.34408181818181816
2011-06-01,2011,6,Thermal Coal Newcastle,energy,tonne,USD,80.2677909090909
2011-06-01,2011,6,Wheat,soft,bushel,USD,6.906472727272727
2011-07-01,2011,7,Corn,soft,bushel,USD,6.294295238095239
2011-07-01,2011,7,Palm Oil,soft,tonne,USD,1230.0507857142857
2011-07-01,2011,7,Soybeans,soft,bushel,USD,13.792076190476191
2011-07-01,2011,7,Sugar,soft,lb,USD,0.33773333333333333
2011-07-01,2011,7,Thermal Coal Newcastle,energy,tonne,USD,78.87859999999999
2011-07-01,2011,7,Wheat,soft,bushel,USD,7.705223809523809
2011-08-01,2011,8,Corn,soft,bushel,USD,5.548
2011-08-01,2011,8,Palm Oil,soft,tonne,USD,1234.1291869565218
2011-08-01,2011,8,Soybeans,soft,bushel,USD,14.298804347826087
2011-08-01,2011,8,Sugar,soft,lb,USD,0.3265086956521739
2011-08-01,2011,8,Thermal Coal Newcastle,energy,tonne,USD,86.18292173913044
2011-08-01,2011,8,Wheat,soft,bushel,USD,8.29351304347826
2011-09-01,2011,9,Corn,soft,bushel,USD,6.429713636363636
2011-09-01,2011,9,Palm Oil,soft,tonne,USD,1275.4029136363636
2011-09-01,2011,9,Soybeans,soft,bushel,USD,14.632077272727274
2011-09-01,2011,9,Sugar,soft,lb,USD,0.32108636363636367
2011-09-01,2011,9,Thermal Coal Newcastle,energy,tonne,USD,77.41344545454545
2011-09-01,2011,9,Wheat,soft,bushel,USD,7.697454545454545
2011-10-01,2011,10,Corn,soft,bushel,USD,6.286814285714286
2011-10-01,2011,10,Palm Oil,soft,tonne,USD,1160.3989714285715
2011-10-01,2011,10,Soybeans,soft,bushel,USD,13.888980952380953
2011-10-01,2011,10,Sugar,soft,lb,USD,0.33645238095238095
2011-10-01,2011,10,Thermal Coal Newcastle,energy,tonne,USD,78.27828095238095
2011-10-01,2011,10,Wheat,soft,bushel,USD,7.702028571428572
2011-11-01,2011,11,Corn,soft,bushel,USD,6.413277272727272
2011-11-01,2011,11,Palm Oil,soft,tonne,USD,1139.0033636363637
2011-11-01,2011,11,Soybeans,soft,bushel,USD,15.196309090909091
2011-11-01,2011,11,Sugar,soft,lb,USD,0.33281818181818185
2011-11-01,2011,11,Thermal Coal Newcastle,energy,tonne,USD,82.61587727272727
2011-11-01,2011,11,Wheat,soft,bushel,USD,8.199454545454545
2011-12-01,2011,12,Corn,soft,bushel,USD,7.015981818181817
2011-12-01,2011,12,Palm Oil,soft,tonne,USD,1132.3328863636364
2011-12-01,2011,12,Soybeans,soft,bushel,USD,14.835381818181817
2011-12-01,2011,12,Sugar,soft,lb,USD,0.33247727272727273
2011-12-01,2011,12,Thermal Coal Newcastle,energy,tonne,USD,83.30563636363637
2011-12-01,2011,12,Wheat,soft,bushel,USD,8.440922727272728
2012-01-01,2012,1,Corn,soft,bushel,USD,7.461854545454545
2012-01-01,2012,1,Palm Oil,soft,tonne,USD,1196.563809090909
2012-01-01,2012,1,Soybeans,soft,bushel,USD,15.991490909090908
2012-01-01,2012,1,Sugar,soft,lb,USD,0.32786363636363636
2012-01-01,2012,1,Thermal Coal Newcastle,energy,tonne,USD,82.52126818181819
2012-01-01,2012,1,Wheat,soft,bushel,USD,8.672677272727272
2012-02-01,2012,2,Corn,soft,bushel,USD,7.368204761904762
2012-02-01,2012,2,Palm Oil,soft,tonne,USD,1122.9718476190476
2012-02-01,2012,2,Soybeans,soft,bushel,USD,15.553833333333333
2012-02-01,2012,2,Sugar,soft,lb,USD,0.3113
2012-02-01,2012,2,Thermal Coal Newcastle,energy,tonne,USD,81.68668095238095
2012-02-01,2012,2,Wheat,soft,bushel,USD,8.373390476190476
2012-03-01,2012,3,Corn,soft,bushel,USD,7.630631818181818
2012-03-01,2012,3,Palm Oil,soft,tonne,USD,1106.0646227272728
2012-03-01,2012,3,Soybeans,soft,bushel,USD,15.960409090909092
2012-03-01,2012,3,Sugar,soft,lb,USD,0.3064818181818182
2012-03-01,2012,3,Thermal Coal Newcastle,energy,tonne,USD,80.95772727272727
2012-03-01,2012,3,Wheat,soft,bushel,USD,8.922668181818182
2012-04-01,2012,4,Corn,soft,bushel,USD,7.36624761904762
2012-04-01,2012,4,Palm Oil,soft,tonne,USD,1090.283076190476
2012-04-01,2012,4,Soybeans,soft,bushel,USD,15.904433333333335
2012-04-01,2012,4,Sugar,soft,lb,USD,0.3018047619047619
2012-04-01,2012,4,Thermal Coal Newcastle,energy,tonne,USD,75.34268095238096
2012-04-01,2012,4,Wheat,soft,bushel,USD,9.034057142857144
2012-05-01,2012,5,Corn,soft,bushel,USD,7.491969565217391
2012-05-01,2012,5,Palm Oil,soft,tonne,USD,1083.4333652173914
2012-05-01,2012,5,Soybeans,soft,bushel,USD,15.6176
2012-05-01,2012,5,Sugar,soft,lb,USD,0.28385217391304346
2012-05-01,2012,5,Thermal Coal Newcastle,energy,tonne,USD,78.20310434782608
2012-05-01,2012,5,Wheat,soft,bushel,USD,8.80694347826087
2012-06-01,2012,6,Corn,soft,bushel,USD,7.450338095238095
2012-06-01,2012,6,Palm Oil,soft,tonne,USD,1069.9187523809524
2012-06-01,2012,6,Soybeans,soft,bushel,USD,16.20135714285714
2012-06-01,2012,6,Sugar,soft,lb,USD,0.29104285714285716
2012-06-01,2012,6,Thermal Coal Newcastle,energy,tonne,USD,77.7720619047619
2012-06-01,2012,6,Wheat,soft,bushel,USD,8.958209523809524
2012-07-01,2012,7,Corn,soft,bushel,USD,7.531722727272728
2012-07-01,2012,7,Palm Oil,soft,tonne,USD,1025.9432545454545
2012-07-01,2012,7,Soybeans,soft,bushel,USD,17.370831818181816
2012-07-01,2012,7,Sugar,soft,lb,USD,0.2957772727272727
2012-07-01,2012,7,Thermal Coal Newcastle,energy,tonne,USD,73.1363409090909
2012-07-01,2012,7,Wheat,soft,bushel,USD,8.797522727272728
2012-08-01,2012,8,Corn,soft,bushel,USD,8.086308695652173
2012-08-01,2012,8,Palm Oil,soft,tonne,USD,952.6246782608696
2012-08-01,2012,8,Soybeans,soft,bushel,USD,15.63054347826087
2012-08-01,2012,8,Sugar,soft,lb,USD,0.2749260869565217
2012-08-01,2012,8,Thermal Coal Newcastle,energy,tonne,USD,73.46274782608695
2012-08-01,2012,8,Wheat,soft,bushel,USD,9.486139130434783
2012-09-01,2012,9,Corn,soft,bushel,USD,8.408710000000001
2012-09-01,2012,9,Palm Oil,soft,tonne,USD,1005.4143250000001
2012-09-01,2012,9,Soybeans,soft,bushel,USD,17.19819
2012-09-01,2012,9,Sugar,soft,lb,USD,0.26777
2012-09-01,2012,9,Thermal Coal Newcastle,energy,tonne,USD,76.58524
2012-09-01,2012,9,Wheat,soft,bushel,USD,9.7405
2012-10-01,2012,10,Corn,soft,bushel,USD,8.0826
2012-10-01,2012,10,Palm Oil,soft,tonne,USD,1018.7155826086956
2012-10-01,2012,10,Soybeans,soft,bushel,USD,17.888817391304347
2012-10-01,2012,10,Sugar,soft,lb,USD,0.2571434782608696
2012-10-01,2012,10,Thermal Coal Newcastle,energy,tonne,USD,75.68616956521738
2012-10-01,2012,10,Wheat,soft,bushel,USD,9.098260869565218
2012-11-01,2012,11,Corn,soft,bushel,USD,7.408904545454546
2012-11-01,2012,11,Palm Oil,soft,tonne,USD,1029.3772999999999
2012-11-01,2012,11,Soybeans,soft,bushel,USD,16.738045454545457
2012-11-01,2012,11,Sugar,soft,lb,USD,0.27711363636363634
2012-11-01,2012,11,Thermal Coal Newcastle,energy,tonne,USD,74.3512090909091
2012-11-01,2012,11,Wheat,soft,bushel,USD,8.531354545454546
2012-12-01,2012,12,Corn,soft,bushel,USD,7.3132142857142854
2012-12-01,2012,12,Palm Oil,soft,tonne,USD,982.7843095238095
2012-12-01,2012,12,Soybeans,soft,bushel,USD,16.517442857142857
2012-12-01,2012,12,Sugar,soft,lb,USD,0.2565
2012-12-01,2012,12,Thermal Coal Newcastle,energy,tonne,USD,70.07494285714286
2012-12-01,2012,12,Wheat,soft,bushel,USD,9.2212
2013-01-01,2013,1,Corn,soft,bushel,USD,8.011534782608695
2013-01-01,2013,1,Palm Oil,soft,tonne,USD,1014.2174434782609
2013-01-01,2013,1,Soybeans,soft,bushel,USD,16.97334347826087
2013-01-01,2013,1,Sugar,soft,lb,USD,0.25806521739130434
2013-01-01,2013,1,Thermal Coal Newcastle,energy,tonne,USD,74.93746086956521
2013-01-01,2013,1,Wheat,soft,bushel,USD,8.48083043478261
2013-02-01,2013,2,Corn,soft,bushel,USD,7.6623850000000004
2013-02-01,2013,2,Palm Oil,soft,tonne,USD,941.8542299999999
2013-02-01,2013,2,Soybeans,soft,bushel,USD,16.209274999999998
2013-02-01,2013,2,Sugar,soft,lb,USD,0.237535
2013-02-01,2013,2,Thermal Coal Newcastle,energy,tonne,USD,71.646885
2013-02-01,2013,2,Wheat,soft,bushel,USD,8.843354999999999
2013-03-01,2013,3,Corn,soft,bushel,USD,7.444990476190476
2013-03-01,2013,3,Palm Oil,soft,tonne,USD,964.9736571428572
2013-03-01,2013,3,Soybeans,soft,bushel,USD,15.8917
2013-03-01,2013,3,Sugar,soft,lb,USD,0.2551333333333333
2013-03-01,2013,3,Thermal Coal Newcastle,energy,tonne,USD,71.05259047619047
2013-03-01,2013,3,Wheat,soft,bushel,USD,8.287309523809524
2013-04-01,2013,4,Corn,soft,bushel,USD,7.596068181818182
2013-04-01,2013,4,Palm Oil,soft,tonne,USD,945.7061181818182
2013-04-01,2013,4,Soybeans,soft,bushel,USD,15.836672727272726
2013-04-01,2013,4,Sugar,soft,lb,USD,0.2590272727272727
2013-04-01,2013,4,Thermal Coal Newcastle,energy,tonne,USD,69.8845
2013-04-01,2013,4,Wheat,soft,bushel,USD,8.208649999999999
2013-05-01,2013,5,Corn,soft,bushel,USD,7.0026652173913035
2013-05-01,2013,5,Palm Oil,soft,tonne,USD,881.1296130434783
2013-05-01,2013,5,Soybeans,soft,bushel,USD,15.135086956521738
2013-05-01,2013,5,Sugar,soft,lb,USD,0.23324782608695652
2013-05-01,2013,5,Thermal Coal Newcastle,energy,tonne,USD,64.70594347826086
2013-05-01,2013,5,Wheat,soft,bushel,USD,8.160026086956522
2013-06-01,2013,6,Corn,soft,bushel,USD,7.315105
2013-06-01,2013,6,Palm Oil,soft,tonne,USD,835.16924
2013-06-01,2013,6,Soybeans,soft,bushel,USD,14.86236
2013-06-01,2013,6,Sugar,soft,lb,USD,0.22996
2013-06-01,2013,6,Thermal Coal Newcastle,energy,tonne,USD,67.711215
2013-06-01,2013,6,Wheat,soft,bushel,USD,8.182405
2013-07-01,2013,7,Corn,soft,bushel,USD,7.129308695652173
2013-07-01,2013,7,Palm Oil,soft,tonne,USD,934.5495086956522
2013-07-01,2013,7,Soybeans,soft,bushel,USD,15.08297391304348
2013-07-01,2013,7,Sugar,soft,lb,USD,0.2305304347826087
2013-07-01,2013,7,Thermal Coal Newcastle,energy,tonne,USD,66.09565652173913
2013-07-01,2013,7,Wheat,soft,bushel,USD,8.432839130434783
2013-08-01,2013,8,Corn,soft,bushel,USD,6.6181909090909095
2013-08-01,2013,8,Palm Oil,soft,tonne,USD,933.5871363636364
2013-08-01,2013,8,Soybeans,soft,bushel,USD,15.071913636363634
2013-08-01,2013,8,Sugar,soft,lb,USD,0.22721818181818182
2013-08-01,2013,8,Thermal Coal Newcastle,energy,tonne,USD,64.07525
2013-08-01,2013,8,Wheat,soft,bushel,USD,8.242109090909091
2013-09-01,2013,9,Corn,soft,bushel,USD,6.756366666666667
2013-09-01,2013,9,Palm Oil,soft,tonne,USD,888.1939904761904
2013-09-01,2013,9,Soybeans,soft,bushel,USD,14.059480952380952
2013-09-01,2013,9,Sugar,soft,lb,USD,0.21216190476190477
2013-09-01,2013,9,Thermal Coal Newcastle,energy,tonne,USD,67.49917619047619
2013-09-01,2013,9,Wheat,soft,bushel,USD,7.621261904761905
2013-10-01,2013,10,Corn,soft,bushel,USD,6.762904347826087
2013-10-01,2013,10,Palm Oil,soft,tonne,USD,859.8484956521739
2013-10-01,2013,10,Soybeans,soft,bushel,USD,14.416873913043478
2013-10-01,2013,10,Sugar,soft,lb,USD,0.21550434782608696
2013-10-01,2013,10,Thermal Coal Newcastle,energy,tonne,USD,69.94069565217391
2013-10-01,2013,10,Wheat,soft,bushel,USD,7.653460869565217
2013-11-01,2013,11,Corn,soft,bushel,USD,6.750147619047619
2013-11-01,2013,11,Palm Oil,soft,tonne,USD,855.0325238095238
2013-11-01,2013,11,Soybeans,soft,bushel,USD,14.882690476190476
2013-11-01,2013,11,Sugar,soft,lb,USD,0.19467142857142855
2013-11-01,2013,11,Thermal Coal Newcastle,energy,tonne,USD,67.17536190476191
2013-11-01,2013,11,Wheat,soft,bushel,USD,7.156157142857143
2013-12-01,2013,12,Corn,soft,bushel,USD,6.384054545454545
2013-12-01,2013,12,Palm Oil,soft,tonne,USD,742.5910318181818
2013-12-01,2013,12,Soybeans,soft,bushel,USD,13.937690909090907
2013-12-01,2013,12,Sugar,soft,lb,USD,0.18860909090909092
2013-12-01,2013,12,Thermal Coal Newcastle,energy,tonne,USD,65.2074090909091
2013-12-01,2013,12,Wheat,soft,bushel,USD,7.434586363636364
2014-01-01,2014,1,Corn,soft,bushel,USD,6.5961739130434776
2014-01-01,2014,1,Palm Oil,soft,tonne,USD,783.3153695652173
2014-01-01,2014,1,Soybeans,soft,bushel,USD,13.666143478260869
2014-01-01,2014,1,Sugar,soft,lb,USD,0.18593043478260868
2014-01-01,2014,1,Thermal Coal Newcastle,energy,tonne,USD,62.096504347826084
2014-01-01,2014,1,Wheat,soft,bushel,USD,7.248413043478261
2014-02-01,2014,2,Corn,soft,bushel,USD,6.325665
2014-02-01,2014,2,Palm Oil,soft,tonne,USD,752.26296
2014-02-01,2014,2,Soybeans,soft,bushel,USD,13.82678
2014-02-01,2014,2,Sugar,soft,lb,USD,0.185265
2014-02-01,2014,2,Thermal Coal Newcastle,energy,tonne,USD,64.107875
2014-02-01,2014,2,Wheat,soft,bushel,USD,7.09773
2014-03-01,2014,3,Corn,soft,bushel,USD,6.135023809523809
2014-03-01,2014,3,Palm Oil,soft,tonne,USD,805.7402523809525
2014-03-01,2014,3,Soybeans,soft,bushel,USD,13.313076190476192
2014-03-01,2014,3,Sugar,soft,lb,USD,0.2006047619047619
2014-03-01,2014,3,Thermal Coal Newcastle,energy,tonne,USD,65.10677619047618
2014-03-01,2014,3,Wheat,soft,bushel,USD,7.019861904761905
2014-04-01,2014,4,Corn,soft,bushel,USD,6.016518181818182
2014-04-01,2014,4,Palm Oil,soft,tonne,USD,741.5752181818182
2014-04-01,2014,4,Soybeans,soft,bushel,USD,13.351927272727272
2014-04-01,2014,4,Sugar,soft,lb,USD,0.1855681818181818
2014-04-01,2014,4,Thermal Coal Newcastle,energy,tonne,USD,60.55425
2014-04-01,2014,4,Wheat,soft,bushel,USD,6.969168181818182
2014-05-01,2014,5,Corn,soft,bushel,USD,6.0576681818181815
2014-05-01,2014,5,Palm Oil,soft,tonne,USD,738.8577409090909
2014-05-01,2014,5,Soybeans,soft,bushel,USD,12.98760909090909
2014-05-01,2014,5,Sugar,soft,lb,USD,0.17277727272727272
2014-05-01,2014,5,Thermal Coal Newcastle,energy,tonne,USD,59.19019090909091
2014-05-01,2014,5,Wheat,soft,bushel,USD,6.916422727272728
2014-06-01,2014,6,Corn,soft,bushel,USD,5.930933333333333
2014-06-01,2014,6,Palm Oil,soft,tonne,USD,709.6992333333334
2014-06-01,2014,6,Soybeans,soft,bushel,USD,13.056085714285715
2014-06-01,2014,6,Sugar,soft,lb,USD,0.1705095238095238
2014-06-01,2014,6,Thermal Coal Newcastle,energy,tonne,USD,59.11198571428571
2014-06-01,2014,6,Wheat,soft,bushel,USD,7.1609
2014-07-01,2014,7,Corn,soft,bushel,USD,6.019747826086956
2014-07-01,2014,7,Palm Oil,soft,tonne,USD,696.5745260869566
2014-07-01,2014,7,Soybeans,soft,bushel,USD,13.302365217391305
2014-07-01,2014,7,Sugar,soft,lb,USD,0.16250434782608697
2014-07-01,2014,7,Thermal Coal Newcastle,energy,tonne,USD,64.69418260869566
2014-07-01,2014,7,Wheat,soft,bushel,USD,6.807721739130434
2014-08-01,2014,8,Corn,soft,bushel,USD,6.026109523809524
2014-08-01,2014,8,Palm Oil,soft,tonne,USD,734.0201714285714
2014-08-01,2014,8,Soybeans,soft,bushel,USD,12.931933333333333
2014-08-01,2014,8,Sugar,soft,lb,USD,0.15773333333333334
2014-08-01,2014,8,Thermal Coal Newcastle,energy,tonne,USD,58.04282380952381
2014-08-01,2014,8,Wheat,soft,bushel,USD,6.776466666666667
2014-09-01,2014,9,Corn,soft,bushel,USD,5.606886363636364
2014-09-01,2014,9,Palm Oil,soft,tonne,USD,679.025509090909
2014-09-01,2014,9,Soybeans,soft,bushel,USD,11.925131818181818
2014-09-01,2014,9,Sugar,soft,lb,USD,0.16071363636363636
2014-09-01,2014,9,Thermal Coal Newcastle,energy,tonne,USD,59.03931363636364
2014-09-01,2014,9,Wheat,soft,bushel,USD,6.625959090909091
2014-10-01,2014,10,Corn,soft,bushel,USD,5.4649086956521735
2014-10-01,2014,10,Palm Oil,soft,tonne,USD,691.2174347826087
2014-10-01,2014,10,Soybeans,soft,bushel,USD,11.802304347826086
2014-10-01,2014,10,Sugar,soft,lb,USD,0.1563608695652174
2014-10-01,2014,10,Thermal Coal Newcastle,energy,tonne,USD,56.76224347826087
2014-10-01,2014,10,Wheat,soft,bushel,USD,7.007804347826086
2014-11-01,2014,11,Corn,soft,bushel,USD,5.056515
2014-11-01,2014,11,Palm Oil,soft,tonne,USD,677.92432
2014-11-01,2014,11,Soybeans,soft,bushel,USD,11.41734
2014-11-01,2014,11,Sugar,soft,lb,USD,0.15416000000000002
2014-11-01,2014,11,Thermal Coal Newcastle,energy,tonne,USD,59.166105
2014-11-01,2014,11,Wheat,soft,bushel,USD,6.581245
2014-12-01,2014,12,Corn,soft,bushel,USD,5.209669565217391
2014-12-01,2014,12,Palm Oil,soft,tonne,USD,630.821295652174
2014-12-01,2014,12,Soybeans,soft,bushel,USD,11.44122608695652
2014-12-01,2014,12,Sugar,soft,lb,USD,0.15335217391304348
2014-12-01,2014,12,Thermal Coal Newcastle,energy,tonne,USD,60.852199999999996
2014-12-01,2014,12,Wheat,soft,bushel,USD,6.168273913043477
2015-01-01,2015,1,Corn,soft,bushel,USD,5.144822727272727
2015-01-01,2015,1,Palm Oil,soft,tonne,USD,612.254840909091
2015-01-01,2015,1,Soybeans,soft,bushel,USD,11.528013636363637
2015-01-01,2015,1,Sugar,soft,lb,USD,0.13888636363636364
2015-01-01,2015,1,Thermal Coal Newcastle,energy,tonne,USD,54.87046818181818
2015-01-01,2015,1,Wheat,soft,bushel,USD,6.116209090909091
2015-02-01,2015,2,Corn,soft,bushel,USD,5.442025
2015-02-01,2015,2,Palm Oil,soft,tonne,USD,567.324835
2015-02-01,2015,2,Soybeans,soft,bushel,USD,11.065394999999999
2015-02-01,2015,2,Sugar,soft,lb,USD,0.13523000000000002
2015-02-01,2015,2,Thermal Coal Newcastle,energy,tonne,USD,51.64052
2015-02-01,2015,2,Wheat,soft,bushel,USD,6.160095
2015-03-01,2015,3,Corn,soft,bushel,USD,5.026518181818182
2015-03-01,2015,3,Palm Oil,soft,tonne,USD,572.322140909091
2015-03-01,2015,3,Soybeans,soft,bushel,USD,10.645868181818182
2015-03-01,2015,3,Sugar,soft,lb,USD,0.12887272727272728
2015-03-01,2015,3,Thermal Coal Newcastle,energy,tonne,USD,53.21567727272727
2015-03-01,2015,3,Wheat,soft,bushel,USD,6.12345
2015-04-01,2015,4,Corn,soft,bushel,USD,4.937022727272727
2015-04-01,2015,4,Palm Oil,soft,tonne,USD,557.7793045454546
2015-04-01,2015,4,Soybeans,soft,bushel,USD,10.411972727272728
2015-04-01,2015,4,Sugar,soft,lb,USD,0.11705454545454547
2015-04-01,2015,4,Thermal Coal Newcastle,energy,tonne,USD,56.54930454545454
2015-04-01,2015,4,Wheat,soft,bushel,USD,5.587463636363636
2015-05-01,2015,5,Corn,soft,bushel,USD,4.990571428571428
2015-05-01,2015,5,Palm Oil,soft,tonne,USD,551.2102285714286
2015-05-01,2015,5,Soybeans,soft,bushel,USD,10.003738095238095
2015-05-01,2015,5,Sugar,soft,lb,USD,0.11389523809523809
2015-05-01,2015,5,Thermal Coal Newcastle,energy,tonne,USD,54.13311904761905
2015-05-01,2015,5,Wheat,soft,bushel,USD,5.961119047619047
2015-06-01,2015,6,Corn,soft,bushel,USD,4.600581818181818
2015-06-01,2015,6,Palm Oil,soft,tonne,USD,554.3182045454546
2015-06-01,2015,6,Soybeans,soft,bushel,USD,11.10725
2015-06-01,2015,6,Sugar,soft,lb,USD,0.11229545454545455
2015-06-01,2015,6,Thermal Coal Newcastle,energy,tonne,USD,55.06890454545455
2015-06-01,2015,6,Wheat,soft,bushel,USD,5.44774090909091
2015-07-01,2015,7,Corn,soft,bushel,USD,4.592921739130435
2015-07-01,2015,7,Palm Oil,soft,tonne,USD,526.4673782608696
2015-07-01,2015,7,Soybeans,soft,bushel,USD,10.263091304347826
2015-07-01,2015,7,Sugar,soft,lb,USD,0.10435652173913043
2015-07-01,2015,7,Thermal Coal Newcastle,energy,tonne,USD,46.67311304347827
2015-07-01,2015,7,Wheat,soft,bushel,USD,5.151904347826087
2015-08-01,2015,8,Corn,soft,bushel,USD,4.625228571428572
2015-08-01,2015,8,Palm Oil,soft,tonne,USD,528.3687952380952
2015-08-01,2015,8,Soybeans,soft,bushel,USD,10.125757142857143
2015-08-01,2015,8,Sugar,soft,lb,USD,0.1033047619047619
2015-08-01,2015,8,Thermal Coal Newcastle,energy,tonne,USD,51.074976190476185
2015-08-01,2015,8,Wheat,soft,bushel,USD,4.930871428571429
2015-09-01,2015,9,Corn,soft,bushel,USD,4.202172727272727
2015-09-01,2015,9,Palm Oil,soft,tonne,USD,514.9569272727273
2015-09-01,2015,9,Soybeans,soft,bushel,USD,9.386968181818183
2015-09-01,2015,9,Sugar,soft,lb,USD,0.10774090909090908
2015-09-01,2015,9,Thermal Coal Newcastle,energy,tonne,USD,51.631254545454546
2015-09-01,2015,9,Wheat,soft,bushel,USD,5.024304545454545
2015-10-01,2015,10,Corn,soft,bushel,USD,4.452218181818182
2015-10-01,2015,10,Palm Oil,soft,tonne,USD,498.63545909090914
2015-10-01,2015,10,Soybeans,soft,bushel,USD,8.764563636363636
2015-10-01,2015,10,Sugar,soft,lb,USD,0.10081818181818182
2015-10-01,2015,10,Thermal Coal Newcastle,energy,tonne,USD,47.042213636363634
2015-10-01,2015,10,Wheat,soft,bushel,USD,4.659295454545455
2015-11-01,2015,11,Corn,soft,bushel,USD,4.248690476190476
2015-11-01,2015,11,Palm Oil,soft,tonne,USD,491.2672428571429
2015-11-01,2015,11,Soybeans,soft,bushel,USD,8.65869523809524
2015-11-01,2015,11,Sugar,soft,lb,USD,0.09765714285714286
2015-11-01,2015,11,Thermal Coal Newcastle,energy,tonne,USD,51.16300952380952
2015-11-01,2015,11,Wheat,soft,bushel,USD,5.114119047619048
2015-12-01,2015,12,Corn,soft,bushel,USD,4.0188434782608695
2015-12-01,2015,12,Palm Oil,soft,tonne,USD,512.9903
2015-12-01,2015,12,Soybeans,soft,bushel,USD,8.811604347826087
2015-12-01,2015,12,Sugar,soft,lb,USD,0.10478695652173912
2015-12-01,2015,12,Thermal Coal Newcastle,energy,tonne,USD,49.697191304347825
2015-12-01,2015,12,Wheat,soft,bushel,USD,4.962413043478262
2016-01-01,2016,1,Corn,soft,bushel,USD,4.0526857142857144
2016-01-01,2016,1,Palm Oil,soft,tonne,USD,513.3526666666667
2016-01-01,2016,1,Soybeans,soft,bushel,USD,8.582766666666666
2016-01-01,2016,1,Sugar,soft,lb,USD,0.10939047619047619
2016-01-01,2016,1,Thermal Coal Newcastle,energy,tonne,USD,49.705971428571424
2016-01-01,2016,1,Wheat,soft,bushel,USD,4.648828571428571
2016-02-01,2016,2,Corn,soft,bushel,USD,4.00577619047619
2016-02-01,2016,2,Palm Oil,soft,tonne,USD,554.7333476190475
2016-02-01,2016,2,Soybeans,soft,bushel,USD,8.401371428571428
2016-02-01,2016,2,Sugar,soft,lb,USD,0.10097142857142857
2016-02-01,2016,2,Thermal Coal Newcastle,energy,tonne,USD,47.97352380952381
2016-02-01,2016,2,Wheat,soft,bushel,USD,4.288542857142857
2016-03-01,2016,3,Corn,soft,bushel,USD,3.5901521739130433
2016-03-01,2016,3,Palm Oil,soft,tonne,USD,533.7873999999999
2016-03-01,2016,3,Soybeans,soft,bushel,USD,8.355260869565218
2016-03-01,2016,3,Sugar,soft,lb,USD,0.10884782608695652
2016-03-01,2016,3,Thermal Coal Newcastle,energy,tonne,USD,49.13670434782608
2016-03-01,2016,3,Wheat,soft,bushel,USD,4.273086956521739
2016-04-01,2016,4,Corn,soft,bushel,USD,3.4099761904761903
2016-04-01,2016,4,Palm Oil,soft,tonne,USD,528.5692380952381
2016-04-01,2016,4,Soybeans,soft,bushel,USD,8.279980952380953
2016-04-01,2016,4,Sugar,soft,lb,USD,0.10532857142857142
2016-04-01,2016,4,Thermal Coal Newcastle,energy,tonne,USD,53.102828571428574
2016-04-01,2016,4,Wheat,soft,bushel,USD,4.1882761904761905
2016-05-01,2016,5,Corn,soft,bushel,USD,3.5888454545454547
2016-05-01,2016,5,Palm Oil,soft,tonne,USD,537.0879272727273
2016-05-01,2016,5,Soybeans,soft,bushel,USD,8.897304545454546
2016-05-01,2016,5,Sugar,soft,lb,USD,0.10301363636363635
2016-05-01,2016,5,Thermal Coal Newcastle,energy,tonne,USD,58.95383636363636
2016-05-01,2016,5,Wheat,soft,bushel,USD,3.8689545454545455
2016-06-01,2016,6,Corn,soft,bushel,USD,3.43635
2016-06-01,2016,6,Palm Oil,soft,tonne,USD,501.86888636363636
2016-06-01,2016,6,Soybeans,soft,bushel,USD,8.926254545454546
2016-06-01,2016,6,Sugar,soft,lb,USD,0.10334545454545455
2016-06-01,2016,6,Thermal Coal Newcastle,energy,tonne,USD,60.81713181818182
2016-06-01,2016,6,Wheat,soft,bushel,USD,3.787836363636364
2016-07-01,2016,7,Corn,soft,bushel,USD,3.3187047619047623
2016-07-01,2016,7,Palm Oil,soft,tonne,USD,509.0812904761905
2016-07-01,2016,7,Soybeans,soft,bushel,USD,8.803085714285714
2016-07-01,2016,7,Sugar,soft,lb,USD,0.10444285714285713
2016-07-01,2016,7,Thermal Coal Newcastle,energy,tonne,USD,62.664695238095234
2016-07-01,2016,7,Wheat,soft,bushel,USD,3.7384190476190478
2016-08-01,2016,8,Corn,soft,bushel,USD,3.392969565217391
2016-08-01,2016,8,Palm Oil,soft,tonne,USD,524.0536869565218
2016-08-01,2016,8,Soybeans,soft,bushel,USD,8.212582608695651
2016-08-01,2016,8,Sugar,soft,lb,USD,0.10232173913043478
2016-08-01,2016,8,Thermal Coal Newcastle,energy,tonne,USD,62.17956956521739
2016-08-01,2016,8,Wheat,soft,bushel,USD,3.6671
2016-09-01,2016,9,Corn,soft,bushel,USD,3.263118181818182
2016-09-01,2016,9,Palm Oil,soft,tonne,USD,525.2554227272727
2016-09-01,2016,9,Soybeans,soft,bushel,USD,8.5693
2016-09-01,2016,9,Sugar,soft,lb,USD,0.10909999999999999
2016-09-01,2016,9,Thermal Coal Newcastle,energy,tonne,USD,74.03509545454546
2016-09-01,2016,9,Wheat,soft,bushel,USD,3.6782681818181815
2016-10-01,2016,10,Corn,soft,bushel,USD,3.515814285714286
2016-10-01,2016,10,Palm Oil,soft,tonne,USD,491.6427380952381
2016-10-01,2016,10,Soybeans,soft,bushel,USD,8.550133333333333
2016-10-01,2016,10,Sugar,soft,lb,USD,0.1133904761904762
2016-10-01,2016,10,Thermal Coal Newcastle,energy,tonne,USD,72.06934761904762
2016-10-01,2016,10,Wheat,soft,bushel,USD,3.7594000000000003
2016-11-01,2016,11,Corn,soft,bushel,USD,3.326854545454545
2016-11-01,2016,11,Palm Oil,soft,tonne,USD,513.9513545454546
2016-11-01,2016,11,Soybeans,soft,bushel,USD,8.896031818181818
2016-11-01,2016,11,Sugar,soft,lb,USD,0.10251818181818181
2016-11-01,2016,11,Thermal Coal Newcastle,energy,tonne,USD,72.48929545454546
2016-11-01,2016,11,Wheat,soft,bushel,USD,3.9390363636363634
2016-12-01,2016,12,Corn,soft,bushel,USD,3.3299772727272727
2016-12-01,2016,12,Palm Oil,soft,tonne,USD,519.7783227272728
2016-12-01,2016,12,Soybeans,soft,bushel,USD,7.771881818181819
2016-12-01,2016,12,Sugar,soft,lb,USD,0.10644545454545455
2016-12-01,2016,12,Thermal Coal Newcastle,energy,tonne,USD,74.59161363636363
2016-12-01,2016,12,Wheat,soft,bushel,USD,4.016772727272727
2017-01-01,2017,1,Corn,soft,bushel,USD,3.252127272727273
2017-01-01,2017,1,Palm Oil,soft,tonne,USD,524.7826227272727
2017-01-01,2017,1,Soybeans,soft,bushel,USD,8.105804545454545
2017-01-01,2017,1,Sugar,soft,lb,USD,0.10795454545454546
2017-01-01,2017,1,Thermal Coal Newcastle,energy,tonne,USD,71.89244545454545
2017-01-01,2017,1,Wheat,soft,bushel,USD,3.760531818181818
2017-02-01,2017,2,Corn,soft,bushel,USD,3.302435
2017-02-01,2017,2,Palm Oil,soft,tonne,USD,500.144085
2017-02-01,2017,2,Soybeans,soft,bushel,USD,8.17973
2017-02-01,2017,2,Sugar,soft,lb,USD,0.099725
2017-02-01,2017,2,Thermal Coal Newcastle,energy,tonne,USD,76.76268
2017-02-01,2017,2,Wheat,soft,bushel,USD,3.904855
2017-03-01,2017,3,Corn,soft,bushel,USD,3.260978260869565
2017-03-01,2017,3,Palm Oil,soft,tonne,USD,491.5148956521739
2017-03-01,2017,3,Soybeans,soft,bushel,USD,8.520091304347826
2017-03-01,2017,3,Sugar,soft,lb,USD,0.10294782608695652
2017-03-01,2017,3,Thermal Coal Newcastle,energy,tonne,USD,78.33163043478261
2017-03-01,2017,3,Wheat,soft,bushel,USD,3.8664826086956525
2017-04-01,2017,4,Corn,soft,bushel,USD,3.342735
2017-04-01,2017,4,Palm Oil,soft,tonne,USD,518.5143049999999
2017-04-01,2017,4,Soybeans,soft,bushel,USD,8.405165
2017-04-01,2017,4,Sugar,soft,lb,USD,0.10504500000000001
2017-04-01,2017,4,Thermal Coal Newcastle,energy,tonne,USD,75.23561
2017-04-01,2017,4,Wheat,soft,bushel,USD,4.062535
2017-05-01,2017,5,Corn,soft,bushel,USD,3.1196130434782607
2017-05-01,2017,5,Palm Oil,soft,tonne,USD,495.421804347826
2017-05-01,2017,5,Soybeans,soft,bushel,USD,8.033195652173912
2017-05-01,2017,5,Sugar,soft,lb,USD,0.0986
2017-05-01,2017,5,Thermal Coal Newcastle,energy,tonne,USD,82.25079130434783
2017-05-01,2017,5,Wheat,soft,bushel,USD,4.095656521739131
2017-06-01,2017,6,Corn,soft,bushel,USD,3.261168181818182
2017-06-01,2017,6,Palm Oil,soft,tonne,USD,512.8985136363636
2017-06-01,2017,6,Soybeans,soft,bushel,USD,8.892227272727272
2017-06-01,2017,6,Sugar,soft,lb,USD,0.0976
2017-06-01,2017,6,Thermal Coal Newcastle,energy,tonne,USD,86.52464545454546
2017-06-01,2017,6,Wheat,soft,bushel,USD,4.232681818181818
2017-07-01,2017,7,Corn,soft,bushel,USD,3.2630714285714286
2017-07-01,2017,7,Palm Oil,soft,tonne,USD,538.6403
2017-07-01,2017,7,Soybeans,soft,bushel,USD,7.808309523809524
2017-07-01,2017,7,Sugar,soft,lb,USD,0.10066666666666665
2017-07-01,2017,7,Thermal Coal Newcastle,energy,tonne,USD,86.1752238095238
2017-07-01,2017,7,Wheat,soft,bushel,USD,4.341238095238095
2017-08-01,2017,8,Corn,soft,bushel,USD,3.416730434782609
2017-08-01,2017,8,Palm Oil,soft,tonne,USD,516.9681434782608
2017-08-01,2017,8,Soybeans,soft,bushel,USD,8.789247826086957
2017-08-01,2017,8,Sugar,soft,lb,USD,0.10188260869565217
2017-08-01,2017,8,Thermal Coal Newcastle,energy,tonne,USD,95.36338695652174
2017-08-01,2017,8,Wheat,soft,bushel,USD,3.9733000000000005
2017-09-01,2017,9,Corn,soft,bushel,USD,3.3942142857142854
2017-09-01,2017,9,Palm Oil,soft,tonne,USD,549.2138523809524
2017-09-01,2017,9,Soybeans,soft,bushel,USD,8.293371428571428
2017-09-01,2017,9,Sugar,soft,lb,USD,0.10851428571428572
2017-09-01,2017,9,Thermal Coal Newcastle,energy,tonne,USD,85.46213333333333
2017-09-01,2017,9,Wheat,soft,bushel,USD,4.126957142857143
2017-10-01,2017,10,Corn,soft,bushel,USD,3.155927272727273
2017-10-01,2017,10,Palm Oil,soft,tonne,USD,516.5818954545455
2017-10-01,2017,10,Soybeans,soft,bushel,USD,8.363090909090909
2017-10-01,2017,10,Sugar,soft,lb,USD,0.10301363636363635
2017-10-01,2017,10,Thermal Coal Newcastle,energy,tonne,USD,93.52068181818181
2017-10-01,2017,10,Wheat,soft,bushel,USD,4.362509090909091
2017-11-01,2017,11,Corn,soft,bushel,USD,3.3850772727272727
2017-11-01,2017,11,Palm Oil,soft,tonne,USD,499.6293409090909
2017-11-01,2017,11,Soybeans,soft,bushel,USD,8.291563636363636
2017-11-01,2017,11,Sugar,soft,lb,USD,0.10506363636363636
2017-11-01,2017,11,Thermal Coal Newcastle,energy,tonne,USD,97.8013
2017-11-01,2017,11,Wheat,soft,bushel,USD,4.141318181818182
2017-12-01,2017,12,Corn,soft,bushel,USD,3.2744571428571425
2017-12-01,2017,12,Palm Oil,soft,tonne,USD,531.9160285714286
2017-12-01,2017,12,Soybeans,soft,bushel,USD,8.199328571428572
2017-12-01,2017,12,Sugar,soft,lb,USD,0.09815238095238095
2017-12-01,2017,12,Thermal Coal Newcastle,energy,tonne,USD,100.8730761904762
2017-12-01,2017,12,Wheat,soft,bushel,USD,4.15692380952381
2018-01-01,2018,1,Corn,soft,bushel,USD,3.219217391304348
2018-01-01,2018,1,Palm Oil,soft,tonne,USD,528.3893695652174
2018-01-01,2018,1,Soybeans,soft,bushel,USD,8.699047826086957
2018-01-01,2018,1,Sugar,soft,lb,USD,0.10102173913043479
2018-01-01,2018,1,Thermal Coal Newcastle,energy,tonne,USD,102.8287695652174
2018-01-01,2018,1,Wheat,soft,bushel,USD,4.404060869565217
2018-02-01,2018,2,Corn,soft,bushel,USD,3.227485
2018-02-01,2018,2,Palm Oil,soft,tonne,USD,541.493365
2018-02-01,2018,2,Soybeans,soft,bushel,USD,9.13109
2018-02-01,2018,2,Sugar,soft,lb,USD,0.104405
2018-02-01,2018,2,Thermal Coal Newcastle,energy,tonne,USD,100.69660999999999
2018-02-01,2018,2,Wheat,soft,bushel,USD,4.17791
2018-03-01,2018,3,Corn,soft,bushel,USD,3.3572636363636366
2018-03-01,2018,3,Palm Oil,soft,tonne,USD,532.8919045454545
2018-03-01,2018,3,Soybeans,soft,bushel,USD,8.723790909090908
2018-03-01,2018,3,Sugar,soft,lb,USD,0.1104
2018-03-01,2018,3,Thermal Coal Newcastle,energy,tonne,USD,114.30559090909091
2018-03-01,2018,3,Wheat,soft,bushel,USD,4.291681818181818
2018-04-01,2018,4,Corn,soft,bushel,USD,3.448761904761905
2018-04-01,2018,4,Palm Oil,soft,tonne,USD,548.8532904761904
2018-04-01,2018,4,Soybeans,soft,bushel,USD,8.437090476190477
2018-04-01,2018,4,Sugar,soft,lb,USD,0.10159047619047619
2018-04-01,2018,4,Thermal Coal Newcastle,energy,tonne,USD,107.06758571428571
2018-04-01,2018,4,Wheat,soft,bushel,USD,4.5269047619047615
2018-05-01,2018,5,Corn,soft,bushel,USD,3.4339782608695653
2018-05-01,2018,5,Palm Oil,soft,tonne,USD,536.0767695652174
2018-05-01,2018,5,Soybeans,soft,bushel,USD,8.472517391304347
2018-05-01,2018,5,Sugar,soft,lb,USD,0.10415652173913044
2018-05-01,2018,5,Thermal Coal Newcastle,energy,tonne,USD,107.66389565217392
2018-05-01,2018,5,Wheat,soft,bushel,USD,4.181926086956522
2018-06-01,2018,6,Corn,soft,bushel,USD,3.1510571428571432
2018-06-01,2018,6,Palm Oil,soft,tonne,USD,499.83209999999997
2018-06-01,2018,6,Soybeans,soft,bushel,USD,8.779604761904762
2018-06-01,2018,6,Sugar,soft,lb,USD,0.1056095238095238
2018-06-01,2018,6,Thermal Coal Newcastle,energy,tonne,USD,110.59777142857142
2018-06-01,2018,6,Wheat,soft,bushel,USD,4.481142857142857
2018-07-01,2018,7,Corn,soft,bushel,USD,3.375440909090909
2018-07-01,2018,7,Palm Oil,soft,tonne,USD,539.8315272727273
2018-07-01,2018,7,Soybeans,soft,bushel,USD,8.370413636363637
2018-07-01,2018,7,Sugar,soft,lb,USD,0.10370454545454545
2018-07-01,2018,7,Thermal Coal Newcastle,energy,tonne,USD,118.48671363636363
2018-07-01,2018,7,Wheat,soft,bushel,USD,4.6670727272727275
2018-08-01,2018,8,Corn,soft,bushel,USD,3.339804347826087
2018-08-01,2018,8,Palm Oil,soft,tonne,USD,542.3413913043478
2018-08-01,2018,8,Soybeans,soft,bushel,USD,8.805130434782608
2018-08-01,2018,8,Sugar,soft,lb,USD,0.1019391304347826
2018-08-01,2018,8,Thermal Coal Newcastle,energy,tonne,USD,115.52000434782607
2018-08-01,2018,8,Wheat,soft,bushel,USD,4.882495652173913
2018-09-01,2018,9,Corn,soft,bushel,USD,3.2079099999999996
2018-09-01,2018,9,Palm Oil,soft,tonne,USD,545.0971000000001
2018-09-01,2018,9,Soybeans,soft,bushel,USD,9.06681
2018-09-01,2018,9,Sugar,soft,lb,USD,0.10456000000000001
2018-09-01,2018,9,Thermal Coal Newcastle,energy,tonne,USD,112.78755000000001
2018-09-01,2018,9,Wheat,soft,bushel,USD,4.530195
2018-10-01,2018,10,Corn,soft,bushel,USD,3.309108695652174
2018-10-01,2018,10,Palm Oil,soft,tonne,USD,527.2818608695652
2018-10-01,2018,10,Soybeans,soft,bushel,USD,8.179004347826087
2018-10-01,2018,10,Sugar,soft,lb,USD,0.10108260869565218
2018-10-01,2018,10,Thermal Coal Newcastle,energy,tonne,USD,104.15130434782608
2018-10-01,2018,10,Wheat,soft,bushel,USD,4.742269565217391
2018-11-01,2018,11,Corn,soft,bushel,USD,3.345077272727273
2018-11-01,2018,11,Palm Oil,soft,tonne,USD,511.20196818181813
2018-11-01,2018,11,Soybeans,soft,bushel,USD,8.5945
2018-11-01,2018,11,Sugar,soft,lb,USD,0.09881818181818182
2018-11-01,2018,11,Thermal Coal Newcastle,energy,tonne,USD,103.2527909090909
2018-11-01,2018,11,Wheat,soft,bushel,USD,4.7636
2018-12-01,2018,12,Corn,soft,bushel,USD,3.289819047619048
2018-12-01,2018,12,Palm Oil,soft,tonne,USD,522.6066714285714
2018-12-01,2018,12,Soybeans,soft,bushel,USD,7.906157142857143
2018-12-01,2018,12,Sugar,soft,lb,USD,0.10095238095238096
2018-12-01,2018,12,Thermal Coal Newcastle,energy,tonne,USD,107.7542238095238
2018-12-01,2018,12,Wheat,soft,bushel,USD,5.148290476190477
2019-01-01,2019,1,Corn,soft,bushel,USD,3.269104347826087
2019-01-01,2019,1,Palm Oil,soft,tonne,USD,525.4230826086957
2019-01-01,2019,1,Soybeans,soft,bushel,USD,8.606882608695653
2019-01-01,2019,1,Sugar,soft,lb,USD,0.10495652173913043
2019-01-01,2019,1,Thermal Coal Newcastle,energy,tonne,USD,105.07978260869565
2019-01-01,2019,1,Wheat,soft,bushel,USD,5.369060869565217
2019-02-01,2019,2,Corn,soft,bushel,USD,3.1020250000000003
2019-02-01,2019,2,Palm Oil,soft,tonne,USD,575.19733
2019-02-01,2019,2,Soybeans,soft,bushel,USD,8.223865
2019-02-01,2019,2,Sugar,soft,lb,USD,0.0987
2019-02-01,2019,2,Thermal Coal Newcastle,energy,tonne,USD,103.06114500000001
2019-02-01,2019,2,Wheat,soft,bushel,USD,4.8774
2019-03-01,2019,3,Corn,soft,bushel,USD,3.010485714285714
2019-03-01,2019,3,Palm Oil,soft,tonne,USD,524.9802380952382
2019-03-01,2019,3,Soybeans,soft,bushel,USD,8.68114761904762
2019-03-01,2019,3,Sugar,soft,lb,USD,0.10823809523809524
2019-03-01,2019,3,Thermal Coal Newcastle,energy,tonne,USD,98.97511904761905
2019-03-01,2019,3,Wheat,soft,bushel,USD,4.890195238095238
2019-04-01,2019,4,Corn,soft,bushel,USD,3.2263
2019-04-01,2019,4,Palm Oil,soft,tonne,USD,537.8058545454546
2019-04-01,2019,4,Soybeans,soft,bushel,USD,8.170154545454546
2019-04-01,2019,4,Sugar,soft,lb,USD,0.11729545454545454
2019-04-01,2019,4,Thermal Coal Newcastle,energy,tonne,USD,96.56251363636365
2019-04-01,2019,4,Wheat,soft,bushel,USD,5.264231818181819
2019-05-01,2019,5,Corn,soft,bushel,USD,3.138560869565217
2019-05-01,2019,5,Palm Oil,soft,tonne,USD,563.5796043478261
2019-05-01,2019,5,Soybeans,soft,bushel,USD,8.485347826086956
2019-05-01,2019,5,Sugar,soft,lb,USD,0.10058695652173913
2019-05-01,2019,5,Thermal Coal Newcastle,energy,tonne,USD,88.76930434782608
2019-05-01,2019,5,Wheat,soft,bushel,USD,5.0689086956521745
2019-06-01,2019,6,Corn,soft,bushel,USD,3.274945
2019-06-01,2019,6,Palm Oil,soft,tonne,USD,539.934575
2019-06-01,2019,6,Soybeans,soft,bushel,USD,8.527555
2019-06-01,2019,6,Sugar,soft,lb,USD,0.1042
2019-06-01,2019,6,Thermal Coal Newcastle,energy,tonne,USD,90.102325
2019-06-01,2019,6,Wheat,soft,bushel,USD,4.972945
2019-07-01,2019,7,Corn,soft,bushel,USD,3.302821739130435
2019-07-01,2019,7,Palm Oil,soft,tonne,USD,539.2495695652175
2019-07-01,2019,7,Soybeans,soft,bushel,USD,7.991447826086957
2019-07-01,2019,7,Sugar,soft,lb,USD,0.10428695652173914
2019-07-01,2019,7,Thermal Coal Newcastle,energy,tonne,USD,92.44319565217391
2019-07-01,2019,7,Wheat,soft,bushel,USD,5.3119565217391305
2019-08-01,2019,8,Corn,soft,bushel,USD,3.2478545454545453
2019-08-01,2019,8,Palm Oil,soft,tonne,USD,525.2253954545454
2019-08-01,2019,8,Soybeans,soft,bushel,USD,8.484240909090909
2019-08-01,2019,8,Sugar,soft,lb,USD,0.10435909090909092
2019-08-01,2019,8,Thermal Coal Newcastle,energy,tonne,USD,91.84558636363637
2019-08-01,2019,8,Wheat,soft,bushel,USD,5.253604545454546
2019-09-01,2019,9,Corn,soft,bushel,USD,3.3848238095238097
2019-09-01,2019,9,Palm Oil,soft,tonne,USD,510.6511476190476
2019-09-01,2019,9,Soybeans,soft,bushel,USD,8.079285714285714
2019-09-01,2019,9,Sugar,soft,lb,USD,0.10248095238095238
2019-09-01,2019,9,Thermal Coal Newcastle,energy,tonne,USD,84.64610952380951
2019-09-01,2019,9,Wheat,soft,bushel,USD,5.215180952380952
2019-10-01,2019,10,Corn,soft,bushel,USD,3.2006565217391305
2019-10-01,2019,10,Palm Oil,soft,tonne,USD,544.3998130434783
2019-10-01,2019,10,Soybeans,soft,bushel,USD,8.42898695652174
2019-10-01,2019,10,Sugar,soft,lb,USD,0.10226521739130436
2019-10-01,2019,10,Thermal Coal Newcastle,energy,tonne,USD,82.28827826086956
2019-10-01,2019,10,Wheat,soft,bushel,USD,5.193065217391305
2019-11-01,2019,11,Corn,soft,bushel,USD,3.158171428571429
2019-11-01,2019,11,Palm Oil,soft,tonne,USD,520.256280952381
2019-11-01,2019,11,Soybeans,soft,bushel,USD,9.253528571428571
2019-11-01,2019,11,Sugar,soft,lb,USD,0.1105
2019-11-01,2019,11,Thermal Coal Newcastle,energy,tonne,USD,76.32420952380951
2019-11-01,2019,11,Wheat,soft,bushel,USD,4.999599999999999
2019-12-01,2019,12,Corn,soft,bushel,USD,3.3487545454545455
2019-12-01,2019,12,Palm Oil,soft,tonne,USD,514.3131818181818
2019-12-01,2019,12,Soybeans,soft,bushel,USD,8.587959090909091
2019-12-01,2019,12,Sugar,soft,lb,USD,0.1063318181818182
2019-12-01,2019,12,Thermal Coal Newcastle,energy,tonne,USD,84.93699545454545
2019-12-01,2019,12,Wheat,soft,bushel,USD,5.1007727272727275
2020-01-01,2020,1,Corn,soft,bushel,USD,3.409995652173913
2020-01-01,2020,1,Palm Oil,soft,tonne,USD,554.6677043478261
2020-01-01,2020,1,Soybeans,soft,bushel,USD,8.765582608695652
2020-01-01,2020,1,Sugar,soft,lb,USD,0.10136086956521739
2020-01-01,2020,1,Thermal Coal Newcastle,energy,tonne,USD,77.58524782608696
2020-01-01,2020,1,Wheat,soft,bushel,USD,5.060708695652174
2020-02-01,2020,2,Corn,soft,bushel,USD,3.354995
2020-02-01,2020,2,Palm Oil,soft,tonne,USD,546.406995
2020-02-01,2020,2,Soybeans,soft,bushel,USD,8.156744999999999
2020-02-01,2020,2,Sugar,soft,lb,USD,0.10273499999999999
2020-02-01,2020,2,Thermal Coal Newcastle,energy,tonne,USD,70.110405
2020-02-01,2020,2,Wheat,soft,bushel,USD,5.148125
2020-03-01,2020,3,Corn,soft,bushel,USD,3.1308954545454544
2020-03-01,2020,3,Palm Oil,soft,tonne,USD,543.6677136363636
2020-03-01,2020,3,Soybeans,soft,bushel,USD,8.407295454545455
2020-03-01,2020,3,Sugar,soft,lb,USD,0.10243636363636364
2020-03-01,2020,3,Thermal Coal Newcastle,energy,tonne,USD,67.08263636363637
2020-03-01,2020,3,Wheat,soft,bushel,USD,5.1599545454545455
2020-04-01,2020,4,Corn,soft,bushel,USD,3.3205454545454547
2020-04-01,2020,4,Palm Oil,soft,tonne,USD,522.9732363636364
2020-04-01,2020,4,Soybeans,soft,bushel,USD,8.292959090909092
2020-04-01,2020,4,Sugar,soft,lb,USD,0.10847272727272728
2020-04-01,2020,4,Thermal Coal Newcastle,energy,tonne,USD,61.06137727272728
2020-04-01,2020,4,Wheat,soft,bushel,USD,5.428436363636364
2020-05-01,2020,5,Corn,soft,bushel,USD,3.33917619047619
2020-05-01,2020,5,Palm Oil,soft,tonne,USD,581.5163047619047
2020-05-01,2020,5,Soybeans,soft,bushel,USD,8.38129523809524
2020-05-01,2020,5,Sugar,soft,lb,USD,0.09954761904761905
2020-05-01,2020,5,Thermal Coal Newcastle,energy,tonne,USD,56.69485714285714
2020-05-01,2020,5,Wheat,soft,bushel,USD,5.786871428571429
2020-06-01,2020,6,Corn,soft,bushel,USD,3.4818272727272728
2020-06-01,2020,6,Palm Oil,soft,tonne,USD,632.082309090909
2020-06-01,2020,6,Soybeans,soft,bushel,USD,8.759395454545455
2020-06-01,2020,6,Sugar,soft,lb,USD,0.10587272727272729
2020-06-01,2020,6,Thermal Coal Newcastle,energy,tonne,USD,59.08985909090909
2020-06-01,2020,6,Wheat,soft,bushel,USD,5.680363636363636
2020-07-01,2020,7,Corn,soft,bushel,USD,3.6585130434782607
2020-07-01,2020,7,Palm Oil,soft,tonne,USD,673.2377086956521
2020-07-01,2020,7,Soybeans,soft,bushel,USD,9.75395652173913
2020-07-01,2020,7,Sugar,soft,lb,USD,0.10928260869565218
2020-07-01,2020,7,Thermal Coal Newcastle,energy,tonne,USD,59.94165217391304
2020-07-01,2020,7,Wheat,soft,bushel,USD,6.6054130434782605
2020-08-01,2020,8,Corn,soft,bushel,USD,3.9259714285714287
2020-08-01,2020,8,Palm Oil,soft,tonne,USD,759.1839523809524
2020-08-01,2020,8,Soybeans,soft,bushel,USD,9.618257142857143
2020-08-01,2020,8,Sugar,soft,lb,USD,0.11850952380952381
2020-08-01,2020,8,Thermal Coal Newcastle,energy,tonne,USD,58.64663333333334
2020-08-01,2020,8,Wheat,soft,bushel,USD,6.694119047619048
2020-09-01,2020,9,Corn,soft,bushel,USD,4.161222727272727
2020-09-01,2020,9,Palm Oil,soft,tonne,USD,789.07105
2020-09-01,2020,9,Soybeans,soft,bushel,USD,10.043768181818182
2020-09-01,2020,9,Sugar,soft,lb,USD,0.12896818181818182
2020-09-01,2020,9,Thermal Coal Newcastle,energy,tonne,USD,52.94445454545455
2020-09-01,2020,9,Wheat,soft,bushel,USD,7.546072727272727
2020-10-01,2020,10,Corn,soft,bushel,USD,4.192531818181818
2020-10-01,2020,10,Palm Oil,soft,tonne,USD,880.921040909091
2020-10-01,2020,10,Soybeans,soft,bushel,USD,10.90239090909091
2020-10-01,2020,10,Sugar,soft,lb,USD,0.1285090909090909
2020-10-01,2020,10,Thermal Coal Newcastle,energy,tonne,USD,61.10611363636363
2020-10-01,2020,10,Wheat,soft,bushel,USD,7.565572727272727
2020-11-01,2020,11,Corn,soft,bushel,USD,4.580385714285715
2020-11-01,2020,11,Palm Oil,soft,tonne,USD,908.4308333333333
2020-11-01,2020,11,Soybeans,soft,bushel,USD,10.96497619047619
2020-11-01,2020,11,Sugar,soft,lb,USD,0.14040476190476192
2020-11-01,2020,11,Thermal Coal Newcastle,energy,tonne,USD,76.85129523809523
2020-11-01,2020,11,Wheat,soft,bushel,USD,8.425314285714286
2020-12-01,2020,12,Corn,soft,bushel,USD,4.712260869565218
2020-12-01,2020,12,Palm Oil,soft,tonne,USD,972.4346826086957
2020-12-01,2020,12,Soybeans,soft,bushel,USD,11.759726086956523
2020-12-01,2020,12,Sugar,soft,lb,USD,0.12964782608695652
2020-12-01,2020,12,Thermal Coal Newcastle,energy,tonne,USD,101.15632608695651
2020-12-01,2020,12,Wheat,soft,bushel,USD,7.921686956521739
2021-01-01,2021,1,Corn,soft,bushel,USD,4.84492380952381
2021-01-01,2021,1,Palm Oil,soft,tonne,USD,1144.494242857143
2021-01-01,2021,1,Soybeans,soft,bushel,USD,11.130657142857142
2021-01-01,2021,1,Sugar,soft,lb,USD,0.13344761904761904
2021-01-01,2021,1,Thermal Coal Newcastle,energy,tonne,USD,114.0027761904762
2021-01-01,2021,1,Wheat,soft,bushel,USD,8.599190476190476
2021-02-01,2021,2,Corn,soft,bushel,USD,5.232025
2021-02-01,2021,2,Palm Oil,soft,tonne,USD,1104.121275
2021-02-01,2021,2,Soybeans,soft,bushel,USD,11.861865
2021-02-01,2021,2,Sugar,soft,lb,USD,0.145665
2021-02-01,2021,2,Thermal Coal Newcastle,energy,tonne,USD,128.309535
2021-02-01,2021,2,Wheat,soft,bushel,USD,8.869085
2021-03-01,2021,3,Corn,soft,bushel,USD,5.123956521739131
2021-03-01,2021,3,Palm Oil,soft,tonne,USD,1147.3619869565218
2021-03-01,2021,3,Soybeans,soft,bushel,USD,12.734656521739131
2021-03-01,2021,3,Sugar,soft,lb,USD,0.14938260869565217
2021-03-01,2021,3,Thermal Coal Newcastle,energy,tonne,USD,139.50682608695652
2021-03-01,2021,3,Wheat,soft,bushel,USD,9.382382608695652
2021-04-01,2021,4,Corn,soft,bushel,USD,5.316331818181818
2021-04-01,2021,4,Palm Oil,soft,tonne,USD,1261.4774136363637
2021-04-01,2021,4,Soybeans,soft,bushel,USD,12.803754545454545
2021-04-01,2021,4,Sugar,soft,lb,USD,0.1515090909090909
2021-04-01,2021,4,Thermal Coal Newcastle,energy,tonne,USD,160.6426318181818
2021-04-01,2021,4,Wheat,soft,bushel,USD,9.323468181818182
2021-05-01,2021,5,Corn,soft,bushel,USD,5.54262380952381
2021-05-01,2021,5,Palm Oil,soft,tonne,USD,1271.8786952380954
2021-05-01,2021,5,Soybeans,soft,bushel,USD,13.586057142857143
2021-05-01,2021,5,Sugar,soft,lb,USD,0.14984285714285714
2021-05-01,2021,5,Thermal Coal Newcastle,energy,tonne,USD,176.46521428571427
2021-05-01,2021,5,Wheat,soft,bushel,USD,10.316938095238095
2021-06-01,2021,6,Corn,soft,bushel,USD,5.964559090909091
2021-06-01,2021,6,Palm Oil,soft,tonne,USD,1316.4867772727273
2021-06-01,2021,6,Soybeans,soft,bushel,USD,12.540381818181817
2021-06-01,2021,6,Sugar,soft,lb,USD,0.15557272727272728
2021-06-01,2021,6,Thermal Coal Newcastle,energy,tonne,USD,204.7511090909091
2021-06-01,2021,6,Wheat,soft,bushel,USD,9.84995909090909
2021-07-01,2021,7,Corn,soft,bushel,USD,6.4061272727272724
2021-07-01,2021,7,Palm Oil,soft,tonne,USD,1345.0252636363637
2021-07-01,2021,7,Soybeans,soft,bushel,USD,13.186627272727272
2021-07-01,2021,7,Sugar,soft,lb,USD,0.1608272727272727
2021-07-01,2021,7,Thermal Coal Newcastle,energy,tonne,USD,234.41653636363637
2021-07-01,2021,7,Wheat,soft,bushel,USD,10.682281818181819
2021-08-01,2021,8,Corn,soft,bushel,USD,6.499949999999999
2021-08-01,2021,8,Palm Oil,soft,tonne,USD,1482.078940909091
2021-08-01,2021,8,Soybeans,soft,bushel,USD,14.162581818181819
2021-08-01,2021,8,Sugar,soft,lb,USD,0.16509545454545455
2021-08-01,2021,8,Thermal Coal Newcastle,energy,tonne,USD,238.01937272727272
2021-08-01,2021,8,Wheat,soft,bushel,USD,11.037340909090908
2021-09-01,2021,9,Corn,soft,bushel,USD,6.5612318181818186
2021-09-01,2021,9,Palm Oil,soft,tonne,USD,1477.7898727272727
2021-09-01,2021,9,Soybeans,soft,bushel,USD,14.610290909090908
2021-09-01,2021,9,Sugar,soft,lb,USD,0.1696590909090909
2021-09-01,2021,9,Thermal Coal Newcastle,energy,tonne,USD,260.58080454545455
2021-09-01,2021,9,Wheat,soft,bushel,USD,11.387168181818181
2021-10-01,2021,10,Corn,soft,bushel,USD,6.850495238095238
2021-10-01,2021,10,Palm Oil,soft,tonne,USD,1581.565361904762
2021-10-01,2021,10,Soybeans,soft,bushel,USD,13.360590476190477
2021-10-01,2021,10,Sugar,soft,lb,USD,0.16143333333333332
2021-10-01,2021,10,Thermal Coal Newcastle,energy,tonne,USD,270.5765714285714
2021-10-01,2021,10,Wheat,soft,bushel,USD,11.760552380952381
2021-11-01,2021,11,Corn,soft,bushel,USD,7.386240909090909
2021-11-01,2021,11,Palm Oil,soft,tonne,USD,1646.5821772727272
2021-11-01,2021,11,Soybeans,soft,bushel,USD,14.049336363636364
2021-11-01,2021,11,Sugar,soft,lb,USD,0.18112272727272727
2021-11-01,2021,11,Thermal Coal Newcastle,energy,tonne,USD,275.60184545454547
2021-11-01,2021,11,Wheat,soft,bushel,USD,11.7278
2021-12-01,2021,12,Corn,soft,bushel,USD,7.016917391304348
2021-12-01,2021,12,Palm Oil,soft,tonne,USD,1689.8625130434782
2021-12-01,2021,12,Soybeans,soft,bushel,USD,14.26894347826087
2021-12-01,2021,12,Sugar,soft,lb,USD,0.1806
2021-12-01,2021,12,Thermal Coal Newcastle,energy,tonne,USD,315.48532608695655
2021-12-01,2021,12,Wheat,soft,bushel,USD,12.969278260869567
2022-01-01,2022,1,Corn,soft,bushel,USD,7.3403809523809525
2022-01-01,2022,1,Palm Oil,soft,tonne,USD,1738.1301428571428
2022-01-01,2022,1,Soybeans,soft,bushel,USD,15.567195238095238
2022-01-01,2022,1,Sugar,soft,lb,USD,0.18739523809523811
2022-01-01,2022,1,Thermal Coal Newcastle,energy,tonne,USD,325.76750000000004
2022-01-01,2022,1,Wheat,soft,bushel,USD,12.83934761904762
2022-02-01,2022,2,Corn,soft,bushel,USD,7.05741
2022-02-01,2022,2,Palm Oil,soft,tonne,USD,1835.55239
2022-02-01,2022,2,Soybeans,soft,bushel,USD,16.252485
2022-02-01,2022,2,Sugar,soft,lb,USD,0.19197
2022-02-01,2022,2,Thermal Coal Newcastle,energy,tonne,USD,338.46986000000004
2022-02-01,2022,2,Wheat,soft,bushel,USD,13.513645
2022-03-01,2022,3,Corn,soft,bushel,USD,7.643126086956522
2022-03-01,2022,3,Palm Oil,soft,tonne,USD,1898.8567695652173
2022-03-01,2022,3,Soybeans,soft,bushel,USD,16.706639130434784
2022-03-01,2022,3,Sugar,soft,lb,USD,0.18723478260869567
2022-03-01,2022,3,Thermal Coal Newcastle,energy,tonne,USD,375.00989999999996
2022-03-01,2022,3,Wheat,soft,bushel,USD,13.167173913043479
2022-04-01,2022,4,Corn,soft,bushel,USD,7.749842857142857
2022-04-01,2022,4,Palm Oil,soft,tonne,USD,1848.042442857143
2022-04-01,2022,4,Soybeans,soft,bushel,USD,17.107885714285715
2022-04-01,2022,4,Sugar,soft,lb,USD,0.20826666666666666
2022-04-01,2022,4,Thermal Coal Newcastle,energy,tonne,USD,366.30575714285715
2022-04-01,2022,4,Wheat,soft,bushel,USD,12.549452380952381
2022-05-01,2022,5,Corn,soft,bushel,USD,7.789659090909091
2022-05-01,2022,5,Palm Oil,soft,tonne,USD,1701.4248818181818
2022-05-01,2022,5,Soybeans,soft,bushel,USD,16.333004545454546
2022-05-01,2022,5,Sugar,soft,lb,USD,0.2051
2022-05-01,2022,5,Thermal Coal Newcastle,energy,tonne,USD,372.11053636363636
2022-05-01,2022,5,Wheat,soft,bushel,USD,11.940790909090909
2022-06-01,2022,6,Corn,soft,bushel,USD,7.972886363636364
2022-06-01,2022,6,Palm Oil,soft,tonne,USD,1559.7801227272728
2022-06-01,2022,6,Soybeans,soft,bushel,USD,15.501895454545455
2022-06-01,2022,6,Sugar,soft,lb,USD,0.20621818181818183
2022-06-01,2022,6,Thermal Coal Newcastle,energy,tonne,USD,393.46421363636364
2022-06-01,2022,6,Wheat,soft,bushel,USD,11.209627272727273
2022-07-01,2022,7,Corn,soft,bushel,USD,7.786538095238096
2022-07-01,2022,7,Palm Oil,soft,tonne,USD,1500.7320714285715
2022-07-01,2022,7,Soybeans,soft,bushel,USD,16.723561904761905
2022-07-01,2022,7,Sugar,soft,lb,USD,0.21555714285714286
2022-07-01,2022,7,Thermal Coal Newcastle,energy,tonne,USD,435.8186238095238
2022-07-01,2022,7,Wheat,soft,bushel,USD,11.187452380952381
2022-08-01,2022,8,Corn,soft,bushel,USD,8.156391304347826
2022-08-01,2022,8,Palm Oil,soft,tonne,USD,1422.4998869565218
2022-08-01,2022,8,Soybeans,soft,bushel,USD,16.0761
2022-08-01,2022,8,Sugar,soft,lb,USD,0.2093826086956522
2022-08-01,2022,8,Thermal Coal Newcastle,energy,tonne,USD,443.5650782608696
2022-08-01,2022,8,Wheat,soft,bushel,USD,11.634908695652173
2022-09-01,2022,9,Corn,soft,bushel,USD,7.7286363636363635
2022-09-01,2022,9,Palm Oil,soft,tonne,USD,1316.94045
2022-09-01,2022,9,Soybeans,soft,bushel,USD,15.618409090909092
2022-09-01,2022,9,Sugar,soft,lb,USD,0.22209545454545454
2022-09-01,2022,9,Thermal Coal Newcastle,energy,tonne,USD,451.3589681818182
2022-09-01,2022,9,Wheat,soft,bushel,USD,11.307995454545456
2022-10-01,2022,10,Corn,soft,bushel,USD,7.4282047619047615
2022-10-01,2022,10,Palm Oil,soft,tonne,USD,1177.5405238095238
2022-10-01,2022,10,Soybeans,soft,bushel,USD,17.19260476190476
2022-10-01,2022,10,Sugar,soft,lb,USD,0.22150000000000003
2022-10-01,2022,10,Thermal Coal Newcastle,energy,tonne,USD,437.3611857142857
2022-10-01,2022,10,Wheat,soft,bushel,USD,10.224342857142856
2022-11-01,2022,11,Corn,soft,bushel,USD,6.957722727272727
2022-11-01,2022,11,Palm Oil,soft,tonne,USD,1076.3361454545454
2022-11-01,2022,11,Soybeans,soft,bushel,USD,15.898618181818183
2022-11-01,2022,11,Sugar,soft,lb,USD,0.22538636363636363
2022-11-01,2022,11,Thermal Coal Newcastle,energy,tonne,USD,395.4648909090909
2022-11-01,2022,11,Wheat,soft,bushel,USD,9.76280909090909
2022-12-01,2022,12,Corn,soft,bushel,USD,7.024886363636364
2022-12-01,2022,12,Palm Oil,soft,tonne,USD,988.4463954545455
2022-12-01,2022,12,Soybeans,soft,bushel,USD,15.434727272727274
2022-12-01,2022,12,Sugar,soft,lb,USD,0.23849090909090911
2022-12-01,2022,12,Thermal Coal Newcastle,energy,tonne,USD,350.0935181818182
2022-12-01,2022,12,Wheat,soft,bushel,USD,9.049413636363637
2023-01-01,2023,1,Corn,soft,bushel,USD,6.591490909090909
2023-01-01,2023,1,Palm Oil,soft,tonne,USD,908.6934909090909
2023-01-01,2023,1,Soybeans,soft,bushel,USD,15.452095454545455
2023-01-01,2023,1,Sugar,soft,lb,USD,0.23411363636363636
2023-01-01,2023,1,Thermal Coal Newcastle,energy,tonne,USD,291.0313318181818
2023-01-01,2023,1,Wheat,soft,bushel,USD,8.184377272727273
2023-02-01,2023,2,Corn,soft,bushel,USD,6.471935
2023-02-01,2023,2,Palm Oil,soft,tonne,USD,969.8914199999999
2023-02-01,2023,2,Soybeans,soft,bushel,USD,15.029755
2023-02-01,2023,2,Sugar,soft,lb,USD,0.24078
2023-02-01,2023,2,Thermal Coal Newcastle,energy,tonne,USD,253.91048999999998
2023-02-01,2023,2,Wheat,soft,bushel,USD,8.30869
2023-03-01,2023,3,Corn,soft,bushel,USD,6.254121739130435
2023-03-01,2023,3,Palm Oil,soft,tonne,USD,946.7361217391303
2023-03-01,2023,3,Soybeans,soft,bushel,USD,15.221965217391306
2023-03-01,2023,3,Sugar,soft,lb,USD,0.24578260869565216
2023-03-01,2023,3,Thermal Coal Newcastle,energy,tonne,USD,237.02191739130436
2023-03-01,2023,3,Wheat,soft,bushel,USD,7.24805652173913
2023-04-01,2023,4,Corn,soft,bushel,USD,6.29403
2023-04-01,2023,4,Palm Oil,soft,tonne,USD,947.964955
2023-04-01,2023,4,Soybeans,soft,bushel,USD,14.915244999999999
2023-04-01,2023,4,Sugar,soft,lb,USD,0.25327500000000003
2023-04-01,2023,4,Thermal Coal Newcastle,energy,tonne,USD,199.69414999999998
2023-04-01,2023,4,Wheat,soft,bushel,USD,6.496505000000001
2023-05-01,2023,5,Corn,soft,bushel,USD,6.535195652173914
2023-05-01,2023,5,Palm Oil,soft,tonne,USD,918.7963695652174
2023-05-01,2023,5,Soybeans,soft,bushel,USD,14.235695652173913
2023-05-01,2023,5,Sugar,soft,lb,USD,0.2459521739130435
2023-05-01,2023,5,Thermal Coal Newcastle,energy,tonne,USD,194.31910434782608
2023-05-01,2023,5,Wheat,soft,bushel,USD,6.842947826086957
2023-06-01,2023,6,Corn,soft,bushel,USD,6.069954545454545
2023-06-01,2023,6,Palm Oil,soft,tonne,USD,1013.4336181818181
2023-06-01,2023,6,Soybeans,soft,bushel,USD,15.093459090909091
2023-06-01,2023,6,Sugar,soft,lb,USD,0.26538181818181816
2023-06-01,2023,6,Thermal Coal Newcastle,energy,tonne,USD,187.31689090909092
2023-06-01,2023,6,Wheat,soft,bushel,USD,6.639013636363637
2023-07-01,2023,7,Corn,soft,bushel,USD,6.001071428571429
2023-07-01,2023,7,Palm Oil,soft,tonne,USD,994.9505714285714
2023-07-01,2023,7,Soybeans,soft,bushel,USD,14.420909523809522
2023-07-01,2023,7,Sugar,soft,lb,USD,0.2606904761904762
2023-07-01,2023,7,Thermal Coal Newcastle,energy,tonne,USD,179.74571904761905
2023-07-01,2023,7,Wheat,soft,bushel,USD,6.3364
2023-08-01,2023,8,Corn,soft,bushel,USD,5.833686956521739
2023-08-01,2023,8,Palm Oil,soft,tonne,USD,945.9916086956522
2023-08-01,2023,8,Soybeans,soft,bushel,USD,13.258821739130434
2023-08-01,2023,8,Sugar,soft,lb,USD,0.28752173913043483
2023-08-01,2023,8,Thermal Coal Newcastle,energy,tonne,USD,173.5459304347826
2023-08-01,2023,8,Wheat,soft,bushel,USD,6.181465217391304
2023-09-01,2023,9,Corn,soft,bushel,USD,5.662190476190476
2023-09-01,2023,9,Palm Oil,soft,tonne,USD,985.3474428571429
2023-09-01,2023,9,Soybeans,soft,bushel,USD,13.231676190476191
2023-09-01,2023,9,Sugar,soft,lb,USD,0.29381904761904765
2023-09-01,2023,9,Thermal Coal Newcastle,energy,tonne,USD,158.9006761904762
2023-09-01,2023,9,Wheat,soft,bushel,USD,6.012838095238095
2023-10-01,2023,10,Corn,soft,bushel,USD,5.619268181818182
2023-10-01,2023,10,Palm Oil,soft,tonne,USD,963.5085954545455
2023-10-01,2023,10,Soybeans,soft,bushel,USD,13.558145454545455
2023-10-01,2023,10,Sugar,soft,lb,USD,0.28502272727272726
2023-10-01,2023,10,Thermal Coal Newcastle,energy,tonne,USD,168.17639545454546
2023-10-01,2023,10,Wheat,soft,bushel,USD,6.220968181818182
2023-11-01,2023,11,Corn,soft,bushel,USD,5.683681818181818
2023-11-01,2023,11,Palm Oil,soft,tonne,USD,1016.6174409090909
2023-11-01,2023,11,Soybeans,soft,bushel,USD,12.981618181818181
2023-11-01,2023,11,Sugar,soft,lb,USD,0.2888227272727273
2023-11-01,2023,11,Thermal Coal Newcastle,energy,tonne,USD,166.07702727272726
2023-11-01,2023,11,Wheat,soft,bushel,USD,6.73325909090909
2023-12-01,2023,12,Corn,soft,bushel,USD,5.032252380952381
2023-12-01,2023,12,Palm Oil,soft,tonne,USD,1050.6078285714286
2023-12-01,2023,12,Soybeans,soft,bushel,USD,12.96185238095238
2023-12-01,2023,12,Sugar,soft,lb,USD,0.2584095238095238
2023-12-01,2023,12,Thermal Coal Newcastle,energy,tonne,USD,159.57761428571428
2023-12-01,2023,12,Wheat,soft,bushel,USD,6.295476190476191
2024-01-01,2024,1,Corn,soft,bushel,USD,4.7853391304347825
2024-01-01,2024,1,Palm Oil,soft,tonne,USD,961.9441086956521
2024-01-01,2024,1,Soybeans,soft,bushel,USD,12.21783043478261
2024-01-01,2024,1,Sugar,soft,lb,USD,0.24550434782608696
2024-01-01,2024,1,Thermal Coal Newcastle,energy,tonne,USD,146.5482608695652
2024-01-01,2024,1,Wheat,soft,bushel,USD,5.892078260869565
2024-02-01,2024,2,Corn,soft,bushel,USD,4.602433333333333
2024-02-01,2024,2,Palm Oil,soft,tonne,USD,932.6891380952381
2024-02-01,2024,2,Soybeans,soft,bushel,USD,12.436866666666665
2024-02-01,2024,2,Sugar,soft,lb,USD,0.2356095238095238
2024-02-01,2024,2,Thermal Coal Newcastle,energy,tonne,USD,145.65782380952382
2024-02-01,2024,2,Wheat,soft,bushel,USD,5.907442857142857
2024-03-01,2024,3,Corn,soft,bushel,USD,4.380395238095238
2024-03-01,2024,3,Palm Oil,soft,tonne,USD,939.8559476190477
2024-03-01,2024,3,Soybeans,soft,bushel,USD,12.074190476190475
2024-03-01,2024,3,Sugar,soft,lb,USD,0.20539999999999997
2024-03-01,2024,3,Thermal Coal Newcastle,energy,tonne,USD,152.18647142857142
2024-03-01,2024,3,Wheat,soft,bushel,USD,5.815442857142857
2024-04-01,2024,4,Corn,soft,bushel,USD,4.175922727272727
2024-04-01,2024,4,Palm Oil,soft,tonne,USD,982.3796181818183
2024-04-01,2024,4,Soybeans,soft,bushel,USD,11.563486363636365
2024-04-01,2024,4,Sugar,soft,lb,USD,0.21122272727272726
2024-04-01,2024,4,Thermal Coal Newcastle,energy,tonne,USD,152.4332590909091
2024-04-01,2024,4,Wheat,soft,bushel,USD,5.7370363636363635
2024-05-01,2024,5,Corn,soft,bushel,USD,4.239356521739131
2024-05-01,2024,5,Palm Oil,soft,tonne,USD,998.9531826086957
2024-05-01,2024,5,Soybeans,soft,bushel,USD,11.166213043478262
2024-05-01,2024,5,Sugar,soft,lb,USD,0.21451739130434785
2024-05-01,2024,5,Thermal Coal Newcastle,energy,tonne,USD,141.93229130434784
2024-05-01,2024,5,Wheat,soft,bushel,USD,5.717513043478261
2024-06-01,2024,6,Corn,soft,bushel,USD,4.067220000000001
2024-06-01,2024,6,Palm Oil,soft,tonne,USD,1016.153235
2024-06-01,2024,6,Soybeans,soft,bushel,USD,11.18049
2024-06-01,2024,6,Sugar,soft,lb,USD,0.20478000000000002
2024-06-01,2024,6,Thermal Coal Newcastle,energy,tonne,USD,146.519115
2024-06-01,2024,6,Wheat,soft,bushel,USD,5.53199
2024-07-01,2024,7,Corn,soft,bushel,USD,4.510639130434782
2024-07-01,2024,7,Palm Oil,soft,tonne,USD,1010.6811130434783
2024-07-01,2024,7,Soybeans,soft,bushel,USD,11.052065217391304
2024-07-01,2024,7,Sugar,soft,lb,USD,0.21035217391304348
2024-07-01,2024,7,Thermal Coal Newcastle,energy,tonne,USD,133.01445217391304
2024-07-01,2024,7,Wheat,soft,bushel,USD,5.504378260869565
2024-08-01,2024,8,Corn,soft,bushel,USD,4.544918181818182
2024-08-01,2024,8,Palm Oil,soft,tonne,USD,1091.577009090909
2024-08-01,2024,8,Soybeans,soft,bushel,USD,10.276404545454545
2024-08-01,2024,8,Sugar,soft,lb,USD,0.2035590909090909
2024-08-01,2024,8,Thermal Coal Newcastle,energy,tonne,USD,131.62065454545453
2024-08-01,2024,8,Wheat,soft,bushel,USD,5.6735999999999995
2024-09-01,2024,9,Corn,soft,bushel,USD,4.434795238095238
2024-09-01,2024,9,Palm Oil,soft,tonne,USD,1068.6006904761905
2024-09-01,2024,9,Soybeans,soft,bushel,USD,9.852528571428572
2024-09-01,2024,9,Sugar,soft,lb,USD,0.2026047619047619
2024-09-01,2024,9,Thermal Coal Newcastle,energy,tonne,USD,130.6888238095238
2024-09-01,2024,9,Wheat,soft,bushel,USD,5.7861
2024-10-01,2024,10,Corn,soft,bushel,USD,4.631565217391304
2024-10-01,2024,10,Palm Oil,soft,tonne,USD,1133.2982869565217
2024-10-01,2024,10,Soybeans,soft,bushel,USD,9.785095652173913
2024-10-01,2024,10,Sugar,soft,lb,USD,0.18695652173913044
2024-10-01,2024,10,Thermal Coal Newcastle,energy,tonne,USD,127.65385217391304
2024-10-01,2024,10,Wheat,soft,bushel,USD,5.5940260869565215
2024-11-01,2024,11,Corn,soft,bushel,USD,4.5445142857142855
2024-11-01,2024,11,Palm Oil,soft,tonne,USD,1096.6442857142856
2024-11-01,2024,11,Soybeans,soft,bushel,USD,10.198766666666668
2024-11-01,2024,11,Sugar,soft,lb,USD,0.1884095238095238
2024-11-01,2024,11,Thermal Coal Newcastle,energy,tonne,USD,126.70811428571427
2024-11-01,2024,11,Wheat,soft,bushel,USD,5.818761904761905
2024-12-01,2024,12,Corn,soft,bushel,USD,4.512272727272727
2024-12-01,2024,12,Palm Oil,soft,tonne,USD,1096.8800772727272
2024-12-01,2024,12,Soybeans,soft,bushel,USD,10.049154545454545
2024-12-01,2024,12,Sugar,soft,lb,USD,0.19676818181818181
2024-12-01,2024,12,Thermal Coal Newcastle,energy,tonne,USD,121.74204090909092
2024-12-01,2024,12,Wheat,soft,bushel,USD,5.780640909090909
2025-01-01,2025,1,Corn,soft,bushel,USD,4.258969565217392
2025-01-01,2025,1,Palm Oil,soft,tonne,USD,1164.7840217391306
2025-01-01,2025,1,Soybeans,soft,bushel,USD,10.168973913043478
2025-01-01,2025,1,Sugar,soft,lb,USD,0.19302173913043477
2025-01-01,2025,1,Thermal Coal Newcastle,energy,tonne,USD,118.61633478260869
2025-01-01,2025,1,Wheat,soft,bushel,USD,5.553704347826087
2025-02-01,2025,2,Corn,soft,bushel,USD,4.8158
2025-02-01,2025,2,Palm Oil,soft,tonne,USD,1065.86717
2025-02-01,2025,2,Soybeans,soft,bushel,USD,10.07202
2025-02-01,2025,2,Sugar,soft,lb,USD,0.18786
2025-02-01,2025,2,Thermal Coal Newcastle,energy,tonne,USD,121.99659
2025-02-01,2025,2,Wheat,soft,bushel,USD,5.542009999999999
2025-03-01,2025,3,Corn,soft,bushel,USD,4.9469619047619044
2025-03-01,2025,3,Palm Oil,soft,tonne,USD,1054.8703714285714
2025-03-01,2025,3,Soybeans,soft,bushel,USD,9.478966666666667
2025-03-01,2025,3,Sugar,soft,lb,USD,0.17638095238095236
2025-03-01,2025,3,Thermal Coal Newcastle,energy,tonne,USD,116.7912238095238
2025-03-01,2025,3,Wheat,soft,bushel,USD,5.151128571428571
2025-04-01,2025,4,Corn,soft,bushel,USD,4.798063636363636
2025-04-01,2025,4,Palm Oil,soft,tonne,USD,1040.7697545454546
2025-04-01,2025,4,Soybeans,soft,bushel,USD,10.427936363636364
2025-04-01,2025,4,Sugar,soft,lb,USD,0.16966363636363638
2025-04-01,2025,4,Thermal Coal Newcastle,energy,tonne,USD,107.68300454545455
2025-04-01,2025,4,Wheat,soft,bushel,USD,5.641677272727272
2025-05-01,2025,5,Corn,soft,bushel,USD,4.789154545454545
2025-05-01,2025,5,Palm Oil,soft,tonne,USD,993.9090363636365
2025-05-01,2025,5,Soybeans,soft,bushel,USD,10.057781818181818
2025-05-01,2025,5,Sugar,soft,lb,USD,0.17596363636363635
2025-05-01,2025,5,Thermal Coal Newcastle,energy,tonne,USD,93.73335909090908
2025-05-01,2025,5,Wheat,soft,bushel,USD,5.301172727272728
2025-06-01,2025,6,Corn,soft,bushel,USD,4.6105
2025-06-01,2025,6,Palm Oil,soft,tonne,USD,1021.4442190476191
2025-06-01,2025,6,Soybeans,soft,bushel,USD,9.565985714285715
2025-06-01,2025,6,Sugar,soft,lb,USD,0.18246666666666667
2025-06-01,2025,6,Thermal Coal Newcastle,energy,tonne,USD,99.31803333333333
2025-06-01,2025,6,Wheat,soft,bushel,USD,5.489114285714286
2025-07-01,2025,7,Corn,soft,bushel,USD,4.72454347826087
2025-07-01,2025,7,Palm Oil,soft,tonne,USD,967.0228217391304
2025-07-01,2025,7,Soybeans,soft,bushel,USD,10.360834782608695
2025-07-01,2025,7,Sugar,soft,lb,USD,0.18411304347826088
2025-07-01,2025,7,Thermal Coal Newcastle,energy,tonne,USD,97.20402173913044
2025-07-01,2025,7,Wheat,soft,bushel,USD,5.237
2025-08-01,2025,8,Corn,soft,bushel,USD,4.563919047619048
2025-08-01,2025,8,Palm Oil,soft,tonne,USD,907.6066190476191
2025-08-01,2025,8,Soybeans,soft,bushel,USD,9.934842857142858
2025-08-01,2025,8,Sugar,soft,lb,USD,0.17798571428571427
2025-08-01,2025,8,Thermal Coal Newcastle,energy,tonne,USD,99.98469047619048
2025-08-01,2025,8,Wheat,soft,bushel,USD,5.430890476190476
2025-09-01,2025,9,Corn,soft,bushel,USD,4.770163636363637
2025-09-01,2025,9,Palm Oil,soft,tonne,USD,915.5615045454546
2025-09-01,2025,9,Soybeans,soft,bushel,USD,10.068518181818181
2025-09-01,2025,9,Sugar,soft,lb,USD,0.18795909090909088
2025-09-01,2025,9,Thermal Coal Newcastle,energy,tonne,USD,112.36780909090909
2025-09-01,2025,9,Wheat,soft,bushel,USD,5.224886363636364
2025-10-01,2025,10,Corn,soft,bushel,USD,4.740473913043479
2025-10-01,2025,10,Palm Oil,soft,tonne,USD,957.8732782608696
2025-10-01,2025,10,Soybeans,soft,bushel,USD,10.391117391304348
2025-10-01,2025,10,Sugar,soft,lb,USD,0.18376956521739132
2025-10-01,2025,10,Thermal Coal Newcastle,energy,tonne,USD,105.1995304347826
2025-10-01,2025,10,Wheat,soft,bushel,USD,5.557430434782608
2025-11-01,2025,11,Corn,soft,bushel,USD,4.44326
2025-11-01,2025,11,Palm Oil,soft,tonne,USD,986.2246150000001
2025-11-01,2025,11,Soybeans,soft,bushel,USD,10.24272
2025-11-01,2025,11,Sugar,soft,lb,USD,0.189115
2025-11-01,2025,11,Thermal Coal Newcastle,energy,tonne,USD,110.827115
2025-11-01,2025,11,Wheat,soft,bushel,USD,5.606805
2025-12-01,2025,12,Corn,soft,bushel,USD,4.659308695652174
2025-12-01,2025,12,Palm Oil,soft,tonne,USD,934.4824086956522
2025-12-01,2025,12,Soybeans,soft,bushel,USD,10.512873913043478
2025-12-01,2025,12,Sugar,soft,lb,USD,0.1877304347826087
2025-12-01,2025,12,Thermal Coal Newcastle,energy,tonne,USD,112.7317652173913
2025-12-01,2025,12,Wheat,soft,bushel,USD,5.617247826086956
2026-01-01,2026,1,Corn,soft,bushel,USD,4.929081818181818
2026-01-01,2026,1,Palm Oil,soft,tonne,USD,918.1203681818181
2026-01-01,2026,1,Soybeans,soft,bushel,USD,10.410172727272727
2026-01-01,2026,1,Sugar,soft,lb,USD,0.1985318181818182
2026-01-01,2026,1,Thermal Coal Newcastle,energy,tonne,USD,108.37776363636364
2026-01-01,2026,1,Wheat,soft,bushel,USD,5.490245454545455
2026-02-01,2026,2,Corn,soft,bushel,USD,4.62626
2026-02-01,2026,2,Palm Oil,soft,tonne,USD,970.4281950000001
2026-02-01,2026,2,Soybeans,soft,bushel,USD,10.680155000000001
2026-02-01,2026,2,Sugar,soft,lb,USD,0.18984
2026-02-01,2026,2,Thermal Coal Newcastle,energy,tonne,USD,101.18366
2026-02-01,2026,2,Wheat,soft,bushel,USD,5.389865
2026-03-01,2026,3,Corn,soft,bushel,USD,4.264518181818182
2026-03-01,2026,3,Palm Oil,soft,tonne,USD,986.8054681818182
2026-03-01,2026,3,Soybeans,soft,bushel,USD,10.481027272727273
2026-03-01,2026,3,Sugar,soft,lb,USD,0.1938318181818182
2026-03-01,2026,3,Thermal Coal Newcastle,energy,tonne,USD,115.74456363636364
2026-03-01,2026,3,Wheat,soft,bushel,USD,5.455945454545454
2026-04-01,2026,4,Corn,soft,bushel,USD,4.519309090909091
2026-04-01,2026,4,Palm Oil,soft,tonne,USD,932.1561272727272
2026-04-01,2026,4,Soybeans,soft,bushel,USD,11.019622727272727
2026-04-01,2026,4,Sugar,soft,lb,USD,0.18947272727272726
2026-04-01,2026,4,Thermal Coal Newcastle,energy,tonne,USD,123.56223181818181
2026-04-01,2026,4,Wheat,soft,bushel,USD,5.786831818181818
