date,actual_freight,predicted_freight,absolute_error
2024-01-01,12058,13243.16,1185.16015625
2024-02-01,3000,12100.929,9100.9287109375
2024-03-01,12454,12879.672,425.671875
2024-04-01,14640,14237.645,402.35546875
2024-05-01,12409,12789.23,380.23046875
2024-06-01,14332,12833.359,1498.640625
2024-07-01,13091,11191.146,1899.853515625
2024-08-01,11215,12001.768,786.767578125
2024-09-01,11862,9193.514,2668.486328125
2024-10-01,12633,11088.411,1544.5888671875
2024-11-01,12780,9693.375,3086.625
2024-12-01,8781,11215.496,2434.49609375
