date,year,month,baltic_dry_index,bulk_carrier_handysize_usd_day,tanker_rate_aframax_usd_day,supply_chain_pressure_index,on_time_delivery_pct,bdi_mom_change_pct,container_yoy_pct
2000-01-01,2000,1,1239,4195,32524,0.5,0.93,,
2000-02-01,2000,2,1210,15111,32035,0.7,0.946,-2.34,
2000-03-01,2000,3,1286,15513,17328,0.69,0.923,6.28,
2000-04-01,2000,4,1216,10591,21573,0.85,0.926,-5.44,
2000-05-01,2000,5,1316,9951,21748,0.62,0.934,8.22,
2000-06-01,2000,6,1391,14602,18404,0.86,0.935,5.7,
2000-07-01,2000,7,1265,15485,26749,0.77,0.936,-9.06,
2000-08-01,2000,8,1339,10721,13342,0.65,0.909,5.85,
2000-09-01,2000,9,1328,5268,32746,0.69,0.921,-0.82,
2000-10-01,2000,10,1416,10150,22210,0.95,0.917,6.63,
2000-11-01,2000,11,1281,12569,28977,0.81,0.918,-9.53,
2000-12-01,2000,12,1413,9352,28654,0.68,0.913,10.3,
2001-01-01,2001,1,1319,13922,25099,0.82,0.934,-6.65,19.63
2001-02-01,2001,2,1425,6211,11501,0.5,0.904,8.04,-1.66
2001-03-01,2001,3,1485,10574,35393,0.86,0.907,4.21,2.41
2001-04-01,2001,4,1449,5090,31722,0.8,0.931,-2.42,-17.07
2001-05-01,2001,5,1431,12930,20764,0.71,0.96,-1.24,-14.74
2001-06-01,2001,6,1479,17436,26759,0.89,0.933,3.35,-6.11
2001-07-01,2001,7,1656,10440,17587,0.5,0.939,11.97,-10.7
2001-08-01,2001,8,1513,15352,27508,1.09,0.98,-8.64,-13.76
2001-09-01,2001,9,1589,8748,27141,0.61,0.914,5.02,-19.72
2001-10-01,2001,10,1553,7857,23730,0.5,0.908,-2.27,6.06
2001-11-01,2001,11,1578,10002,32861,0.59,0.895,1.61,36.97
2001-12-01,2001,12,1532,8388,31707,1.01,0.921,-2.92,19.29
2002-01-01,2002,1,1602,10180,28568,0.51,0.897,4.57,-2.56
2002-02-01,2002,2,1650,13143,24050,1.1,0.92,3.0,25.28
2002-03-01,2002,3,1610,12732,37286,0.58,0.89,-2.42,25.88
2002-04-01,2002,4,1840,17845,21934,0.64,0.897,14.29,34.12
2002-05-01,2002,5,1750,13350,23692,1.06,0.925,-4.89,14.2
2002-06-01,2002,6,1767,7124,18254,0.56,0.922,0.97,-7.1
2002-07-01,2002,7,1814,10689,21126,0.96,0.937,2.66,1.2
2002-08-01,2002,8,1878,12969,23209,0.82,0.9,3.53,16.56
2002-09-01,2002,9,1760,8587,40014,0.81,0.891,-6.28,15.79
2002-10-01,2002,10,1705,9383,19167,0.5,0.917,-3.12,-4.76
2002-11-01,2002,11,1673,4969,24245,0.5,0.966,-1.88,-18.14
2002-12-01,2002,12,1111,7313,48240,0.66,0.932,-33.59,-25.53
2003-01-01,2003,1,1461,13739,31218,0.66,0.922,31.5,-6.84
2003-02-01,2003,2,1320,9778,26857,0.83,0.942,-9.65,-14.35
2003-03-01,2003,3,1565,9113,25000,0.86,0.917,18.56,-5.14
2003-04-01,2003,4,1890,7550,18895,1.12,0.919,20.77,0.88
2003-05-01,2003,5,1835,7558,28635,0.69,0.932,-2.91,-10.27
2003-06-01,2003,6,1906,12610,22984,1.1,0.87,3.87,22.29
2003-07-01,2003,7,1988,4973,22024,0.91,0.954,4.3,18.93
2003-08-01,2003,8,1946,7788,24509,0.78,0.943,-2.11,13.68
2003-09-01,2003,9,2330,18975,28512,1.05,0.929,19.73,19.19
2003-10-01,2003,10,2325,7286,32916,1.02,0.916,-0.21,0.0
2003-11-01,2003,11,2664,5711,30846,0.97,0.894,14.58,16.22
2003-12-01,2003,12,2520,7945,19408,0.97,0.889,-5.41,33.14
2004-01-01,2004,1,2609,3000,29870,1.01,0.92,3.53,16.95
2004-02-01,2004,2,2905,14363,20271,0.64,0.942,11.35,23.56
2004-03-01,2004,3,3016,16273,31510,1.02,0.921,3.82,7.88
2004-04-01,2004,4,3117,13533,23779,1.14,0.902,3.35,-19.57
2004-05-01,2004,5,3160,12809,18421,1.18,0.913,1.38,40.96
2004-06-01,2004,6,3574,21310,29432,1.03,0.876,13.1,15.1
2004-07-01,2004,7,3762,5590,35476,0.78,0.889,5.26,-3.48
2004-08-01,2004,8,3369,6348,27210,0.56,0.919,-10.45,-1.85
2004-09-01,2004,9,3548,15040,26105,1.1,0.928,5.31,-9.75
2004-10-01,2004,10,3611,10425,31564,1.13,0.915,1.78,0.5
2004-11-01,2004,11,3856,6071,14628,0.58,0.902,6.78,3.26
2004-12-01,2004,12,4184,17310,33713,1.08,0.947,8.51,-14.59
2005-01-01,2005,1,4139,8447,13155,0.98,0.938,-1.08,-8.7
2005-02-01,2005,2,4694,13898,16675,1.09,0.888,13.41,-24.15
2005-03-01,2005,3,4599,9382,16441,1.2,0.917,-2.02,-11.42
2005-04-01,2005,4,4556,6092,22257,1.4,0.911,-0.93,15.68
2005-05-01,2005,5,4900,19804,27790,1.6,0.918,7.55,-8.12
2005-06-01,2005,6,4745,11896,27664,1.25,0.897,-3.16,4.52
2005-07-01,2005,7,4379,10827,21330,1.42,0.948,-7.71,-12.89
2005-08-01,2005,8,4657,12741,22725,1.28,0.91,6.35,1.89
2005-09-01,2005,9,5383,12892,45781,1.49,0.925,15.59,-12.68
2005-10-01,2005,10,5350,13721,18764,1.06,0.932,-0.61,3.48
2005-11-01,2005,11,5639,10765,28631,1.46,0.88,5.4,-2.25
2005-12-01,2005,12,5292,15580,35910,0.99,0.896,-6.15,-13.57
2006-01-01,2006,1,4618,9761,28479,1.29,0.889,-12.74,5.29
2006-02-01,2006,2,5534,13378,31326,1.39,0.904,19.84,18.99
2006-03-01,2006,3,6068,17343,17898,1.32,0.938,9.65,28.35
2006-04-01,2006,4,5713,18258,27065,1.27,0.892,-5.85,14.49
2006-05-01,2006,5,5824,9844,30099,1.51,0.868,1.94,3.26
2006-06-01,2006,6,5819,11283,26981,1.17,0.921,-0.09,-22.08
2006-07-01,2006,7,6293,13540,30301,1.44,0.927,8.15,13.61
2006-08-01,2006,8,7156,7870,18971,1.19,0.9,13.71,-2.31
2006-09-01,2006,9,6423,15600,18875,1.53,0.913,-10.24,18.82
2006-10-01,2006,10,6314,11728,13414,1.43,0.897,-1.7,8.65
2006-11-01,2006,11,6760,10989,34983,1.46,0.875,7.06,-14.29
2006-12-01,2006,12,6344,19989,30715,1.09,0.901,-6.15,21.51
2007-01-01,2007,1,7015,19285,26992,1.14,0.884,10.58,27.14
2007-02-01,2007,2,6857,4900,26933,1.52,0.907,-2.25,-3.76
2007-03-01,2007,3,7718,15051,29329,1.57,0.886,12.56,-18.47
2007-04-01,2007,4,7505,13785,13610,1.3,0.895,-2.76,-20.41
2007-05-01,2007,5,7706,10237,36609,1.52,0.921,2.68,0.0
2007-06-01,2007,6,7226,17450,21706,1.26,0.866,-6.23,26.67
2007-07-01,2007,7,8390,10758,9505,1.63,0.9,16.11,46.35
2007-08-01,2007,8,7234,14796,13044,1.91,0.917,-13.78,9.48
2007-09-01,2007,9,7693,12657,11154,1.45,0.954,6.35,-2.26
2007-10-01,2007,10,7884,13277,29698,1.41,0.912,2.48,14.6
2007-11-01,2007,11,8693,8390,24859,1.51,0.916,10.26,14.52
2007-12-01,2007,12,9930,3000,20818,1.88,0.928,14.23,-10.53
2008-01-01,2008,1,6948,21530,27794,1.5,0.929,-30.03,-23.72
2008-02-01,2008,2,4733,9914,35013,1.15,0.902,-31.88,17.07
2008-03-01,2008,3,3305,13256,21601,1.04,0.928,-30.17,26.6
2008-04-01,2008,4,1815,8145,8000,0.64,0.915,-45.08,4.62
2008-05-01,2008,5,1464,16196,24544,0.61,0.898,-19.34,-2.25
2008-06-01,2008,6,934,14806,24890,0.58,0.916,-36.2,-4.39
2008-07-01,2008,7,588,10596,30485,0.5,0.919,-37.04,-29.89
2008-08-01,2008,8,420,17844,17616,0.67,0.94,-28.57,-22.94
2008-09-01,2008,9,300,14194,25466,0.64,0.926,-28.57,-7.41
2008-10-01,2008,10,300,3010,12041,0.96,0.935,0.0,-6.56
2008-11-01,2008,11,300,19190,32446,0.75,0.915,0.0,-12.68
2008-12-01,2008,12,2370,20195,16879,1.29,0.938,690.0,20.32
2009-01-01,2009,1,2350,16998,28540,1.12,0.926,-0.84,27.46
2009-02-01,2009,2,2563,9775,25668,0.68,0.947,9.06,-2.5
2009-03-01,2009,3,2718,12048,35805,1.09,0.886,6.05,0.78
2009-04-01,2009,4,2492,11681,24590,1.29,0.932,-8.31,11.76
2009-05-01,2009,5,2418,7670,23376,0.93,0.899,-2.97,7.37
2009-06-01,2009,6,2227,11509,10706,1.16,0.933,-7.9,9.63
2009-07-01,2009,7,2535,13378,16330,1.03,0.94,13.83,16.24
2009-08-01,2009,8,2528,12868,22447,0.89,0.903,-0.28,26.4
2009-09-01,2009,9,2386,10392,27491,0.97,0.922,-5.62,9.0
2009-10-01,2009,10,2179,3533,15703,0.58,0.917,-8.68,-9.92
2009-11-01,2009,11,2321,13583,8000,1.29,0.892,6.52,22.04
2009-12-01,2009,12,2248,17709,22389,1.26,0.911,-3.15,-5.33
2010-01-01,2010,1,2560,12524,24253,1.1,0.977,13.88,-6.1
2010-02-01,2010,2,2385,10040,22105,1.14,0.918,-6.84,-8.12
2010-03-01,2010,3,2288,4252,28399,1.09,0.894,-4.07,-10.42
2010-04-01,2010,4,2048,15324,19451,0.65,0.906,-10.49,0.88
2010-05-01,2010,5,2140,14897,16936,0.95,0.876,4.49,-0.86
2010-06-01,2010,6,1956,11888,24172,0.95,0.933,-8.6,-2.93
2010-07-01,2010,7,2043,16979,27311,0.77,0.869,4.45,-9.61
2010-08-01,2010,8,1956,12154,21732,0.81,0.938,-4.26,-4.44
2010-09-01,2010,9,2065,13558,12714,0.93,0.914,5.57,-1.83
2010-10-01,2010,10,2347,6891,23196,1.01,0.894,13.66,0.92
2010-11-01,2010,11,2023,15949,20022,1.19,0.94,-13.8,7.49
2010-12-01,2010,12,2168,8531,22456,0.98,0.895,7.17,26.29
2011-01-01,2011,1,2063,11070,28310,1.03,0.903,-4.84,22.94
2011-02-01,2011,2,2123,14358,27476,0.8,0.905,2.91,23.26
2011-03-01,2011,3,2169,13963,32091,1.23,0.914,2.17,11.21
2011-04-01,2011,4,1990,3000,28063,0.53,0.92,-8.25,6.52
2011-05-01,2011,5,2075,10063,35964,1.33,0.918,4.27,-8.66
2011-06-01,2011,6,2050,11561,16981,1.0,0.877,-1.2,20.26
2011-07-01,2011,7,1953,10868,25276,0.9,0.92,-4.73,6.76
2011-08-01,2011,8,2041,10350,33837,0.59,0.926,4.51,0.47
2011-09-01,2011,9,2005,13497,30884,1.01,0.891,-1.76,-4.21
2011-10-01,2011,10,1972,17917,31964,1.27,0.94,-1.65,5.45
2011-11-01,2011,11,1904,12523,25969,1.13,0.909,-3.45,1.64
2011-12-01,2011,12,1819,13360,25023,1.05,0.906,-4.46,-14.5
2012-01-01,2012,1,1971,9997,36538,0.59,0.889,8.36,-11.97
2012-02-01,2012,2,1756,14478,22305,0.98,0.918,-10.91,-8.68
2012-03-01,2012,3,1896,3279,22084,0.91,0.909,7.97,-0.39
2012-04-01,2012,4,1952,13940,20997,0.89,0.906,2.95,11.02
2012-05-01,2012,5,1927,8180,30419,1.13,0.928,-1.28,8.53
2012-06-01,2012,6,1811,14170,20698,0.68,0.924,-6.02,-19.35
2012-07-01,2012,7,1655,6490,44561,1.2,0.915,-8.61,7.69
2012-08-01,2012,8,1811,17816,23770,0.85,0.933,9.43,13.89
2012-09-01,2012,9,1684,17780,28640,0.87,0.908,-7.01,18.05
2012-10-01,2012,10,1621,12907,17696,1.12,0.968,-3.74,3.02
2012-11-01,2012,11,1657,13730,23790,0.99,0.906,2.22,13.71
2012-12-01,2012,12,1464,10893,30225,0.68,0.918,-11.65,-7.39
2013-01-01,2013,1,1547,18316,34810,0.99,0.929,5.67,0.0
2013-02-01,2013,2,1562,14078,29786,0.75,0.919,0.97,13.64
2013-03-01,2013,3,1314,17949,31721,0.83,0.891,-15.88,-11.67
2013-04-01,2013,4,1380,10554,34069,0.96,0.89,5.02,-8.46
2013-05-01,2013,5,1413,11263,23113,0.82,0.946,2.39,7.86
2013-06-01,2013,6,1342,10947,17846,0.69,0.939,-5.02,7.56
2013-07-01,2013,7,1312,11644,25297,0.94,0.938,-2.24,18.49
2013-08-01,2013,8,1131,14760,25116,0.87,0.912,-13.8,-17.48
2013-09-01,2013,9,1355,13090,32701,0.83,0.919,19.81,14.05
2013-10-01,2013,10,1258,6329,8000,0.68,0.903,-7.16,4.18
2013-11-01,2013,11,1206,21829,18113,1.15,0.909,-4.13,-23.76
2013-12-01,2013,12,1174,8008,24064,0.76,0.883,-2.65,4.69
2014-01-01,2014,1,1122,6718,28339,1.05,0.893,-4.43,1.6
2014-02-01,2014,2,1195,13461,22470,0.96,0.907,6.51,-8.73
2014-03-01,2014,3,1233,19735,31000,1.31,0.88,3.18,22.47
2014-04-01,2014,4,1041,10055,14419,0.99,0.9,-15.57,17.27
2014-05-01,2014,5,1034,21126,17963,0.88,0.931,-0.67,-4.45
2014-06-01,2014,6,1020,6487,8000,0.5,0.865,-1.35,2.48
2014-07-01,2014,7,954,13643,35324,1.07,0.884,-6.47,2.48
2014-08-01,2014,8,1032,14264,29476,0.77,0.883,8.18,33.99
2014-09-01,2014,9,908,12106,18659,0.98,0.921,-12.02,-7.25
2014-10-01,2014,10,1043,9876,38468,1.11,0.904,14.87,16.06
2014-11-01,2014,11,902,15869,12524,1.08,0.902,-13.52,-1.4
2014-12-01,2014,12,916,11845,31195,1.16,0.903,1.55,6.28
2015-01-01,2015,1,929,4720,21422,0.86,0.892,1.42,1.57
2015-02-01,2015,2,884,7118,37295,0.82,0.913,-4.84,8.76
2015-03-01,2015,3,795,5381,37960,0.79,0.933,-10.07,-7.55
2015-04-01,2015,4,702,5200,25483,0.51,0.918,-11.7,-28.08
2015-05-01,2015,5,874,4168,21487,0.5,0.909,24.5,18.22
2015-06-01,2015,6,789,3255,15740,0.78,0.874,-9.73,-11.29
2015-07-01,2015,7,752,3205,8000,1.12,0.849,-4.69,-3.81
2015-08-01,2015,8,686,5446,19599,0.93,0.951,-8.78,-15.44
2015-09-01,2015,9,667,3583,34523,0.7,0.906,-2.77,5.08
2015-10-01,2015,10,592,3000,27343,0.84,0.922,-11.24,-8.3
2015-11-01,2015,11,558,5459,27160,1.18,0.923,-5.74,9.91
2015-12-01,2015,12,728,5484,18616,1.06,0.881,30.47,43.88
2016-01-01,2016,1,681,6265,19141,0.94,0.889,-6.46,27.13
2016-02-01,2016,2,776,5545,40303,0.74,0.904,13.95,-16.12
2016-03-01,2016,3,756,3000,32330,1.01,0.901,-2.58,-0.78
2016-04-01,2016,4,818,6335,34965,0.55,0.93,8.2,11.43
2016-05-01,2016,5,845,5689,27916,0.84,0.921,3.3,-20.07
2016-06-01,2016,6,929,4536,22460,0.51,0.903,9.94,35.0
2016-07-01,2016,7,943,3724,17673,1.14,0.902,1.51,-15.11
2016-08-01,2016,8,925,4508,29821,0.97,0.888,-1.91,-5.22
2016-09-01,2016,9,993,3870,21066,1.01,0.914,7.35,-5.2
2016-10-01,2016,10,988,8367,21649,0.59,0.932,-0.5,-0.38
2016-11-01,2016,11,1058,6353,32963,0.93,0.907,7.09,4.29
2016-12-01,2016,12,988,3341,26450,1.11,0.923,-6.62,-19.06
2017-01-01,2017,1,1066,8527,17568,0.6,0.908,7.89,-12.8
2017-02-01,2017,2,1045,16483,15021,0.67,0.916,-1.97,10.92
2017-03-01,2017,3,989,21303,27320,1.26,0.892,-5.36,20.39
2017-04-01,2017,4,1062,10419,24158,1.19,0.906,7.38,10.26
2017-05-01,2017,5,1291,15851,27858,0.84,0.889,21.56,21.08
2017-06-01,2017,6,1182,6558,14708,0.68,0.866,-8.44,-0.67
2017-07-01,2017,7,1183,11236,8000,0.94,0.942,0.08,27.12
2017-08-01,2017,8,1100,14253,28599,0.97,0.915,-7.02,18.35
2017-09-01,2017,9,1284,13313,14015,0.96,0.898,16.73,-2.75
2017-10-01,2017,10,1248,7584,22171,0.94,0.886,-2.8,-4.17
2017-11-01,2017,11,1331,17300,20003,0.94,0.908,6.65,-1.23
2017-12-01,2017,12,1339,12529,40980,0.87,0.927,0.6,-20.65
2018-01-01,2018,1,1398,9140,26682,1.09,0.909,4.41,-22.73
2018-02-01,2018,2,1202,11246,23126,0.72,0.934,-14.02,-5.91
2018-03-01,2018,3,1478,14221,29938,0.96,0.926,22.96,-13.03
2018-04-01,2018,4,1305,5250,30993,0.83,0.924,-11.71,28.68
2018-05-01,2018,5,1403,17455,24160,0.95,0.865,7.51,9.63
2018-06-01,2018,6,1382,9102,12463,0.87,0.895,-1.5,-2.37
2018-07-01,2018,7,1358,15236,31172,0.87,0.901,-1.74,-14.67
2018-08-01,2018,8,1513,9460,17478,0.67,0.913,11.41,-2.33
2018-09-01,2018,9,1593,13366,23240,0.91,0.884,5.29,-5.65
2018-10-01,2018,10,1437,13382,8000,1.23,0.902,-9.79,8.7
2018-11-01,2018,11,1628,3000,12032,1.14,0.889,13.29,6.67
2018-12-01,2018,12,1557,9081,23609,0.96,0.921,-4.36,9.13
2019-01-01,2019,1,1657,11780,16459,1.27,0.929,6.42,27.6
2019-02-01,2019,2,1515,12781,29064,0.96,0.899,-8.57,11.72
2019-03-01,2019,3,1704,9287,25628,1.09,0.964,12.48,0.75
2019-04-01,2019,4,1528,12186,29619,1.13,0.926,-10.33,-13.86
2019-05-01,2019,5,1745,13500,37723,1.21,0.874,14.2,4.73
2019-06-01,2019,6,1665,16338,27264,0.65,0.923,-4.58,-2.08
2019-07-01,2019,7,1776,3000,29024,1.09,0.876,6.67,6.25
2019-08-01,2019,8,1806,9223,23570,0.94,0.93,1.69,9.13
2019-09-01,2019,9,1885,13553,12462,0.65,0.921,4.37,14.53
2019-10-01,2019,10,1864,19193,24178,1.36,0.875,-1.11,28.73
2019-11-01,2019,11,1900,11642,19410,0.72,0.907,1.93,9.38
2019-12-01,2019,12,1233,13458,32908,0.77,0.906,-35.11,2.09
2020-01-01,2020,1,1325,9441,34827,1.13,0.897,7.46,-6.74
2020-02-01,2020,2,1725,5709,20721,0.95,0.884,30.19,23.22
2020-03-01,2020,3,1809,5049,43996,1.35,0.859,4.87,45.35
2020-04-01,2020,4,2136,19611,26894,1.27,0.881,18.08,47.9
2020-05-01,2020,5,2605,14563,8000,1.52,0.85,21.96,45.48
2020-06-01,2020,6,2721,6646,29850,1.82,0.838,4.45,67.38
2020-07-01,2020,7,2835,8237,25780,1.92,0.83,4.19,141.54
2020-08-01,2020,8,3207,6232,23284,1.8,0.863,13.12,110.18
2020-09-01,2020,9,3178,10445,25890,2.24,0.847,-0.9,128.73
2020-10-01,2020,10,3420,13255,20384,2.06,0.835,7.61,101.41
2020-11-01,2020,11,3771,16396,20474,2.27,0.861,10.26,137.86
2020-12-01,2020,12,4812,8889,15590,2.21,0.804,27.61,177.46
2021-01-01,2021,1,3826,8328,31737,2.87,0.797,-20.49,193.54
2021-02-01,2021,2,3967,13187,33956,2.1,0.821,3.69,117.93
2021-03-01,2021,3,3576,3000,25763,2.51,0.777,-9.86,151.66
2021-04-01,2021,4,3979,16062,27412,2.29,0.762,11.27,133.33
2021-05-01,2021,5,3634,10690,22394,2.37,0.771,-8.67,97.34
2021-06-01,2021,6,3360,10361,22564,2.57,0.732,-7.54,100.42
2021-07-01,2021,7,3422,4188,32685,2.2,0.769,1.85,49.62
2021-08-01,2021,8,3199,15730,30314,2.71,0.748,-6.52,78.89
2021-09-01,2021,9,2710,8481,30156,2.92,0.75,-15.29,84.99
2021-10-01,2021,10,3239,12229,30978,2.31,0.77,19.52,39.13
2021-11-01,2021,11,2925,17913,22930,2.55,0.723,-9.69,69.22
2021-12-01,2021,12,2702,3849,14517,2.84,0.687,-7.62,85.52
2022-01-01,2022,1,2557,10802,67125,2.81,0.738,-5.37,49.87
2022-02-01,2022,2,2430,6412,70367,2.58,0.738,-4.97,39.47
2022-03-01,2022,3,2667,11163,65644,2.66,0.742,9.75,6.91
2022-04-01,2022,4,2400,7222,50176,2.09,0.731,-10.01,-2.33
2022-05-01,2022,5,2386,14899,29978,2.66,0.755,-0.58,10.0
2022-06-01,2022,6,2213,12798,41228,1.38,0.848,-7.25,-35.1
2022-07-01,2022,7,2251,10934,19379,1.55,0.803,1.72,-35.71
2022-08-01,2022,8,2089,16285,51408,1.69,0.839,-7.2,-42.94
2022-09-01,2022,9,2024,10120,65446,1.5,0.846,-3.11,-56.79
2022-10-01,2022,10,1925,3000,80000,1.23,0.878,-4.89,-48.49
2022-11-01,2022,11,1750,4313,80000,1.34,0.887,-9.09,-68.06
2022-12-01,2022,12,1583,14929,79824,0.69,0.886,-9.54,-73.73
2023-01-01,2023,1,1630,11866,37833,0.88,0.869,2.97,-66.38
2023-02-01,2023,2,1652,3278,15176,0.9,0.865,1.35,-70.7
2023-03-01,2023,3,1673,12225,41007,1.0,0.865,1.27,-71.77
2023-04-01,2023,4,1699,7189,32264,0.93,0.884,1.55,-66.39
2023-05-01,2023,5,1801,9062,23110,1.04,0.907,6.0,-70.48
2023-06-01,2023,6,1790,10773,23113,0.97,0.936,-0.61,-53.26
2023-07-01,2023,7,1676,18300,26738,1.01,0.9,-6.37,-50.16
2023-08-01,2023,8,1773,10840,18712,0.93,0.888,5.79,-51.86
2023-09-01,2023,9,1763,12926,29362,1.0,0.914,-0.56,-51.02
2023-10-01,2023,10,1911,20856,20753,0.77,0.892,8.39,-46.18
2023-11-01,2023,11,1933,11623,33981,0.6,0.931,1.15,-26.39
2023-12-01,2023,12,1973,11959,30270,1.29,0.919,2.07,-33.33
2024-01-01,2024,1,1913,12058,28812,0.82,0.913,-3.04,-35.73
2024-02-01,2024,2,1925,3000,29521,0.97,0.901,0.63,-15.36
2024-03-01,2024,3,2109,12454,21824,1.22,0.894,9.56,-3.7
2024-04-01,2024,4,2088,14640,32381,1.44,0.887,-1.0,-11.42
2024-05-01,2024,5,1826,12409,28983,0.84,0.915,-12.55,4.5
2024-06-01,2024,6,1858,14332,27931,1.2,0.845,1.75,36.93
2024-07-01,2024,7,1945,13091,38778,1.15,0.888,4.68,4.44
2024-08-01,2024,8,2012,11215,29245,1.21,0.847,3.44,48.59
2024-09-01,2024,9,1821,11862,14710,1.22,0.839,-9.49,62.5
2024-10-01,2024,10,1956,12633,15770,1.51,0.889,7.41,57.82
2024-11-01,2024,11,2071,12780,28742,1.38,0.88,5.88,56.23
2024-12-01,2024,12,2206,8781,31966,1.02,0.9,6.52,106.36
