date,bulk_carrier_handysize_usd_day,baltic_dry_index,tanker_rate_aframax_usd_day,supply_chain_pressure_index,on_time_delivery_pct,bdi_mom_change_pct,container_yoy_pct,year_month,brent_price,wti_price,dxy_index,vix,gpr_index,brent_volatility_30d,wti_volatility_30d,brent_wti_spread,event_severity,event_flag,thermal_coal_price,freight_lag_1,freight_lag_3,freight_lag_6,freight_lag_12,freight_rolling_mean_3,freight_rolling_mean_6,freight_rolling_mean_12,freight_rolling_std_3,month_num,quarter,month_sin,month_cos,baltic_dry_index_lag_1,baltic_dry_index_lag_3,brent_price_lag_1,brent_price_lag_3,wti_price_lag_1,wti_price_lag_3,dxy_index_lag_1,dxy_index_lag_3,vix_lag_1,vix_lag_3,gpr_index_lag_1,gpr_index_lag_3,thermal_coal_price_lag_1,thermal_coal_price_lag_3
2011-02-01,14358,2123,27476,0.8,0.905,2.91,23.26,2011-02,103.94210494192023,89.7431576377467,77.78263172350432,17.4299999036287,90.01448822021484,0.013899500297376,0.0178442235158321,14.19894730417352,0.4736842105263157,1.0,86.159055,11070.0,15949.0,12154.0,10040.0,11850.0,11358.833333333334,11794.416666666666,3770.0107426902646,2,1,0.8660254037844386,0.5000000000000001,2063.0,2023.0,96.85,86.16238040015811,89.57850036621093,84.31476157052177,79.146000289917,78.37571461995442,17.31549987792969,20.095714387439543,97.20389556884766,94.70516967773438,91.49379047619048,91.40103181818182
2011-03-01,13963,2169,32091,1.23,0.914,2.17,11.21,2011-03,114.6560867972996,102.98130466627038,76.28956604003906,20.72347815140434,136.8883056640625,0.0183094540990459,0.0233006979503901,11.674782131029216,0.0,0.0,86.26763913043479,14358.0,8531.0,13558.0,4252.0,11319.666666666666,11726.166666666666,12154.25,2921.5119943846435,3,1,1.0,6.123233995736766e-17,2123.0,2168.0,103.94210494192023,92.18590823086824,89.7431576377467,89.23318169333719,77.78263172350432,80.04909133911133,17.4299999036287,17.569545529105447,90.01448822021484,97.20389556884766,86.159055,90.84736086956522
2011-04-01,3000,1990,28063,0.53,0.92,-8.25,6.52,2011-04,122.96449966430664,110.03850059509276,74.72449989318848,16.244000005722047,91.01776885986328,0.0167066137991659,0.017187195452618,12.925999069213868,0.0,0.0,86.46164761904762,13963.0,11070.0,6891.0,15324.0,13130.333333333334,11793.666666666666,12963.5,1795.1981320548819,4,2,0.8660254037844387,-0.4999999999999998,2169.0,2063.0,114.6560867972996,96.85,102.98130466627038,89.57850036621093,76.28956604003906,79.146000289917,20.72347815140434,17.31549987792969,136.8883056640625,97.20389556884766,86.26763913043479,91.49379047619048
2011-05-01,10063,2075,35964,1.33,0.918,4.27,-8.66,2011-05,114.51428622291202,101.3566665649414,74.94142841157459,16.911428587777273,91.01776885986328,0.0226706204339529,0.0242535605770274,13.15761965797061,0.0,0.0,84.75627272727273,3000.0,14358.0,15949.0,14897.0,10440.333333333334,11145.166666666666,11936.5,6446.543750982641,5,2,0.49999999999999994,-0.8660254037844387,1990.0,2123.0,122.96449966430664,103.94210494192023,110.03850059509276,89.7431576377467,74.72449989318848,77.78263172350432,16.244000005722047,17.4299999036287,91.01776885986328,90.01448822021484,86.46164761904762,86.159055
2011-06-01,11561,2050,16981,1.0,0.877,-1.2,20.26,2011-06,113.90181801535869,96.28863664106888,74.6936361139471,19.15318202972412,84.391845703125,0.022384194529953,0.0237426647875023,17.61318137428977,0.0,0.0,80.2677909090909,10063.0,13963.0,8531.0,11888.0,9008.666666666666,10164.166666666666,11533.666666666666,5557.027652741467,6,2,1.2246467991473532e-16,-1.0,2075.0,2169.0,114.51428622291202,114.6560867972996,101.3566665649414,102.98130466627038,74.94142841157459,76.28956604003906,16.911428587777273,20.72347815140434,91.01776885986328,136.8883056640625,84.75627272727273,86.26763913043479
2011-07-01,10868,1953,25276,0.9,0.92,-4.73,6.76,2011-07,116.82900009155271,97.34049987792967,74.75699958801269,19.22749991416931,78.92475891113281,0.0200974972955601,0.0193151095329364,19.48850021362305,0.0,0.0,78.87859999999999,11561.0,3000.0,11070.0,16979.0,8208.0,10669.166666666666,11506.416666666666,4572.028980660556,7,3,-0.4999999999999997,-0.8660254037844388,2050.0,1990.0,113.90181801535869,122.96449966430664,96.28863664106888,110.03850059509276,74.6936361139471,74.72449989318848,19.15318202972412,16.244000005722047,84.391845703125,91.01776885986328,80.2677909090909,86.46164761904762
2011-08-01,10350,2041,33837,0.59,0.926,4.51,0.47,2011-08,109.92478246274202,86.34086973770805,74.23652184527853,35.02913035517154,86.95156860351562,0.0195909545205415,0.0231342649235863,23.58391272503397,0.0,0.0,86.18292173913044,10868.0,10063.0,14358.0,12154.0,10830.666666666666,10635.5,10997.166666666666,749.6974945491904,8,3,-0.8660254037844385,-0.5000000000000004,1953.0,2075.0,116.82900009155271,114.51428622291202,97.34049987792967,101.3566665649414,74.75699958801269,74.94142841157459,19.22749991416931,16.911428587777273,78.92475891113281,91.01776885986328,78.87859999999999,84.75627272727273
2011-09-01,13497,2005,30884,1.01,0.891,-1.76,-4.21,2011-09,109.8980952671596,85.60999915713356,76.990476335798,36.52999977838425,83.35044860839844,0.0187757840856645,0.0251427851422676,24.288096110026043,0.0,0.0,77.41344545454545,10350.0,11561.0,13963.0,13558.0,10926.333333333334,9967.5,10846.833333333334,607.6037634292056,9,3,-1.0,-1.8369701987210297e-16,2041.0,2050.0,109.92478246274202,113.90181801535869,86.34086973770805,96.28863664106888,74.23652184527853,74.6936361139471,35.02913035517154,19.15318202972412,86.95156860351562,84.391845703125,86.18292173913044,80.2677909090909
2011-10-01,17917,1972,31964,1.27,0.94,-1.65,5.45,2011-10,108.64666711716424,86.42809513636998,77.15428524925595,32.82904770260765,83.35044860839844,0.0216472915151101,0.0270264913776174,22.218571980794277,0.0,0.0,78.27828095238095,13497.0,10868.0,3000.0,6891.0,11571.666666666666,9889.833333333334,10841.75,1687.383279914002,10,4,-0.8660254037844386,0.5000000000000001,2005.0,1953.0,109.8980952671596,116.82900009155271,85.60999915713356,97.34049987792967,76.990476335798,74.75699958801269,36.52999977838425,19.22749991416931,83.35044860839844,78.92475891113281,77.41344545454545,78.87859999999999
2011-11-01,12523,1904,25969,1.13,0.909,-3.45,1.64,2011-11,110.66714223225912,97.16285705566406,77.89142899286179,31.941904703776043,83.15767669677734,0.0192270880611717,0.0225319048119321,13.504285176595053,0.0,0.0,82.61587727272727,17917.0,10350.0,10063.0,15949.0,13921.333333333334,12376.0,11760.583333333334,3801.304556771706,11,4,-0.5000000000000004,0.8660254037844384,1972.0,2041.0,108.64666711716424,109.92478246274202,86.42809513636998,86.34086973770805,77.15428524925595,74.23652184527853,32.82904770260765,35.02913035517154,83.35044860839844,86.95156860351562,78.27828095238095,86.18292173913044
2011-12-01,13360,1819,25023,1.05,0.906,-4.46,-14.5,2011-12,107.72285643078033,98.57571338471912,79.61142803373791,25.047619047619047,85.34132385253906,0.0154795161362005,0.0177424831693885,9.1471430460612,0.0,0.0,83.30563636363637,12523.0,13497.0,11561.0,8531.0,14645.666666666666,12786.0,11475.083333333334,2874.6104663646743,12,4,-2.4492935982947064e-16,1.0,1904.0,2005.0,110.66714223225912,109.8980952671596,97.16285705566406,85.60999915713356,77.89142899286179,76.990476335798,31.941904703776043,36.52999977838425,83.15767669677734,83.35044860839844,82.61587727272727,77.41344545454545
2012-01-01,9997,1971,36538,0.59,0.889,8.36,-11.97,2012-01,111.46499977111816,100.31849899291991,80.2680004119873,20.227999877929687,85.34132385253906,0.0156632854645319,0.0176664766970318,11.146500778198236,0.4,1.0,82.52126818181819,13360.0,17917.0,10868.0,11070.0,14600.0,13085.833333333334,11877.5,2902.9311049351477,1,1,0.49999999999999994,0.8660254037844387,1819.0,1972.0,107.72285643078033,108.64666711716424,98.57571338471912,86.42809513636998,79.61142803373791,77.15428524925595,25.047619047619047,32.82904770260765,85.34132385253906,83.35044860839844,83.30563636363637,78.27828095238095
2012-02-01,14478,1756,22305,0.98,0.918,-10.91,-8.68,2012-02,119.01050071716308,102.26249961853028,78.93149948120117,18.420499992370605,92.4458236694336,0.0105000771546794,0.0125464890326484,16.748001098632816,0.0,0.0,81.68668095238095,9997.0,12523.0,10350.0,14358.0,11960.0,12940.666666666666,11788.083333333334,1750.7624053537352,2,1,0.8660254037844386,0.5000000000000001,1971.0,1904.0,111.46499977111816,110.66714223225912,100.31849899291991,97.16285705566406,80.2680004119873,77.89142899286179,20.227999877929687,31.941904703776043,85.34132385253906,83.15767669677734,82.52126818181819,82.61587727272727
2012-03-01,3279,1896,22084,0.91,0.909,7.97,-0.39,2012-03,124.544545953924,106.20499940352006,79.53681807084517,16.16727287119085,88.75997924804688,0.0119804471108627,0.0130995431300423,18.339546550403934,0.0,0.0,80.95772727272727,14478.0,13360.0,13497.0,13963.0,12611.666666666666,13628.666666666666,11798.083333333334,2332.3469581803924,3,1,1.0,6.123233995736766e-17,1756.0,1819.0,119.01050071716308,107.72285643078033,102.26249961853028,98.57571338471912,78.93149948120117,79.61142803373791,18.420499992370605,25.047619047619047,92.4458236694336,85.34132385253906,81.68668095238095,83.30563636363637
2012-04-01,13940,1952,20997,0.89,0.906,2.95,11.02,2012-04,120.48650016784669,103.346000289917,79.40150032043456,17.822999906539916,88.75997924804688,0.0122808698508757,0.0142281750361218,17.140499877929685,0.0,0.0,75.34268095238096,3279.0,9997.0,17917.0,3000.0,9251.333333333334,11925.666666666666,10907.75,5636.6137293000065,4,2,0.8660254037844387,-0.4999999999999998,1896.0,1971.0,124.544545953924,111.46499977111816,106.20499940352006,100.31849899291991,79.53681807084517,80.2680004119873,16.16727287119085,20.227999877929687,88.75997924804688,85.34132385253906,80.95772727272727,82.52126818181819
2012-05-01,8180,1927,30419,1.13,0.928,-1.28,8.53,2012-05,110.43318245627664,94.7159097844904,80.92545491998845,21.001818136735395,78.17115783691406,0.011303794787728,0.0128482063047006,15.71727267178622,0.0,0.0,78.20310434782608,13940.0,14478.0,12523.0,10063.0,10565.666666666666,11262.833333333334,11819.416666666666,6316.16927681117,5,2,0.49999999999999994,-0.8660254037844387,1952.0,1756.0,120.48650016784669,119.01050071716308,103.346000289917,102.26249961853028,79.40150032043456,78.93149948120117,17.822999906539916,18.420499992370605,88.75997924804688,92.4458236694336,75.34268095238096,81.68668095238095
2012-06-01,14170,1811,20698,0.68,0.924,-6.02,-19.35,2012-06,95.92714327857608,82.40523819696335,82.22047714960007,21.130952290126256,77.82243347167969,0.014649741025885,0.0145672290789002,13.521905081612724,0.0,0.0,77.7720619047619,8180.0,3279.0,13360.0,11561.0,8466.333333333334,10539.0,11662.5,5336.264642362983,6,2,1.2246467991473532e-16,-1.0,1927.0,1896.0,110.43318245627664,124.544545953924,94.7159097844904,106.20499940352006,80.92545491998845,79.53681807084517,21.001818136735395,16.16727287119085,78.17115783691406,88.75997924804688,78.20310434782608,80.95772727272727
2012-07-01,6490,1655,44561,1.2,0.915,-8.61,7.69,2012-07,102.86428615025112,87.93142881847564,83.06761896042596,17.565238180614653,77.82243347167969,0.0221914120874502,0.026415539246227,14.932857331775486,0.0,0.0,73.1363409090909,14170.0,13940.0,9997.0,10868.0,12096.666666666666,10674.0,11879.916666666666,3393.881750051603,7,3,-0.4999999999999997,-0.8660254037844388,1811.0,1952.0,95.92714327857608,120.48650016784669,82.40523819696335,103.346000289917,82.22047714960007,79.40150032043456,21.130952290126256,17.822999906539916,77.82243347167969,88.75997924804688,77.7720619047619,75.34268095238096
2012-08-01,17816,1811,23770,0.85,0.933,9.43,13.89,2012-08,112.67826113493548,94.16087009595788,82.16000034498131,15.689565119536027,74.87835693359375,0.0162402847277349,0.0198354191483587,18.517391038977586,0.0,0.0,73.46274782608695,6490.0,8180.0,14478.0,10350.0,9613.333333333334,10089.5,11515.083333333334,4035.6453428582313,8,3,-0.8660254037844385,-0.5000000000000004,1655.0,1927.0,102.86428615025112,110.43318245627664,87.93142881847564,94.7159097844904,83.06761896042596,80.92545491998845,17.565238180614653,21.001818136735395,77.82243347167969,78.17115783691406,73.1363409090909,78.20310434782608
2012-09-01,17780,1684,28640,0.87,0.908,-7.01,18.05,2012-09,113.06578907213714,94.5584218878495,79.8142109921104,15.28473683407432,74.87835693359375,0.0121848241261014,0.011999337033946,18.507367184287624,0.0,0.0,76.58524,17816.0,14170.0,3279.0,13497.0,12825.333333333334,10645.833333333334,12137.25,5781.493348031573,9,3,-1.0,-1.8369701987210297e-16,1811.0,1811.0,112.67826113493548,95.92714327857608,94.16087009595788,82.40523819696335,82.16000034498131,82.22047714960007,15.689565119536027,21.130952290126256,74.87835693359375,77.82243347167969,73.46274782608695,77.7720619047619
2012-10-01,12907,1621,17696,1.12,0.968,-3.74,3.02,2012-10,111.94952392578124,89.9480954124814,79.70809500558036,16.276190576099214,81.66366577148438,0.016483795545798,0.0166152349076132,22.00142851329985,0.0,0.0,75.68616956521738,17780.0,6490.0,13940.0,17917.0,14028.666666666666,13062.666666666666,12494.166666666666,6528.70165755285,10,4,-0.8660254037844386,0.5000000000000001,1684.0,1655.0,113.06578907213714,102.86428615025112,94.5584218878495,87.93142881847564,79.8142109921104,83.06761896042596,15.28473683407432,17.565238180614653,74.87835693359375,77.82243347167969,76.58524,73.1363409090909
2012-11-01,13730,1657,23790,0.99,0.906,2.22,13.71,2012-11,109.53428649902344,86.73238009498233,80.68523842947823,16.70190484183175,81.38964080810547,0.0167153682303196,0.0182542699544139,22.801906404041112,0.0,0.0,74.3512090909091,12907.0,17816.0,8180.0,12523.0,16167.666666666666,12890.5,12076.666666666666,2823.8775351160916,11,4,-0.5000000000000004,0.8660254037844384,1621.0,1811.0,111.94952392578124,112.67826113493548,89.9480954124814,94.16087009595788,79.70809500558036,82.16000034498131,16.276190576099214,15.689565119536027,81.66366577148438,74.87835693359375,75.68616956521738,73.46274782608695
2012-12-01,10893,1464,30225,0.68,0.918,-11.65,-7.39,2012-12,109.28750038146973,88.24550018310546,79.75849990844726,17.306999826431273,81.38964080810547,0.0120098969988439,0.015312874567722,21.04200019836426,0.0,0.0,70.07494285714286,13730.0,17780.0,14170.0,13360.0,14805.666666666666,13815.5,12177.25,2608.5103667291282,12,4,-2.4492935982947064e-16,1.0,1657.0,1684.0,109.53428649902344,113.06578907213714,86.73238009498233,94.5584218878495,80.68523842947823,79.8142109921104,16.70190484183175,15.28473683407432,81.38964080810547,74.87835693359375,74.3512090909091,76.58524
2013-01-01,18316,1547,34810,0.99,0.929,5.67,0.0,2013-01,112.2680958339146,94.82857077462332,79.87333279564267,13.505238124302457,81.38964080810547,0.0086726760208735,0.0097973820026777,17.439525059291295,0.0,0.0,74.93746086956521,10893.0,12907.0,6490.0,9997.0,12510.0,13269.333333333334,11971.666666666666,1459.5715124652154,1,1,0.49999999999999994,0.8660254037844387,1464.0,1621.0,109.28750038146973,111.94952392578124,88.24550018310546,89.9480954124814,79.75849990844726,79.70809500558036,17.306999826431273,16.276190576099214,81.38964080810547,81.66366577148438,70.07494285714286,75.68616956521738
2013-02-01,14078,1562,29786,0.75,0.919,0.97,13.64,2013-02,116.08263156288548,95.3215789794922,80.60526315789474,14.07263163516396,81.59033203125,0.0077902771429325,0.0084908050730267,20.76105258339329,0.0,0.0,71.646885,18316.0,13730.0,17816.0,14478.0,14313.0,15240.333333333334,12664.916666666666,3745.6840496763734,2,1,0.8660254037844386,0.5000000000000001,1547.0,1657.0,112.2680958339146,109.53428649902344,94.82857077462332,86.73238009498233,79.87333279564267,80.68523842947823,13.505238124302457,16.70190484183175,81.38964080810547,81.38964080810547,74.93746086956521,74.3512090909091
2013-03-01,17949,1314,31721,0.83,0.891,-15.88,-11.67,2013-03,109.5134994506836,92.95699920654296,82.6254997253418,13.031500005722046,75.89672088623047,0.0084088774855928,0.0093063989314479,16.556500244140622,0.0,0.0,71.05259047619047,14078.0,10893.0,17780.0,3279.0,14429.0,14617.333333333334,12631.583333333334,3723.9270938083623,3,1,1.0,6.123233995736766e-17,1562.0,1464.0,116.08263156288548,109.28750038146973,95.3215789794922,88.24550018310546,80.60526315789474,79.75849990844726,14.07263163516396,17.306999826431273,81.59033203125,81.38964080810547,71.646885,70.07494285714286
2013-04-01,10554,1380,34069,0.96,0.89,5.02,-8.46,2013-04,103.566818930886,92.06772752241656,82.52500048550692,13.967272715135056,95.10787200927734,0.0109852997462436,0.0116614234452149,11.49909140846946,0.0,0.0,69.8845,17949.0,18316.0,12907.0,13940.0,16781.0,14645.5,13854.083333333334,2348.0479126287,4,2,0.8660254037844387,-0.4999999999999998,1314.0,1547.0,109.5134994506836,112.2680958339146,92.95699920654296,94.82857077462332,82.6254997253418,79.87333279564267,13.031500005722046,13.505238124302457,75.89672088623047,81.38964080810547,71.05259047619047,74.93746086956521
2013-05-01,11263,1413,23113,0.82,0.946,2.39,7.86,2013-05,103.21545514193448,94.79954598166726,83.2136362249201,13.493636304681951,83.71731567382812,0.0127403419926642,0.015241546990312,8.415909160267221,0.0,0.0,64.70594347826086,10554.0,14078.0,13730.0,8180.0,14193.666666666666,14253.333333333334,13571.916666666666,3698.8566251388183,5,2,0.49999999999999994,-0.8660254037844387,1380.0,1562.0,103.566818930886,116.08263156288548,92.06772752241656,95.3215789794922,82.52500048550692,80.60526315789474,13.967272715135056,14.07263163516396,95.10787200927734,81.59033203125,69.8845,71.646885
2013-06-01,10947,1342,17846,0.69,0.939,-5.02,7.56,2013-06,103.20000038146972,95.80049934387208,81.85049972534179,17.271499919891358,83.71731567382812,0.0109963958351049,0.0118080294766197,7.399501037597662,0.0,0.0,67.711215,11263.0,17949.0,10893.0,14170.0,13255.333333333334,13842.166666666666,13828.833333333334,4080.263512732153,6,2,1.2246467991473532e-16,-1.0,1413.0,1314.0,103.21545514193448,109.5134994506836,94.79954598166726,92.95699920654296,83.2136362249201,82.6254997253418,13.493636304681951,13.031500005722046,83.71731567382812,75.89672088623047,64.70594347826086,71.05259047619047
2013-07-01,11644,1312,25297,0.94,0.938,-2.24,18.49,2013-07,107.5768182927912,104.698636488481,82.7895462729714,13.97454565221613,73.97581481933594,0.0111875891435731,0.0123847615484277,2.878181804310199,0.0,0.0,66.09565652173913,10947.0,10554.0,18316.0,6490.0,10921.333333333334,13851.166666666666,13560.25,355.1961899195001,7,3,-0.4999999999999997,-0.8660254037844388,1342.0,1380.0,103.20000038146972,103.566818930886,95.80049934387208,92.06772752241656,81.85049972534179,82.52500048550692,17.271499919891358,13.967272715135056,83.71731567382812,95.10787200927734,67.711215,69.8845
2013-08-01,14760,1131,25116,0.87,0.912,-13.8,-17.48,2013-08,110.54181844537908,106.53909128362484,81.48181776566939,14.209999908100476,90.95674896240234,0.0082046766973653,0.0125917374940748,4.002727161754265,0.0,0.0,64.07525,11644.0,11263.0,14078.0,17816.0,11284.666666666666,12739.166666666666,13989.75,349.0047755165101,8,3,-0.8660254037844385,-0.5000000000000004,1312.0,1413.0,107.5768182927912,103.21545514193448,104.698636488481,94.79954598166726,82.7895462729714,83.2136362249201,13.97454565221613,13.493636304681951,73.97581481933594,83.71731567382812,66.09565652173913,64.70594347826086
2013-09-01,13090,1355,32701,0.83,0.919,19.81,14.05,2013-09,111.46600036621092,106.23549957275392,81.15949897766113,14.692000102996824,90.95674896240234,0.0114805353213669,0.0131495285974142,5.230500793457031,0.0,0.0,67.49917619047619,14760.0,10947.0,17949.0,17780.0,12450.333333333334,12852.833333333334,13735.083333333334,2030.3626112922116,9,3,-1.0,-1.8369701987210297e-16,1131.0,1342.0,110.54181844537908,103.20000038146972,106.53909128362484,95.80049934387208,81.48181776566939,81.85049972534179,14.209999908100476,17.271499919891358,90.95674896240234,83.71731567382812,64.07525,67.711215
2013-10-01,6329,1258,8000,0.68,0.903,-7.16,4.18,2013-10,109.56608747399372,100.55260799242104,79.86652175239895,15.407826050468111,72.95311737060547,0.0105316072559183,0.0117800249743146,9.013479481572688,0.0,0.0,69.94069565217391,13090.0,11644.0,10554.0,12907.0,13164.666666666666,12043.0,13344.25,1559.3413139314073,10,4,-0.8660254037844386,0.5000000000000001,1355.0,1312.0,111.46600036621092,107.5768182927912,106.23549957275392,104.698636488481,81.15949897766113,82.7895462729714,14.692000102996824,13.97454565221613,90.95674896240234,73.97581481933594,67.49917619047619,66.09565652173913
2013-11-01,21829,1206,18113,1.15,0.909,-4.13,-23.76,2013-11,107.76250076293944,93.9314998626709,80.84400024414063,12.923999977111816,77.77902221679688,0.0116905228281107,0.0104999184576514,13.831000900268554,0.0,0.0,67.17536190476191,6329.0,14760.0,11263.0,13730.0,11393.0,11338.833333333334,12796.083333333334,4464.336120858285,11,4,-0.5000000000000004,0.8660254037844384,1258.0,1131.0,109.56608747399372,110.54181844537908,100.55260799242104,106.53909128362484,79.86652175239895,81.48181776566939,15.407826050468111,14.209999908100476,72.95311737060547,90.95674896240234,69.94069565217391,64.07525
2013-12-01,8008,1174,24064,0.76,0.883,-2.65,4.69,2013-12,110.83285740443638,97.89428601946148,80.30666605631511,14.192380905151367,77.77902221679688,0.0109225906177225,0.0104926834820419,12.938571384974887,0.0,0.0,65.2074090909091,21829.0,13090.0,10947.0,10893.0,13749.333333333334,13099.833333333334,13471.0,7771.006391281205,12,4,-2.4492935982947064e-16,1.0,1206.0,1355.0,107.76250076293944,111.46600036621092,93.9314998626709,106.23549957275392,80.84400024414063,81.15949897766113,12.923999977111816,14.692000102996824,77.77902221679688,90.95674896240234,67.17536190476191,67.49917619047619
2014-01-01,6718,1122,28339,1.05,0.893,-4.43,1.6,2014-01,107.19285656156994,94.8566672915504,80.8095241728283,14.240952400934129,77.77902221679688,0.0088876040922964,0.0108519062452014,12.336189270019531,0.0,0.0,62.09650434782608,8008.0,6329.0,11644.0,18316.0,12055.333333333334,12610.0,13230.583333333334,8505.773353042821,1,1,0.49999999999999994,0.8660254037844387,1174.0,1258.0,110.83285740443638,109.56608747399372,97.89428601946148,100.55260799242104,80.30666605631511,79.86652175239895,14.192380905151367,15.407826050468111,77.77902221679688,72.95311737060547,65.2074090909091,69.94069565217391
2014-02-01,13461,1195,22470,0.96,0.907,6.51,-8.73,2014-02,108.70736895109478,100.67526245117188,80.4573685495477,15.470000116448654,77.77902221679688,0.0080008446268523,0.0103252115336506,8.032106499922904,0.0,0.0,64.107875,6718.0,21829.0,14760.0,14078.0,12185.0,11789.0,12264.083333333334,8376.817832566254,2,1,0.8660254037844386,0.5000000000000001,1122.0,1206.0,107.19285656156994,107.76250076293944,94.8566672915504,93.9314998626709,80.8095241728283,80.84400024414063,14.240952400934129,12.923999977111816,77.77902221679688,77.77902221679688,62.09650434782608,67.17536190476191
2014-03-01,19735,1233,31000,1.31,0.88,3.18,22.47,2014-03,107.8576187860398,100.50904737200057,79.87047685895648,14.836666742960611,77.77902221679688,0.0090503620310974,0.0107367763839822,7.348571414039247,0.3809523809523809,1.0,65.10677619047618,13461.0,8008.0,13090.0,17949.0,9395.666666666666,11572.5,12212.666666666666,3579.277347920015,3,1,1.0,6.123233995736766e-17,1195.0,1174.0,108.70736895109478,110.83285740443638,100.67526245117188,97.89428601946148,80.4573685495477,80.30666605631511,15.470000116448654,14.192380905151367,77.77902221679688,77.77902221679688,64.107875,65.2074090909091
2014-04-01,10055,1041,14419,0.99,0.9,-15.57,17.27,2014-04,108.0519053141276,102.03476206461588,79.85333360944476,14.198095321655272,93.22154235839844,0.009023478804695,0.0101971657659718,6.017143249511721,0.0,0.0,60.55425,19735.0,6718.0,6329.0,10554.0,13304.666666666666,12680.0,12361.5,6509.908012662955,4,2,0.8660254037844387,-0.4999999999999998,1233.0,1122.0,107.8576187860398,107.19285656156994,100.50904737200057,94.8566672915504,79.87047685895648,80.8095241728283,14.836666742960611,14.240952400934129,77.77902221679688,77.77902221679688,65.10677619047618,62.09650434782608
2014-05-01,21126,1034,17963,0.88,0.931,-0.67,-4.45,2014-05,109.21952420189268,101.79476165771484,79.9490472702753,12.475238028026762,83.4288558959961,0.0078388095809299,0.0086849621311835,7.424762544177826,0.0,0.0,59.19019090909091,10055.0,13461.0,21829.0,11263.0,14417.0,13301.0,12319.916666666666,4910.300601796189,5,2,0.49999999999999994,-0.8660254037844387,1041.0,1195.0,108.0519053141276,108.70736895109478,102.03476206461588,100.67526245117188,79.85333360944476,80.4573685495477,14.198095321655272,15.470000116448654,93.22154235839844,77.77902221679688,60.55425,64.107875
2014-06-01,6487,1020,8000,0.5,0.865,-1.35,2.48,2014-06,111.98047601609002,105.14666748046876,80.442382085891,11.541428565979004,83.4288558959961,0.0068146047601223,0.0077619015329717,6.833808535621281,0.0,0.0,59.11198571428571,21126.0,19735.0,8008.0,10947.0,16972.0,13183.833333333334,13141.833333333334,6030.537869875291,6,2,1.2246467991473532e-16,-1.0,1034.0,1233.0,109.21952420189268,107.8576187860398,101.79476165771484,100.50904737200057,79.9490472702753,79.87047685895648,12.475238028026762,14.836666742960611,83.4288558959961,77.77902221679688,59.19019090909091,65.10677619047618
2014-07-01,13643,954,35324,1.07,0.884,-6.47,2.48,2014-07,107.98590885509144,102.3918176130815,80.54772637107156,12.296363613822244,138.7539520263672,0.007812500914903,0.0081483965520673,5.594091242009939,0.0,0.0,64.69418260869566,6487.0,10055.0,6718.0,11644.0,12556.0,12930.333333333334,12770.166666666666,7633.238565641717,7,3,-0.4999999999999997,-0.8660254037844388,1020.0,1041.0,111.98047601609002,108.0519053141276,105.14666748046876,102.03476206461588,80.442382085891,79.85333360944476,11.541428565979004,14.198095321655272,83.4288558959961,93.22154235839844,59.11198571428571,60.55425
2014-08-01,14264,1032,29476,0.77,0.883,8.18,33.99,2014-08,103.32047562372117,96.07619040352958,81.86380949474517,13.497142927987236,136.44558715820312,0.0080096899841374,0.0100593049058128,7.244285220191595,0.0,0.0,58.04282380952381,13643.0,21126.0,13461.0,14760.0,13752.0,14084.5,12936.75,7320.108674056692,8,3,-0.8660254037844385,-0.5000000000000004,954.0,1034.0,107.98590885509144,109.21952420189268,102.3918176130815,101.79476165771484,80.54772637107156,79.9490472702753,12.296363613822244,12.475238028026762,138.7539520263672,83.4288558959961,64.69418260869566,59.19019090909091
2014-09-01,12106,908,18659,0.98,0.921,-12.02,-7.25,2014-09,98.2538088843936,93.03428540910993,84.45904795328777,13.466666630336215,136.44558715820312,0.0105077494284351,0.0135638660520095,5.219523475283669,0.0,0.0,59.03931363636364,14264.0,6487.0,19735.0,13090.0,11464.666666666666,14218.333333333334,12895.416666666666,4321.953763442333,9,3,-1.0,-1.8369701987210297e-16,1032.0,1020.0,103.32047562372117,111.98047601609002,96.07619040352958,105.14666748046876,81.86380949474517,80.442382085891,13.497142927987236,11.541428565979004,136.44558715820312,83.4288558959961,58.04282380952381,59.11198571428571
2014-10-01,9876,1043,38468,1.11,0.904,14.87,16.06,2014-10,87.97913062054178,84.33912924061651,85.67043470299762,18.01608711740245,83.66100311279297,0.0121467897055981,0.0145261658177852,3.640001379925272,0.0,0.0,56.76224347826087,12106.0,13643.0,10055.0,6329.0,13337.666666666666,12946.833333333334,12813.416666666666,1110.9285905643762,10,4,-0.8660254037844386,0.5000000000000001,908.0,954.0,98.2538088843936,107.98590885509144,93.03428540910993,102.3918176130815,84.45904795328777,80.54772637107156,13.466666630336215,12.296363613822244,136.44558715820312,138.7539520263672,59.03931363636364,64.69418260869566
2014-11-01,15869,902,12524,1.08,0.902,-13.52,-1.4,2014-11,79.91210455643504,75.81000077097039,87.72842085988898,13.41315786462081,83.66100311279297,0.0140923928184463,0.0159040413593794,4.102103785464638,0.0,0.0,59.166105,9876.0,14264.0,21126.0,21829.0,12082.0,12917.0,13109.0,2194.098448110298,11,4,-0.5000000000000004,0.8660254037844384,1043.0,1032.0,87.97913062054178,103.32047562372117,84.33912924061651,96.07619040352958,85.67043470299762,81.86380949474517,18.01608711740245,13.497142927987236,83.66100311279297,136.44558715820312,56.76224347826087,58.04282380952381
2014-12-01,11845,916,31195,1.16,0.903,1.55,6.28,2014-12,63.20363651622426,59.28954488580877,89.1568173495206,16.3118182962591,86.5262222290039,0.0238834614161326,0.0272479877990546,3.914091630415483,0.0,0.0,60.8522,15869.0,12106.0,6487.0,8008.0,12617.0,12040.833333333334,12612.333333333334,3029.0019808511215,12,4,-2.4492935982947064e-16,1.0,902.0,908.0,79.91210455643504,98.2538088843936,75.81000077097039,93.03428540910993,87.72842085988898,84.45904795328777,13.41315786462081,13.466666630336215,83.66100311279297,136.44558715820312,59.166105,59.03931363636364
2015-01-01,4720,929,21422,0.86,0.892,1.42,1.57,2015-01,49.679999923706056,47.325500106811525,92.9770004272461,19.119499969482423,86.5262222290039,0.0244467799499944,0.0301309822975637,2.3544998168945304,0.0,0.0,54.87046818181818,11845.0,9876.0,13643.0,6718.0,12530.0,12933.833333333334,12932.083333333334,3054.657263916857,1,1,0.49999999999999994,0.8660254037844387,916.0,1043.0,63.20363651622426,87.97913062054178,59.28954488580877,84.33912924061651,89.1568173495206,85.67043470299762,16.3118182962591,18.01608711740245,86.5262222290039,83.66100311279297,60.8522,56.76224347826087
2015-02-01,7118,884,37295,0.82,0.913,-4.84,8.76,2015-02,58.44052625957288,50.72473646465101,94.45789337158205,15.904210492184289,86.5262222290039,0.0344576105404544,0.0402282059248041,7.715789794921875,0.0,0.0,51.64052,4720.0,15869.0,14264.0,13461.0,10811.333333333334,11446.666666666666,12765.583333333334,5645.918909560547,2,1,0.8660254037844386,0.5000000000000001,929.0,902.0,49.679999923706056,79.91210455643504,47.325500106811525,75.81000077097039,92.9770004272461,87.72842085988898,19.119499969482423,13.41315786462081,86.5262222290039,83.66100311279297,54.87046818181818,59.166105
2015-03-01,5381,795,37960,0.79,0.933,-10.07,-7.55,2015-03,56.93499981273305,47.854090603915125,97.87818249789152,14.812727277929133,86.5262222290039,0.034731990201889,0.0335008324206247,9.080909208817916,0.3181818181818182,1.0,53.21567727272727,7118.0,11845.0,12106.0,19735.0,7894.333333333333,10255.666666666666,12237.0,3625.3863702139884,3,1,1.0,6.123233995736766e-17,884.0,916.0,58.44052625957288,63.20363651622426,50.72473646465101,59.28954488580877,94.45789337158205,89.1568173495206,15.904210492184289,16.3118182962591,86.5262222290039,86.5262222290039,51.64052,60.8522
2015-04-01,5200,702,25483,0.51,0.918,-11.7,-28.08,2015-04,60.96523775373186,54.62809553600493,97.59190477643696,13.494761875697543,102.19049072265622,0.0302359285483451,0.0320018485557572,6.337142217726934,0.0,0.0,56.54930454545454,5381.0,4720.0,9876.0,10055.0,5739.666666666667,9134.833333333334,11040.833333333334,1238.5807738429319,4,2,0.8660254037844387,-0.4999999999999998,795.0,929.0,56.93499981273305,49.679999923706056,47.854090603915125,47.325500106811525,97.87818249789152,92.9770004272461,14.812727277929133,19.119499969482423,86.5262222290039,86.5262222290039,53.21567727272727,54.87046818181818
2015-05-01,4168,874,21487,0.5,0.909,24.5,18.22,2015-05,65.60099925994874,59.37199993133545,95.1920009613037,13.3385000705719,76.2623291015625,0.0231670850838351,0.024812212826194,6.228999328613282,0.0,0.0,54.13311904761905,5200.0,7118.0,15869.0,21126.0,5899.666666666667,8355.5,10636.25,1058.981743626091,5,2,0.49999999999999994,-0.8660254037844387,702.0,884.0,60.96523775373186,58.44052625957288,54.62809553600493,50.72473646465101,97.59190477643696,94.45789337158205,13.494761875697543,15.904210492184289,102.19049072265622,86.5262222290039,56.54930454545454,51.64052
2015-06-01,3255,789,15740,0.78,0.874,-9.73,-11.29,2015-06,63.70409029180353,59.82863651622426,95.17000024968928,14.33954551003196,85.90596771240234,0.0202273038446459,0.0207977862619277,3.8754537755792793,0.0,0.0,55.06890454545455,4168.0,5381.0,11845.0,6487.0,4916.333333333333,6405.333333333333,9223.083333333334,654.3640678806836,6,2,1.2246467991473532e-16,-1.0,874.0,795.0,65.60099925994874,56.93499981273305,59.37199993133545,47.854090603915125,95.1920009613037,97.87818249789152,13.3385000705719,14.812727277929133,76.2623291015625,86.5262222290039,54.13311904761905,53.21567727272727
2015-07-01,3205,752,8000,1.12,0.849,-4.69,-3.81,2015-07,56.62181802229448,50.93000013178045,96.96227299083364,14.35272723978216,106.80866241455078,0.022760923457484,0.0216592587282606,5.691817890514026,0.0,0.0,46.67311304347827,3255.0,5200.0,4720.0,13643.0,4207.666666666667,4973.666666666667,8953.75,973.1065375041708,7,3,-0.4999999999999997,-0.8660254037844388,789.0,702.0,63.70409029180353,60.96523775373186,59.82863651622426,54.62809553600493,95.17000024968928,97.59190477643696,14.33954551003196,13.494761875697543,85.90596771240234,102.19049072265622,55.06890454545455,56.54930454545454
2015-08-01,5446,686,19599,0.93,0.951,-8.78,-15.44,2015-08,48.21952383858817,42.88904771350679,96.37809499104816,19.42809536343529,106.80866241455078,0.0218964811214674,0.0221475693039056,5.330476125081381,0.0,0.0,51.074976190476185,3205.0,4168.0,7118.0,14264.0,3542.6666666666665,4721.166666666667,8083.916666666667,542.1312879122147,8,3,-0.8660254037844385,-0.5000000000000004,752.0,874.0,56.62181802229448,65.60099925994874,50.93000013178045,59.37199993133545,96.96227299083364,95.1920009613037,14.35272723978216,13.3385000705719,106.80866241455078,76.2623291015625,46.67311304347827,54.13311904761905
2015-09-01,3583,667,34523,0.7,0.906,-2.77,5.08,2015-09,48.43333344232468,45.46523829868862,95.75809515090216,24.3771428607759,98.7674560546875,0.0380496063028573,0.0399826197297224,2.968095143636068,0.0,0.0,51.63125454545455,5446.0,3255.0,5381.0,12106.0,3968.6666666666665,4442.5,7349.083333333333,1279.6524267680488,9,3,-1.0,-1.8369701987210297e-16,686.0,789.0,48.21952383858817,63.70409029180353,42.88904771350679,59.82863651622426,96.37809499104816,95.17000024968928,19.42809536343529,14.33954551003196,106.80866241455078,85.90596771240234,51.074976190476185,55.06890454545455
2015-10-01,3000,592,27343,0.84,0.922,-11.24,-8.3,2015-10,49.21409121426669,46.289545405994765,95.71409086747605,16.789545449343596,91.931884765625,0.0292489783859784,0.0313579901958989,2.924545808271928,0.0,0.0,47.042213636363634,3583.0,3205.0,5200.0,9876.0,4078.0,4142.833333333333,6638.833333333333,1199.7037134226196,10,4,-0.8660254037844386,0.5000000000000001,667.0,752.0,48.43333344232468,56.62181802229448,45.46523829868862,50.93000013178045,95.75809515090216,96.96227299083364,24.3771428607759,14.35272723978216,98.7674560546875,106.80866241455078,51.63125454545455,46.67311304347827
2015-11-01,5459,558,27160,1.18,0.923,-5.74,9.91,2015-11,45.90700016021729,42.92300014495849,99.0330005645752,16.209999990463256,91.931884765625,0.0216048289589753,0.0240533615927177,2.9840000152587884,0.0,0.0,51.16300952380952,3000.0,5446.0,4168.0,15869.0,4009.6666666666665,3776.1666666666665,6065.833333333333,1277.6002243790333,11,4,-0.5000000000000004,0.8660254037844384,592.0,686.0,49.21409121426669,48.21952383858817,46.289545405994765,42.88904771350679,95.71409086747605,96.37809499104816,16.789545449343596,19.42809536343529,91.931884765625,106.80866241455078,47.042213636363634,51.074976190476185
2015-12-01,5484,728,18616,1.06,0.881,30.47,43.88,2015-12,38.90954520485618,37.32727258855646,98.33409049294212,18.02545473792336,148.23687744140625,0.0219722597052306,0.0253248497730411,1.582272616299717,0.0,0.0,49.69719130434783,5459.0,3583.0,3255.0,11845.0,4014.0,3991.3333333333335,5198.333333333333,1284.9089461903604,12,4,-2.4492935982947064e-16,1.0,558.0,667.0,45.90700016021729,48.43333344232468,42.92300014495849,45.46523829868862,99.0330005645752,95.75809515090216,16.209999990463256,24.3771428607759,91.931884765625,98.7674560546875,51.16300952380952,51.63125454545455
2016-01-01,6265,681,19141,0.94,0.889,-6.46,27.13,2016-01,32.1519998550415,31.657999992370605,99.02300033569335,23.88300008773804,148.23687744140625,0.0289709348845491,0.0329852833439651,0.4939998626708988,0.0,0.0,49.705971428571424,5484.0,3000.0,3205.0,4720.0,4647.666666666667,4362.833333333333,4668.25,1426.975939998063,1,1,0.49999999999999994,0.8660254037844387,728.0,592.0,38.90954520485618,49.21409121426669,37.32727258855646,46.289545405994765,98.33409049294212,95.71409086747605,18.02545473792336,16.789545449343596,148.23687744140625,91.931884765625,49.69719130434783,47.042213636363634
2016-02-01,5545,776,40303,0.74,0.904,13.95,-16.12,2016-02,33.55649995803833,30.616499996185304,97.09550018310549,22.516999816894533,103.74964904785156,0.044961342052809,0.0497251791662949,2.939999961853027,0.0,0.0,47.97352380952381,6265.0,5459.0,5446.0,7118.0,5736.0,4872.833333333333,4797.0,458.2979380272424,2,1,0.8660254037844386,0.5000000000000001,681.0,558.0,32.1519998550415,45.90700016021729,31.657999992370605,42.92300014495849,99.02300033569335,99.0330005645752,23.88300008773804,16.209999990463256,148.23687744140625,91.931884765625,49.705971428571424,51.16300952380952
2016-03-01,3000,756,32330,1.01,0.901,-2.58,-0.78,2016-03,39.75136375427246,37.96090906316584,96.25954506613992,15.849090966311367,109.72029113769533,0.0398906778265854,0.041676728807613,1.7904546911066226,0.0,0.0,49.13670434782608,5545.0,5484.0,3583.0,5381.0,5764.666666666667,4889.333333333333,4665.916666666667,434.37349520125593,3,1,1.0,6.123233995736766e-17,776.0,728.0,33.55649995803833,38.90954520485618,30.616499996185304,37.32727258855646,97.09550018310549,98.33409049294212,22.516999816894533,18.02545473792336,103.74964904785156,148.23687744140625,47.97352380952381,49.69719130434783
2016-04-01,6335,818,34965,0.55,0.93,8.2,11.43,2016-04,43.386666434151785,41.12476185389927,94.403809320359,14.300476255871,85.22145080566406,0.0273098875901468,0.0311668748044192,2.26190458025251,0.0,0.0,53.102828571428574,3000.0,6265.0,3000.0,5200.0,4936.666666666667,4792.166666666667,4467.5,1715.403256768902,4,2,0.8660254037844387,-0.4999999999999998,756.0,681.0,39.75136375427246,32.1519998550415,37.96090906316584,31.657999992370605,96.25954506613992,99.02300033569335,15.849090966311367,23.88300008773804,109.72029113769533,148.23687744140625,49.13670434782608,49.705971428571424
2016-05-01,5689,845,27916,0.84,0.921,3.3,-20.07,2016-05,47.73904764084589,46.7966666448684,94.52190471830822,14.852857044764928,85.22145080566406,0.0261044036957272,0.0244339542106253,0.942380995977492,0.0,0.0,58.95383636363636,6335.0,5545.0,5459.0,4168.0,4960.0,5348.0,4562.083333333333,1742.7636099023937,5,2,0.49999999999999994,-0.8660254037844387,818.0,776.0,43.386666434151785,33.55649995803833,41.12476185389927,30.616499996185304,94.403809320359,97.09550018310549,14.300476255871,22.516999816894533,85.22145080566406,103.74964904785156,53.102828571428574,47.97352380952381
2016-06-01,4536,929,22460,0.51,0.903,9.94,35.0,2016-06,49.92681815407493,48.85318166559393,94.67227207530628,17.774545496160332,90.16812896728516,0.020231785615213,0.0180596090616394,1.0736364884810017,0.0,0.0,60.81713181818182,5689.0,3000.0,5484.0,3255.0,5008.0,5386.333333333333,4688.833333333333,1768.721854899753,6,2,1.2246467991473532e-16,-1.0,845.0,756.0,47.73904764084589,39.75136375427246,46.7966666448684,37.96090906316584,94.52190471830822,96.25954506613992,14.852857044764928,15.849090966311367,85.22145080566406,109.72029113769533,58.95383636363636,49.13670434782608
2016-07-01,3724,943,17673,1.14,0.902,1.51,-15.11,2016-07,46.330999755859374,44.799499702453616,96.57250061035155,13.158500051498413,114.6104507446289,0.0262495971519756,0.02687448076868,1.5315000534057628,0.0,0.0,62.664695238095234,4536.0,6335.0,6265.0,3205.0,5520.0,5228.333333333333,4795.583333333333,911.3292489545273,7,3,-0.4999999999999997,-0.8660254037844388,929.0,818.0,49.92681815407493,43.386666434151785,48.85318166559393,41.12476185389927,94.67227207530628,94.403809320359,17.774545496160332,14.300476255871,90.16812896728516,85.22145080566406,60.81713181818182,53.102828571428574
2016-08-01,4508,925,29821,0.97,0.888,-1.91,-5.22,2016-08,47.172608251157016,44.79913081293521,95.38000023883322,12.3995652406112,98.73848724365234,0.0234095739498611,0.0247063217054541,2.3734774382218067,0.0,0.0,62.17956956521739,3724.0,5689.0,5545.0,5446.0,4649.666666666667,4804.833333333333,4838.833333333333,987.4190262160013,8,3,-0.8660254037844385,-0.5000000000000004,943.0,845.0,46.330999755859374,47.73904764084589,44.799499702453616,46.7966666448684,96.57250061035155,94.52190471830822,13.158500051498413,14.852857044764928,114.6104507446289,85.22145080566406,62.664695238095234,58.95383636363636
2016-09-01,3870,993,21066,1.01,0.914,7.35,-5.2,2016-09,47.2980953398205,45.22571436564128,95.46523757207962,14.219523793175108,104.54522705078122,0.0218612301021682,0.0253405189554338,2.0723809741792216,0.3809523809523809,1.0,74.03509545454546,4508.0,4536.0,3000.0,3583.0,4256.0,4632.0,4760.666666666667,460.9381737283463,9,3,-1.0,-1.8369701987210297e-16,925.0,929.0,47.172608251157016,49.92681815407493,44.79913081293521,48.85318166559393,95.38000023883322,94.67227207530628,12.3995652406112,17.774545496160332,98.73848724365234,90.16812896728516,62.17956956521739,60.81713181818182
2016-10-01,8367,988,21649,0.59,0.932,-0.5,-0.38,2016-10,51.244761694045295,49.86666670299712,97.68095143636069,14.58523804800851,104.54522705078122,0.0223400589226366,0.0239288027987395,1.37809499104818,0.0,0.0,72.06934761904762,3870.0,3724.0,6335.0,3000.0,4034.0,4777.0,4784.583333333333,416.9364459962971,10,4,-0.8660254037844386,0.5000000000000001,993.0,943.0,47.2980953398205,46.330999755859374,45.22571436564128,44.799499702453616,95.46523757207962,96.57250061035155,14.219523793175108,13.158500051498413,104.54522705078122,114.6104507446289,74.03509545454546,62.664695238095234
2016-11-01,6353,1058,32963,0.93,0.907,7.09,4.29,2016-11,47.0480960664295,45.82380930582682,99.66190519787015,15.236190387180873,82.91875457763672,0.0189016712999772,0.0197679453707632,1.2242867606026786,0.3809523809523809,1.0,72.48929545454546,8367.0,4508.0,5689.0,5459.0,5581.666666666667,5115.666666666667,5231.833333333333,2433.171250309636,11,4,-0.5000000000000004,0.8660254037844384,988.0,925.0,51.244761694045295,47.172608251157016,49.86666670299712,44.79913081293521,97.68095143636069,95.38000023883322,14.58523804800851,12.3995652406112,104.54522705078122,98.73848724365234,72.06934761904762,62.17956956521739
2016-12-01,3341,988,26450,1.11,0.923,-6.62,-19.06,2016-12,54.717618851434615,52.16571499052502,102.0133325485956,12.472380956013998,102.18046569824222,0.0297121365201565,0.0280504847099756,2.551903860909597,0.0,0.0,74.59161363636363,6353.0,3870.0,4536.0,5484.0,6196.666666666667,5226.333333333333,5306.333333333333,2252.5723813749814,12,4,-2.4492935982947064e-16,1.0,1058.0,993.0,47.0480960664295,47.2980953398205,45.82380930582682,45.22571436564128,99.66190519787015,95.46523757207962,15.236190387180873,14.219523793175108,82.91875457763672,104.54522705078122,72.48929545454546,74.03509545454546
2017-01-01,8527,1066,17568,0.6,0.908,7.89,-12.8,2017-01,55.4269998550415,52.608499717712405,101.1219997406006,11.608500003814695,102.1804656982422,0.0213739918440675,0.0203945003723554,2.8185001373291,0.0,0.0,71.89244545454545,3341.0,8367.0,3724.0,6265.0,6020.333333333333,5027.166666666667,5127.75,2529.4602849883518,1,1,0.49999999999999994,0.8660254037844387,988.0,988.0,54.717618851434615,51.244761694045295,52.16571499052502,49.86666670299712,102.0133325485956,97.68095143636069,12.472380956013998,14.58523804800851,102.18046569824222,104.54522705078122,74.59161363636363,72.06934761904762
2017-02-01,16483,1045,15021,0.67,0.916,-1.97,10.92,2017-02,55.926842739707546,53.46210560045744,100.69105329011616,11.530526361967388,114.20635986328122,0.0149705786954152,0.0149823874277747,2.464737139250103,0.0,0.0,76.76268,8527.0,6353.0,4508.0,5545.0,6073.666666666667,5827.666666666667,5316.25,2604.259843666402,2,1,0.8660254037844386,0.5000000000000001,1066.0,1058.0,55.4269998550415,47.0480960664295,52.608499717712405,45.82380930582682,101.1219997406006,99.66190519787015,11.608500003814695,15.236190387180873,102.1804656982422,82.91875457763672,71.89244545454545,72.48929545454546
2017-03-01,21303,989,27320,1.26,0.892,-5.36,20.39,2017-03,52.50565188864003,49.67391320933466,100.75912973155144,11.897826111834982,96.63587951660156,0.0133959222915452,0.0144791370800036,2.831738679305366,0.0,0.0,78.33163043478261,16483.0,3341.0,3870.0,3000.0,9450.333333333334,7823.5,6227.75,6619.475004358982,3,1,1.0,6.123233995736766e-17,1045.0,988.0,55.926842739707546,54.717618851434615,53.46210560045744,52.16571499052502,100.69105329011616,102.0133325485956,11.530526361967388,12.472380956013998,114.20635986328122,102.18046569824222,76.76268,74.59161363636363
2017-04-01,10419,1062,24158,1.19,0.906,7.38,10.26,2017-04,53.81894703915245,51.11736899928043,100.04526278847142,13.136315847698013,96.63587951660156,0.0130242821102403,0.0150637126562758,2.7015780398720177,0.0,0.0,75.23561,21303.0,8527.0,8367.0,6335.0,15437.666666666666,10729.0,7753.0,6451.828061358528,4,2,0.8660254037844387,-0.4999999999999998,989.0,1066.0,52.50565188864003,55.4269998550415,49.67391320933466,52.608499717712405,100.75912973155144,101.1219997406006,11.897826111834982,11.608500003814695,96.63587951660156,102.1804656982422,78.33163043478261,71.89244545454545
2017-05-01,15851,1291,27858,0.84,0.889,21.56,21.08,2017-05,51.34954556551847,48.53954575278542,98.26863653009588,10.862272782759232,102.57996368408205,0.0155772589274774,0.0162738763273041,2.8099998127330434,0.0,0.0,82.25079130434783,10419.0,16483.0,6353.0,5689.0,16068.333333333334,11071.0,8093.333333333333,5453.835836668844,5,2,0.49999999999999994,-0.8660254037844387,1062.0,1045.0,53.81894703915245,55.926842739707546,51.11736899928043,53.46210560045744,100.04526278847142,100.69105329011616,13.136315847698013,11.530526361967388,96.63587951660156,114.20635986328122,75.23561,76.76268
2017-06-01,6558,1182,14708,0.68,0.866,-8.44,-0.67,2017-06,47.54000039534135,45.19590950012207,96.94863683527166,10.513636328957295,126.7890167236328,0.0180928631476047,0.0194154301432813,2.3440908952192827,0.2727272727272727,1.0,86.52464545454546,15851.0,21303.0,3341.0,4536.0,15857.666666666666,12654.0,8940.166666666666,5442.003062598675,6,2,1.2246467991473532e-16,-1.0,1291.0,989.0,51.34954556551847,52.50565188864003,48.53954575278542,49.67391320933466,98.26863653009588,100.75912973155144,10.862272782759232,11.897826111834982,102.57996368408205,96.63587951660156,82.25079130434783,78.33163043478261
2017-07-01,11236,1183,8000,0.94,0.942,0.08,27.12,2017-07,49.12550029754639,46.67500038146973,94.8610008239746,10.264499998092653,126.78901672363278,0.018287580955254,0.0185854299714953,2.45049991607666,0.0,0.0,86.1752238095238,6558.0,10419.0,8527.0,3724.0,10942.666666666666,13190.166666666666,9108.666666666666,4668.5792628307545,7,3,-0.4999999999999997,-0.8660254037844388,1182.0,1062.0,47.54000039534135,53.81894703915245,45.19590950012207,51.11736899928043,96.94863683527166,100.04526278847142,10.513636328957295,13.136315847698013,126.7890167236328,96.63587951660156,86.52464545454546,75.23561
2017-08-01,14253,1100,28599,0.97,0.915,-7.02,18.35,2017-08,51.90695638241975,48.05782566899838,93.17608642578124,11.97565215566884,138.5316162109375,0.0155144446792955,0.016128567325478,3.8491307134213657,0.0,0.0,95.36338695652174,11236.0,15851.0,16483.0,4508.0,11215.0,13641.666666666666,9734.666666666666,4646.535591168976,8,3,-0.8660254037844385,-0.5000000000000004,1183.0,1291.0,49.12550029754639,51.34954556551847,46.67500038146973,48.53954575278542,94.8610008239746,98.26863653009588,10.264499998092653,10.862272782759232,126.78901672363278,102.57996368408205,86.1752238095238,82.25079130434783
2017-09-01,13313,1284,14015,0.96,0.898,16.73,-2.75,2017-09,55.65200023651123,49.876999855041504,92.3240005493164,10.437999963760376,115.5344467163086,0.014553463158829,0.0167855943028365,5.775000381469726,0.0,0.0,85.46213333333333,14253.0,6558.0,21303.0,3870.0,10682.333333333334,13270.0,10546.75,3877.2627372069273,9,3,-1.0,-1.8369701987210297e-16,1100.0,1182.0,51.90695638241975,47.54000039534135,48.05782566899838,45.19590950012207,93.17608642578124,96.94863683527166,11.97565215566884,10.513636328957295,138.5316162109375,126.7890167236328,95.36338695652174,86.52464545454546
2017-10-01,7584,1248,22171,0.94,0.886,-2.8,-4.17,2017-10,57.64909068020907,51.59454588456588,93.71954484419388,10.125454512509434,115.5344467163086,0.0140763467047611,0.0149456507333069,6.054544795643199,0.0,0.0,93.5206818181818,13313.0,11236.0,10419.0,8367.0,12934.0,11938.333333333334,11333.666666666666,1543.7949993441548,10,4,-0.8660254037844386,0.5000000000000001,1284.0,1183.0,55.65200023651123,49.12550029754639,49.876999855041504,46.67500038146973,92.3240005493164,94.8610008239746,10.437999963760376,10.264499998092653,115.5344467163086,126.78901672363278,85.46213333333333,86.1752238095238
2017-11-01,17300,1331,20003,0.94,0.908,6.65,-1.23,2017-11,62.87142853509812,56.66285741896856,93.9971440633138,10.540476163228352,92.59601593017578,0.0132436900240286,0.0129744015638134,6.208571116129558,0.0,0.0,97.8013,7584.0,14253.0,15851.0,6353.0,11716.666666666666,11465.833333333334,11268.416666666666,3609.723027232609,11,4,-0.5000000000000004,0.8660254037844384,1248.0,1100.0,57.64909068020907,51.90695638241975,51.59454588456588,48.05782566899838,93.71954484419388,93.17608642578124,10.125454512509434,11.97565215566884,115.5344467163086,138.5316162109375,93.5206818181818,95.36338695652174
2017-12-01,12529,1339,40980,0.87,0.927,0.6,-20.65,2017-12,64.06650028228759,57.94699993133545,93.38800010681152,10.264500045776368,82.71825408935547,0.013193243760994,0.0134693592719414,6.119500350952149,0.0,0.0,100.8730761904762,17300.0,13313.0,6558.0,3341.0,12732.333333333334,11707.333333333334,12180.666666666666,4883.957855401021,12,4,-2.4492935982947064e-16,1.0,1331.0,1284.0,62.87142853509812,55.65200023651123,56.66285741896856,49.876999855041504,93.9971440633138,92.3240005493164,10.540476163228352,10.437999963760376,92.59601593017578,115.5344467163086,97.8013,85.46213333333333
2018-01-01,9140,1398,26682,1.09,0.909,4.41,-22.73,2018-01,69.02238028390067,63.65904780796596,90.74476187569756,11.062381017775763,82.71825408935547,0.0114268678342155,0.0110034655057148,5.36333247593471,0.0,0.0,102.8287695652174,12529.0,7584.0,11236.0,8527.0,12471.0,12702.5,12946.333333333334,4858.2596678234495,1,1,0.49999999999999994,0.8660254037844387,1339.0,1248.0,64.06650028228759,57.64909068020907,57.94699993133545,51.59454588456588,93.38800010681152,93.71954484419388,10.264500045776368,10.125454512509434,82.71825408935547,115.5344467163086,100.8730761904762,93.5206818181818
2018-02-01,11246,1202,23126,0.72,0.934,-14.02,-5.91,2018-02,65.70368415430973,62.18368429886667,89.73052617123253,22.464736637316253,64.49137115478516,0.0107650863801083,0.0126374917150456,3.519999855443052,0.0,0.0,100.69661,9140.0,17300.0,14253.0,16483.0,12989.666666666666,12353.166666666666,12997.416666666666,4099.458541482441,2,1,0.8660254037844386,0.5000000000000001,1398.0,1331.0,69.02238028390067,62.87142853509812,63.65904780796596,56.66285741896856,90.74476187569756,93.9971440633138,11.062381017775763,10.540476163228352,82.71825408935547,92.59601593017578,102.8287695652174,97.8013
2018-03-01,14221,1478,29938,0.96,0.926,22.96,-13.03,2018-03,66.80904751732236,62.77190489996048,89.87619127546039,19.02380975087484,111.96229553222656,0.013829671976331,0.0153956883910088,4.037142617361887,0.0,0.0,114.30559090909092,11246.0,12529.0,13313.0,21303.0,10971.666666666666,11852.0,12561.0,1711.0740291797267,3,1,1.0,6.123233995736766e-17,1202.0,1339.0,65.70368415430973,64.06650028228759,62.18368429886667,57.94699993133545,89.73052617123253,93.38800010681152,22.464736637316253,10.264500045776368,64.49137115478516,82.71825408935547,100.69661,100.8730761904762
2018-04-01,5250,1305,30993,0.83,0.924,-11.71,28.68,2018-04,71.7623806908017,66.32523781912667,90.2933327811105,18.26761904216948,111.96229553222656,0.0159753515126983,0.0165729777479341,5.437142871675038,0.0,0.0,107.06758571428573,14221.0,9140.0,7584.0,10419.0,11535.666666666666,12003.333333333334,11970.833333333334,2552.8553294954545,4,2,0.8660254037844387,-0.4999999999999998,1478.0,1398.0,66.80904751732236,69.02238028390067,62.77190489996048,63.65904780796596,89.87619127546039,90.74476187569756,19.02380975087484,11.062381017775763,111.96229553222656,82.71825408935547,114.30559090909092,102.8287695652174
2018-05-01,17455,1403,24160,0.95,0.865,7.51,9.63,2018-05,77.17681884765625,69.98318099975586,93.29954598166726,14.124545487490566,125.66661834716795,0.0142280478130716,0.0146049001973421,7.193637847900391,0.3636363636363636,1.0,107.66389565217392,5250.0,11246.0,17300.0,15851.0,10239.0,11614.333333333334,11540.083333333334,4569.490890679181,5,2,0.49999999999999994,-0.8660254037844387,1305.0,1202.0,71.7623806908017,65.70368415430973,66.32523781912667,62.18368429886667,90.2933327811105,89.73052617123253,18.26761904216948,22.464736637316253,111.96229553222656,64.49137115478516,107.06758571428573,100.69661
2018-06-01,9102,1382,12463,0.87,0.895,-1.5,-2.37,2018-06,75.97952379499164,67.32285672142392,94.37714276994976,13.678095318022228,103.96858978271484,0.0157750758378229,0.0161168468764149,8.656667073567709,0.0,0.0,110.59777142857142,17455.0,14221.0,12529.0,6558.0,12308.666666666666,11640.166666666666,11673.75,6323.232585737564,6,2,1.2246467991473532e-16,-1.0,1403.0,1478.0,77.17681884765625,66.80904751732236,69.98318099975586,62.77190489996048,93.29954598166726,89.87619127546039,14.124545487490566,19.02380975087484,125.66661834716795,111.96229553222656,107.66389565217392,114.30559090909092
2018-07-01,15236,1358,31172,0.87,0.901,-1.74,-14.67,2018-07,74.7952386765253,70.58190518333798,94.59761919294084,13.147619065784273,103.96858978271484,0.0205360915860622,0.0198561204306394,4.213333493187314,0.0,0.0,118.48671363636365,9102.0,5250.0,9140.0,11236.0,10602.333333333334,11069.0,11885.75,6239.291332622107,7,3,-0.4999999999999997,-0.8660254037844388,1382.0,1305.0,75.97952379499164,71.7623806908017,67.32285672142392,66.32523781912667,94.37714276994976,90.2933327811105,13.678095318022228,18.26761904216948,103.96858978271484,111.96229553222656,110.59777142857142,107.06758571428573
2018-08-01,9460,1513,17478,0.67,0.913,11.41,-2.33,2018-08,73.92260808530061,67.84521782916525,95.48173954175866,12.546956518422002,112.74168395996094,0.0167367092629517,0.0179226584721173,6.07739025613536,0.0,0.0,115.52000434782607,15236.0,17455.0,11246.0,14253.0,13931.0,12085.0,12219.083333333334,4326.710182112966,8,3,-0.8660254037844385,-0.5000000000000004,1358.0,1403.0,74.7952386765253,77.17681884765625,70.58190518333798,69.98318099975586,94.59761919294084,93.29954598166726,13.147619065784273,14.124545487490566,103.96858978271484,125.66661834716795,118.48671363636365,107.66389565217392
2018-09-01,13366,1593,23240,0.91,0.884,5.29,-5.65,2018-09,79.15999964663857,70.0847372757761,94.73947464792352,12.910526325828153,112.74168395996094,0.0120868650160487,0.0130766832382394,9.07526237086246,0.0,0.0,112.78755,9460.0,9102.0,14221.0,13313.0,11266.0,11787.333333333334,11819.666666666666,3442.7773671848163,9,3,-1.0,-1.8369701987210297e-16,1513.0,1382.0,73.92260808530061,75.97952379499164,67.84521782916525,67.32285672142392,95.48173954175866,94.37714276994976,12.546956518422002,13.678095318022228,112.74168395996094,103.96858978271484,115.52000434782607,110.59777142857142
2018-10-01,13382,1437,8000,1.23,0.902,-9.79,8.7,2018-10,80.62956635848336,70.75782610022503,95.8526093856148,19.35217363938041,92.0164794921875,0.014174411746496,0.0149765578608585,9.871740258258322,0.0,0.0,104.15130434782608,13366.0,15236.0,5250.0,7584.0,12687.333333333334,11644.833333333334,11824.083333333334,2947.199574737576,10,4,-0.8660254037844386,0.5000000000000001,1593.0,1358.0,79.15999964663857,74.7952386765253,70.0847372757761,70.58190518333798,94.73947464792352,94.59761919294084,12.910526325828153,13.147619065784273,112.74168395996094,103.96858978271484,112.78755,118.48671363636365
2018-11-01,3000,1628,12032,1.14,0.889,13.29,6.67,2018-11,66.23285729544503,56.6933328537714,96.7614288330078,19.389047622680664,80.40758514404297,0.0192778471311223,0.018957459096758,9.539524441673644,0.0,0.0,103.2527909090909,13382.0,9460.0,17455.0,17300.0,12069.333333333334,13000.166666666666,12307.25,2259.763114428888,11,4,-0.5000000000000004,0.8660254037844384,1437.0,1513.0,80.62956635848336,73.92260808530061,70.75782610022503,67.84521782916525,95.8526093856148,95.48173954175866,19.35217363938041,12.546956518422002,92.0164794921875,112.74168395996094,104.15130434782608,115.52000434782607
2018-12-01,9081,1557,23609,0.96,0.921,-4.36,9.13,2018-12,57.47000021683542,48.777369248239616,96.87578984310753,24.953157726087067,80.40758514404297,0.029651327933484,0.0299019281602202,8.692630968595804,0.0,0.0,107.7542238095238,3000.0,13366.0,9102.0,12529.0,9916.0,10591.0,11115.583333333334,5989.437035314756,12,4,-2.4492935982947064e-16,1.0,1628.0,1593.0,66.23285729544503,79.15999964663857,56.6933328537714,70.0847372757761,96.7614288330078,94.73947464792352,19.389047622680664,12.910526325828153,80.40758514404297,112.74168395996094,103.2527909090909,112.78755
2019-01-01,11780,1657,16459,1.27,0.929,6.42,27.6,2019-01,60.12190500895182,51.55047625587101,95.93761880057198,19.57238079252697,80.40758514404297,0.0323077081953654,0.0337751574610286,8.571428753080822,0.0,0.0,105.07978260869564,9081.0,13382.0,15236.0,9140.0,8487.666666666666,10587.5,10828.25,5216.369842460688,1,1,0.49999999999999994,0.8660254037844387,1557.0,1437.0,57.47000021683542,80.62956635848336,48.777369248239616,70.75782610022503,96.87578984310753,95.8526093856148,24.953157726087067,19.35217363938041,80.40758514404297,92.0164794921875,107.7542238095238,104.15130434782608
2019-02-01,12781,1515,29064,0.96,0.899,-8.57,11.72,2019-02,64.2763153879266,54.98052597045898,96.45842100444592,15.234736844112998,96.80016326904295,0.0194477754204101,0.0215435840230019,9.29578941746762,0.0,0.0,103.061145,11780.0,3000.0,9460.0,11246.0,7953.666666666667,10011.5,11048.25,4497.250308058619,2,1,0.8660254037844386,0.5000000000000001,1657.0,1628.0,60.12190500895182,66.23285729544503,51.55047625587101,56.6933328537714,95.93761880057198,96.7614288330078,19.57238079252697,19.389047622680664,80.40758514404297,80.40758514404297,105.07978260869564,103.2527909090909
2019-03-01,9287,1704,25628,1.09,0.964,12.48,0.75,2019-03,67.02761949811664,58.16809517996652,96.78285689581008,14.485238075256348,82.32829284667969,0.0128971011596858,0.014910931249888,8.859524318150111,0.0,0.0,98.97511904761905,12781.0,9081.0,13366.0,14221.0,11214.0,10565.0,11176.166666666666,1913.8356773767207,3,1,1.0,6.123233995736766e-17,1515.0,1557.0,64.2763153879266,57.47000021683542,54.98052597045898,48.777369248239616,96.45842100444592,96.87578984310753,15.234736844112998,24.953157726087067,96.80016326904295,80.40758514404297,103.061145,107.7542238095238
2019-04-01,12186,1528,29619,1.13,0.926,-10.33,-13.86,2019-04,71.62857237316314,63.87095260620117,97.3585717337472,12.949047588166737,79.25344848632812,0.0092683816158214,0.0124069795057812,7.757619766961961,0.0,0.0,96.56251363636363,9287.0,11780.0,13382.0,5250.0,11282.666666666666,9885.166666666666,10765.0,1799.309404558689,4,2,0.8660254037844387,-0.4999999999999998,1704.0,1657.0,67.02761949811664,60.12190500895182,58.16809517996652,51.55047625587101,96.78285689581008,95.93761880057198,14.485238075256348,19.57238079252697,82.32829284667969,80.40758514404297,98.97511904761905,105.07978260869564
2019-05-01,13500,1745,37723,1.21,0.874,14.2,4.73,2019-05,70.31181820956144,60.865454413674094,97.74181782115588,16.721818056973543,106.4719009399414,0.0125999646995104,0.0142600028893914,9.44636379588734,0.0,0.0,88.76930434782608,12186.0,12781.0,3000.0,17455.0,11418.0,9685.833333333334,11343.0,1869.3252793454676,5,2,0.49999999999999994,-0.8660254037844387,1528.0,1515.0,71.62857237316314,64.2763153879266,63.87095260620117,54.98052597045898,97.3585717337472,96.45842100444592,12.949047588166737,15.234736844112998,79.25344848632812,96.80016326904295,96.56251363636363,103.061145
2019-06-01,16338,1665,27264,0.65,0.923,-4.58,-2.08,2019-06,63.03800010681152,54.70650024414063,96.80450057983398,15.835999870300292,106.4719009399414,0.0208620633706343,0.0221846842328343,8.3314998626709,0.0,0.0,90.102325,13500.0,9287.0,9081.0,9102.0,11657.666666666666,11435.833333333334,11013.416666666666,2155.6192459090134,6,2,1.2246467991473532e-16,-1.0,1745.0,1704.0,70.31181820956144,67.02761949811664,60.865454413674094,58.16809517996652,97.74181782115588,96.78285689581008,16.721818056973543,14.485238075256348,106.4719009399414,82.32829284667969,88.76930434782608,98.97511904761905
2019-07-01,3000,1776,29024,1.09,0.876,6.67,6.25,2019-07,64.25636395541105,57.546363830566406,97.36590922962536,13.30590907010165,93.52125549316406,0.0216275892372322,0.0237132478986969,6.710000124844638,0.0,0.0,92.44319565217393,16338.0,12186.0,11780.0,15236.0,14008.0,12645.333333333334,11616.416666666666,2122.103673245021,7,3,-0.4999999999999997,-0.8660254037844388,1665.0,1528.0,63.03800010681152,71.62857237316314,54.70650024414063,63.87095260620117,96.80450057983398,97.3585717337472,15.835999870300292,12.949047588166737,106.4719009399414,79.25344848632812,90.102325,96.56251363636363
2019-08-01,9223,1806,23570,0.94,0.93,1.69,9.13,2019-08,59.50181805003773,54.84409054842863,98.00454503839666,18.979090907356955,103.4044189453125,0.0237970128551149,0.0258752329282353,4.65772750160911,0.0,0.0,91.84558636363636,3000.0,13500.0,12781.0,9460.0,10946.0,11182.0,10596.75,7026.218613165976,8,3,-0.8660254037844385,-0.5000000000000004,1776.0,1745.0,64.25636395541105,70.31181820956144,57.546363830566406,60.865454413674094,97.36590922962536,97.74181782115588,13.30590907010165,16.721818056973543,93.52125549316406,106.4719009399414,92.44319565217393,88.76930434782608
2019-09-01,13553,1885,12462,0.65,0.921,4.37,14.53,2019-09,62.46849994659424,56.9670000076294,98.59999961853028,15.55899987220764,103.4044189453125,0.0300876952645778,0.0314260166004608,5.5014999389648445,0.0,0.0,84.64610952380951,9223.0,16338.0,9287.0,13366.0,9520.333333333334,10589.0,10577.0,6673.969308689796,9,3,-1.0,-1.8369701987210297e-16,1806.0,1665.0,59.50181805003773,63.03800010681152,54.84409054842863,54.70650024414063,98.00454503839666,96.80450057983398,18.979090907356955,15.835999870300292,103.4044189453125,106.4719009399414,91.84558636363636,90.102325
2019-10-01,19193,1864,24178,1.36,0.875,-1.11,28.73,2019-10,59.632173289423406,54.00565255206564,98.1730436242145,15.466521760691768,97.83673095703124,0.0303044274528827,0.0301754108795693,5.62652073735776,0.0,0.0,82.28827826086956,13553.0,3000.0,12186.0,13382.0,8592.0,11300.0,10592.583333333334,5304.721764616879,10,4,-0.8660254037844386,0.5000000000000001,1885.0,1776.0,62.46849994659424,64.25636395541105,56.9670000076294,57.546363830566406,98.59999961853028,97.36590922962536,15.55899987220764,13.30590907010165,103.4044189453125,93.52125549316406,84.64610952380951,92.44319565217393
2019-11-01,11642,1900,19410,0.72,0.907,1.93,9.38,2019-11,62.65149974822998,57.07000007629394,98.06499977111817,12.523499965667725,73.07838439941406,0.0134949532592008,0.0158183692650791,5.581499671936035,0.0,0.0,76.32420952380951,19193.0,9223.0,13500.0,3000.0,13989.666666666666,12467.833333333334,11076.833333333334,4999.32328753936,11,4,-0.5000000000000004,0.8660254037844384,1864.0,1806.0,59.632173289423406,59.50181805003773,54.00565255206564,54.84409054842863,98.1730436242145,98.00454503839666,15.466521760691768,18.979090907356955,97.83673095703124,103.4044189453125,82.28827826086956,91.84558636363636
2019-12-01,13458,1233,32908,0.77,0.906,-35.11,2.09,2019-12,65.17380886986142,59.80476197742281,97.37666684105282,13.756666637602306,73.07838439941406,0.0148909920876147,0.0183936055045167,5.369046892438617,0.0,0.0,84.93699545454545,11642.0,13553.0,16338.0,9081.0,14796.0,12158.166666666666,11797.0,3925.9631939181527,12,4,-2.4492935982947064e-16,1.0,1900.0,1885.0,62.65149974822998,62.46849994659424,57.07000007629394,56.9670000076294,98.06499977111817,98.59999961853028,12.523499965667725,15.55899987220764,73.07838439941406,103.4044189453125,76.32420952380951,84.64610952380951
2020-01-01,9441,1325,34827,1.13,0.897,7.46,-6.74,2020-01,63.5999999273391,57.52857190086728,97.43619028727214,13.94095243726458,73.07838439941406,0.0156037469955373,0.015625640924998,6.07142802647182,0.4285714285714285,1.0,77.58524782608696,13458.0,19193.0,3000.0,11780.0,14764.333333333334,11678.166666666666,12161.75,3941.3551392044533,1,1,0.49999999999999994,0.8660254037844387,1233.0,1864.0,65.17380886986142,59.632173289423406,59.80476197742281,54.00565255206564,97.37666684105282,98.1730436242145,13.756666637602306,15.466521760691768,73.07838439941406,97.83673095703124,84.93699545454545,82.28827826086956
2020-02-01,5709,1725,20721,0.95,0.884,30.19,23.22,2020-02,55.362105319374486,50.54210502222965,98.84315852115029,19.628947358382376,73.07838439941406,0.0198704725065018,0.0164731758991212,4.82000029714484,0.0,0.0,70.110405,9441.0,11642.0,9223.0,12781.0,11513.666666666666,12751.666666666666,11966.833333333334,2011.5726020537654,2,1,0.8660254037844386,0.5000000000000001,1325.0,1900.0,63.5999999273391,62.65149974822998,57.52857190086728,57.07000007629394,97.43619028727214,98.06499977111817,13.94095243726458,12.523499965667725,73.07838439941406,73.07838439941406,77.58524782608696,76.32420952380951
2020-03-01,5049,1809,43996,1.35,0.859,4.87,45.35,2020-03,33.72909112410112,30.445454597473145,98.8350004716353,57.7368184002963,73.07838439941406,0.0528163224772225,0.062178209473268,3.283636526627973,0.0,0.0,67.08263636363637,5709.0,13458.0,13553.0,9287.0,9536.0,12166.0,11377.5,3875.3734013640574,3,1,1.0,6.123233995736766e-17,1725.0,1233.0,55.362105319374486,65.17380886986142,50.54210502222965,59.80476197742281,98.84315852115029,97.37666684105282,19.628947358382376,13.756666637602306,73.07838439941406,73.07838439941406,70.110405,84.93699545454545
2020-04-01,19611,2136,26894,1.27,0.881,18.08,47.9,2020-04,26.63142867315383,16.699047678992862,99.91285705566406,41.45380964733305,69.33940124511719,0.0866725549554775,0.3200690796771143,9.93238099416097,0.4761904761904761,1.0,61.06137727272728,5049.0,9441.0,19193.0,12186.0,6733.0,10748.666666666666,11024.333333333334,2368.300656589028,4,2,0.8660254037844387,-0.4999999999999998,1809.0,1325.0,33.72909112410112,63.5999999273391,30.445454597473145,57.52857190086728,98.8350004716353,97.43619028727214,57.7368184002963,13.94095243726458,73.07838439941406,73.07838439941406,67.08263636363637,77.58524782608696
2020-05-01,14563,2605,8000,1.52,0.85,21.96,45.48,2020-05,32.256000232696536,28.527499961853028,99.5530002593994,30.89700002670288,68.50721740722656,0.0794410611918177,0.6184650908776322,3.728500270843505,0.0,0.0,56.69485714285714,19611.0,5709.0,11642.0,13500.0,10123.0,10818.333333333334,11643.083333333334,8223.472988950594,5,2,0.49999999999999994,-0.8660254037844387,2136.0,1725.0,26.63142867315383,55.362105319374486,16.699047678992862,50.54210502222965,99.91285705566406,98.84315852115029,41.45380964733305,19.628947358382376,69.33940124511719,73.07838439941406,61.06137727272728,70.110405
2020-06-01,6646,2721,29850,1.82,0.838,4.45,67.38,2020-06,40.77272727272727,38.31363608620384,97.08772798018022,31.11954550309615,71.22785949707031,0.0437553493465348,0.0910612088434063,2.459091186523438,0.0,0.0,59.08985909090909,14563.0,5049.0,13458.0,16338.0,13074.333333333334,11305.166666666666,11731.666666666666,7394.258403202674,6,2,1.2246467991473532e-16,-1.0,2605.0,1809.0,32.256000232696536,33.72909112410112,28.527499961853028,30.445454597473145,99.5530002593994,98.8350004716353,30.89700002670288,57.7368184002963,68.50721740722656,73.07838439941406,56.69485714285714,67.08263636363637
2020-07-01,8237,2835,25780,1.92,0.83,4.19,141.54,2020-07,43.24136369878595,40.76590919494629,95.51409114490856,26.84045462174849,66.47328186035156,0.0251934077683817,0.0262452144049996,2.4754545038396665,0.0,0.0,59.94165217391304,6646.0,19611.0,9441.0,3000.0,13606.666666666666,10169.833333333334,10924.0,6535.192142036327,7,3,-0.4999999999999997,-0.8660254037844388,2721.0,2136.0,40.77272727272727,26.63142867315383,38.31363608620384,16.699047678992862,97.08772798018022,99.91285705566406,31.11954550309615,41.45380964733305,71.22785949707031,69.33940124511719,59.08985909090909,61.06137727272728
2020-08-01,6232,3207,23284,1.8,0.863,13.12,110.18,2020-08,45.01999991280692,42.38809512910389,93.0442857288179,22.88952382405599,66.47328186035156,0.0138486330582239,0.01596969318521,2.631904783703033,0.0,0.0,58.64663333333334,8237.0,14563.0,5709.0,9223.0,9815.333333333334,9969.166666666666,11360.416666666666,4187.848413366148,8,3,-0.8660254037844385,-0.5000000000000004,2835.0,2605.0,43.24136369878595,32.256000232696536,40.76590919494629,28.527499961853028,95.51409114490856,99.5530002593994,26.84045462174849,30.89700002670288,66.47328186035156,68.50721740722656,59.94165217391304,56.69485714285714
2020-09-01,10445,3178,25890,2.24,0.847,-0.9,128.73,2020-09,41.86714299519857,39.62571407499768,93.43714287167504,27.647619065784276,80.37738037109375,0.0189297855021893,0.0213153001947852,2.2414289202008937,0.0,0.0,52.94445454545455,6232.0,6646.0,5049.0,13553.0,7038.333333333333,10056.333333333334,11111.166666666666,1058.5132655443501,9,3,-1.0,-1.8369701987210297e-16,3207.0,2721.0,45.01999991280692,40.77272727272727,42.38809512910389,38.31363608620384,93.0442857288179,97.08772798018022,22.88952382405599,31.11954550309615,66.47328186035156,71.22785949707031,58.64663333333334,59.08985909090909
2020-10-01,13255,3420,20384,2.06,0.835,7.61,101.41,2020-10,41.52409102699973,39.55454531582919,93.40636340054598,29.43863608620384,76.08316802978516,0.0249028672978628,0.028550633365309,1.969545711170544,0.0,0.0,61.10611363636363,10445.0,8237.0,19611.0,19193.0,8304.666666666666,10955.666666666666,10852.166666666666,2107.3149582664096,10,4,-0.8660254037844386,0.5000000000000001,3178.0,2835.0,41.86714299519857,43.24136369878595,39.62571407499768,40.76590919494629,93.43714287167504,95.51409114490856,27.647619065784276,26.84045462174849,80.37738037109375,66.47328186035156,52.94445454545455,59.94165217391304
2020-11-01,16396,3771,20474,2.27,0.861,10.26,137.86,2020-11,43.78900012969971,41.34650039672852,92.6195011138916,24.99550008773804,76.08316802978516,0.0277410863672885,0.0299039415152055,2.442499732971192,0.0,0.0,76.85129523809523,13255.0,6232.0,14563.0,11642.0,9977.333333333334,9896.333333333334,10357.333333333334,3534.779531078757,11,4,-0.5000000000000004,0.8660254037844384,3420.0,3207.0,41.52409102699973,45.01999991280692,39.55454531582919,42.38809512910389,93.40636340054598,93.0442857288179,29.43863608620384,22.88952382405599,76.08316802978516,66.47328186035156,61.10611363636363,58.64663333333334
2020-12-01,8889,4812,15590,2.21,0.804,27.61,177.46,2020-12,50.218181956898086,47.06818147139116,90.51272721724077,22.374090974981133,64.06729125976562,0.0207519546846212,0.0224529815977838,3.150000485506925,0.0,0.0,101.15632608695653,16396.0,10445.0,6646.0,13458.0,13365.333333333334,10201.833333333334,10753.5,2977.033814610333,12,4,-2.4492935982947064e-16,1.0,3771.0,3178.0,43.78900012969971,41.86714299519857,41.34650039672852,39.62571407499768,92.6195011138916,93.43714287167504,24.99550008773804,27.647619065784276,76.08316802978516,80.37738037109375,76.85129523809523,52.94445454545455
2021-01-01,8328,3826,31737,2.87,0.797,-20.49,193.54,2021-01,55.35157916420385,52.1021055924265,90.22631554854544,24.90999984741211,64.06729125976562,0.0155317839055334,0.0161377704606781,3.2494735717773438,0.0,0.0,114.0027761904762,8889.0,13255.0,8237.0,9441.0,12846.666666666666,10575.666666666666,10372.75,3770.1212624176096,1,1,0.49999999999999994,0.8660254037844387,4812.0,3420.0,50.218181956898086,41.52409102699973,47.06818147139116,39.55454531582919,90.51272721724077,93.40636340054598,22.374090974981133,29.43863608620384,64.06729125976562,76.08316802978516,101.15632608695653,61.10611363636363
2021-02-01,13187,3967,33956,2.1,0.821,3.69,117.93,2021-02,62.22789423089279,59.06105262354801,90.65157880281149,23.14052621941817,73.95680236816406,0.0137745623074385,0.0149425082352657,3.1668416073447774,0.0,0.0,128.309535,8328.0,16396.0,6232.0,5709.0,11204.333333333334,10590.833333333334,10280.0,4504.856527497113,2,1,0.8660254037844386,0.5000000000000001,3826.0,3771.0,55.35157916420385,43.78900012969971,52.1021055924265,41.34650039672852,90.22631554854544,92.6195011138916,24.90999984741211,24.99550008773804,64.06729125976562,76.08316802978516,114.0027761904762,76.85129523809523
2021-03-01,3000,3576,25763,2.51,0.777,-9.86,151.66,2021-03,65.70217381352964,62.35739135742188,92.00913039497708,21.843043534652047,78.61876678466797,0.0213977956149959,0.0219974003689444,3.344782456107761,0.3478260869565217,1.0,139.50682608695652,13187.0,8889.0,10445.0,5049.0,10134.666666666666,11750.0,10903.166666666666,2658.238953392519,3,1,1.0,6.123233995736766e-17,3967.0,4812.0,62.22789423089279,50.218181956898086,59.06105262354801,47.06818147139116,90.65157880281149,90.51272721724077,23.14052621941817,22.374090974981133,73.95680236816406,64.06729125976562,128.309535,101.15632608695653
2021-04-01,16062,3979,27412,2.29,0.762,11.27,133.33,2021-04,65.32857150123233,61.70380982898531,91.58761887323288,17.416190556117467,88.16622161865234,0.0280934443017371,0.0299784942557276,3.624761672247025,0.0,0.0,160.6426318181818,3000.0,8328.0,13255.0,19611.0,8171.666666666667,10509.166666666666,10732.416666666666,5095.299042581637,4,2,0.8660254037844387,-0.4999999999999998,3576.0,3826.0,65.70217381352964,55.35157916420385,62.35739135742188,52.1021055924265,92.00913039497708,90.22631554854544,21.843043534652047,24.90999984741211,78.61876678466797,64.06729125976562,139.50682608695652,114.0027761904762
2021-05-01,10690,3634,22394,2.37,0.771,-8.67,97.34,2021-05,68.25849990844726,65.15699977874756,90.31799964904783,19.7604998588562,88.16622161865234,0.0172096414040575,0.0192305398370512,3.101500129699707,0.0,0.0,176.46521428571427,16062.0,13187.0,16396.0,14563.0,10749.666666666666,10977.0,10436.666666666666,6863.629239209629,5,2,0.49999999999999994,-0.8660254037844387,3979.0,3967.0,65.32857150123233,62.22789423089279,61.70380982898531,59.06105262354801,91.58761887323288,90.65157880281149,17.416190556117467,23.14052621941817,88.16622161865234,73.95680236816406,160.6426318181818,128.309535
2021-06-01,10361,3360,22564,2.57,0.732,-7.54,100.42,2021-06,73.40818162397905,71.3527287569913,91.03909128362484,16.956818147139117,74.12712097167969,0.0144716122194708,0.0164398944708863,2.0554528669877485,0.0,0.0,204.7511090909091,10690.0,3000.0,8889.0,6646.0,9917.333333333334,10026.0,10113.916666666666,6565.1901216441065,6,2,1.2246467991473532e-16,-1.0,3634.0,3576.0,68.25849990844726,65.70217381352964,65.15699977874756,62.35739135742188,90.31799964904783,92.00913039497708,19.7604998588562,21.843043534652047,88.16622161865234,78.61876678466797,176.46521428571427,139.50682608695652
2021-07-01,4188,3422,32685,2.2,0.769,1.85,49.62,2021-07,74.15714336576916,72.43047659737724,92.52285802932012,17.60333351861863,58.42076873779297,0.0145639607362764,0.0169340566926807,1.726666768391927,0.0,0.0,234.4165363636364,10361.0,16062.0,8328.0,8237.0,12371.0,10271.333333333334,10423.5,3200.7297605389967,7,3,-0.4999999999999997,-0.8660254037844388,3360.0,3979.0,73.40818162397905,65.32857150123233,71.3527287569913,61.70380982898531,91.03909128362484,91.58761887323288,16.956818147139117,17.416190556117467,74.12712097167969,88.16622161865234,204.7511090909091,160.6426318181818
2021-08-01,15730,3199,30314,2.71,0.748,-6.52,78.89,2021-08,70.51363615556197,67.71136318553577,92.7999995838512,17.47772723978216,58.42076873779297,0.022268805010988,0.0236984728824625,2.80227297002619,0.0,0.0,238.01937272727272,4188.0,10690.0,13187.0,6232.0,8413.0,9581.333333333334,10086.083333333334,3662.653273243322,8,3,-0.8660254037844385,-0.5000000000000004,3422.0,3634.0,74.15714336576916,68.25849990844726,72.43047659737724,65.15699977874756,92.52285802932012,90.31799964904783,17.60333351861863,19.7604998588562,58.42076873779297,88.16622161865234,234.4165363636364,176.46521428571427
2021-09-01,8481,2710,30156,2.92,0.75,-15.29,84.99,2021-09,75.0028559366862,71.54476202101935,92.99238041469027,19.8247617994036,80.69696807861328,0.0197430953849458,0.0198080986020702,3.458093915666853,0.0,0.0,260.5808045454545,15730.0,10361.0,3000.0,10445.0,10093.0,10005.166666666666,10877.583333333334,5775.665243069409,9,3,-1.0,-1.8369701987210297e-16,3199.0,3360.0,70.51363615556197,73.40818162397905,67.71136318553577,71.3527287569913,92.7999995838512,91.03909128362484,17.47772723978216,16.956818147139117,58.42076873779297,74.12712097167969,238.01937272727272,204.7511090909091
2021-10-01,12229,3239,30978,2.31,0.77,19.52,39.13,2021-10,83.74619038899739,81.22285752069382,93.95142800467356,17.869047573634557,79.02923583984375,0.0132686109557202,0.0138297085337662,2.523332868303572,0.3333333333333333,1.0,270.5765714285714,8481.0,4188.0,16062.0,13255.0,9466.333333333334,10918.666666666666,10713.916666666666,5833.746852009724,10,4,-0.8660254037844386,0.5000000000000001,2710.0,3422.0,75.0028559366862,74.15714336576916,71.54476202101935,72.43047659737724,92.99238041469027,92.52285802932012,19.8247617994036,17.60333351861863,80.69696807861328,58.42076873779297,260.5808045454545,234.4165363636364
2021-11-01,17913,2925,22930,2.55,0.723,-9.69,69.22,2021-11,80.78428540910993,78.653809320359,95.27095140729632,18.500476246788388,86.56914520263672,0.0154887067267332,0.0178548549375241,2.13047608875093,0.0,0.0,275.60184545454547,12229.0,15730.0,10690.0,16396.0,12146.666666666666,10279.833333333334,10628.416666666666,3625.201281768139,11,4,-0.5000000000000004,0.8660254037844384,3239.0,3199.0,83.74619038899739,70.51363615556197,81.22285752069382,67.71136318553577,93.95142800467356,92.7999995838512,17.869047573634557,17.47772723978216,79.02923583984375,58.42076873779297,270.5765714285714,238.01937272727272
2021-12-01,3849,2702,14517,2.84,0.687,-7.62,85.52,2021-12,74.74318140203303,71.69000070745295,96.19000001387164,21.35454550656405,105.34542083740234,0.0291882982342647,0.0332924874029686,3.053180694580078,0.0,0.0,315.48532608695655,17913.0,8481.0,10361.0,8889.0,12874.333333333334,11483.666666666666,10754.833333333334,4748.999613953801,12,4,-2.4492935982947064e-16,1.0,2925.0,2710.0,80.78428540910993,75.0028559366862,78.653809320359,71.54476202101935,95.27095140729632,92.99238041469027,18.500476246788388,19.8247617994036,86.56914520263672,80.69696807861328,275.60184545454547,260.5808045454545
2022-01-01,10802,2557,67125,2.81,0.738,-5.37,49.87,2022-01,85.52699966430664,82.97900009155273,95.966499710083,23.18100004196167,105.34542083740234,0.0200121116720261,0.0230784471405139,2.5479995727539064,0.0,0.0,325.76750000000004,3849.0,12229.0,4188.0,8328.0,11330.333333333334,10398.333333333334,10334.833333333334,7074.936419031153,1,1,0.49999999999999994,0.8660254037844387,2702.0,3239.0,74.74318140203303,83.74619038899739,71.69000070745295,81.22285752069382,96.19000001387164,93.95142800467356,21.35454550656405,17.869047573634557,105.34542083740234,79.02923583984375,315.48532608695655,270.5765714285714
2022-02-01,6412,2430,70367,2.58,0.738,-4.97,39.47,2022-02,94.03368457994964,91.62894680625514,95.9968426353053,25.74842111687911,216.1590118408203,0.0158823786523555,0.0173038408736027,2.404737773694485,0.5263157894736842,1.0,338.46986000000004,10802.0,17913.0,15730.0,13187.0,10854.666666666666,11500.666666666666,10541.0,7032.14791748107,2,1,0.8660254037844386,0.5000000000000001,2557.0,2925.0,85.52699966430664,80.78428540910993,82.97900009155273,78.653809320359,95.966499710083,95.27095140729632,23.18100004196167,18.500476246788388,105.34542083740234,86.56914520263672,325.76750000000004,275.60184545454547
2022-03-01,11163,2667,65644,2.66,0.742,9.75,6.91,2022-03,112.46304420802905,108.26217385996942,98.46695676057234,26.968695682028063,318.9549255371094,0.0384326243119281,0.0397071842799536,4.200870348059612,0.391304347826087,1.0,375.0099,6412.0,3849.0,8481.0,3000.0,7021.0,9947.666666666666,9976.416666666666,3516.2782881905146,3,1,1.0,6.123233995736766e-17,2430.0,2702.0,94.03368457994964,74.74318140203303,91.62894680625514,71.69000070745295,95.9968426353053,96.19000001387164,25.74842111687911,21.35454550656405,216.1590118408203,105.34542083740234,338.46986000000004,315.48532608695655
2022-04-01,7222,2400,50176,2.09,0.731,-10.01,-2.33,2022-04,105.91699981689452,101.64049949645997,100.70849990844728,24.37350015640259,191.14309692382807,0.0459785268069162,0.0463111018911084,4.276500320434566,0.0,0.0,366.3057571428572,11163.0,10802.0,12229.0,16062.0,9459.0,10394.666666666666,10656.666666666666,2644.945557095651,4,2,0.8660254037844387,-0.4999999999999998,2667.0,2557.0,112.46304420802905,85.52699966430664,108.26217385996942,82.97900009155273,98.46695676057234,95.966499710083,26.968695682028063,23.18100004196167,318.9549255371094,105.34542083740234,375.0099,325.76750000000004
2022-05-01,14899,2386,29978,2.66,0.755,-0.58,10.0,2022-05,111.4971429734003,109.259522937593,103.16761888776507,29.445714587257022,191.14309692382807,0.0318076193435369,0.0334372344546229,2.237620035807289,0.0,0.0,372.1105363636364,7222.0,6412.0,17913.0,10690.0,8265.666666666666,9560.166666666666,9920.0,2541.639300399124,5,2,0.49999999999999994,-0.8660254037844387,2400.0,2430.0,105.91699981689452,94.03368457994964,101.64049949645997,91.62894680625514,100.70849990844728,95.9968426353053,24.37350015640259,25.74842111687911,191.14309692382807,216.1590118408203,366.3057571428572,338.46986000000004
2022-06-01,12798,2213,41228,1.38,0.848,-7.25,-35.1,2022-06,117.66381000337148,114.33904811314174,103.8442862374442,28.100000018165225,130.7073211669922,0.0254670391734061,0.0256731380228749,3.3247618902297225,0.3809523809523809,1.0,393.4642136363637,14899.0,11163.0,3849.0,10361.0,11094.666666666666,9057.833333333334,10270.75,3838.9561515252253,6,2,1.2246467991473532e-16,-1.0,2386.0,2667.0,111.4971429734003,112.46304420802905,109.259522937593,108.26217385996942,103.16761888776507,98.46695676057234,29.445714587257022,26.968695682028063,191.14309692382807,318.9549255371094,372.1105363636364,375.0099
2022-07-01,10934,2251,19379,1.55,0.803,1.72,-35.71,2022-07,104.70499954223632,99.3844997406006,107.033500289917,24.86850004196167,117.1767654418945,0.0285504089510999,0.0314470349445283,5.320499801635739,0.0,0.0,435.8186238095238,12798.0,7222.0,10802.0,4188.0,11639.666666666666,10549.333333333334,10473.833333333334,3967.4153215076153,7,3,-0.4999999999999997,-0.8660254037844388,2213.0,2400.0,117.66381000337148,105.91699981689452,114.33904811314174,101.64049949645997,103.8442862374442,100.70849990844728,28.100000018165225,24.37350015640259,130.7073211669922,191.14309692382807,393.4642136363637,366.3057571428572
2022-08-01,16285,2089,51408,1.69,0.839,-7.2,-42.94,2022-08,97.74086894159733,91.4826086293096,107.1495653235394,22.169565366662063,132.86322021484375,0.0307390209510601,0.0304859205936373,6.258260312287704,0.0,0.0,443.5650782608696,10934.0,14899.0,6412.0,15730.0,12877.0,10571.333333333334,11036.0,1983.6801657525464,8,3,-0.8660254037844385,-0.5000000000000004,2251.0,2386.0,104.70499954223632,111.4971429734003,99.3844997406006,109.259522937593,107.033500289917,103.16761888776507,24.86850004196167,29.445714587257022,117.1767654418945,191.14309692382807,435.8186238095238,372.1105363636364
2022-09-01,10120,2024,65446,1.5,0.846,-3.11,-56.79,2022-09,90.32476116362072,83.8019049508231,110.74333336239768,27.406190418061755,131.98587036132812,0.0279625520124433,0.0272780481127128,6.522856212797619,0.0,0.0,451.3589681818182,16285.0,12798.0,11163.0,8481.0,13339.0,12216.833333333334,11082.25,2716.212620543549,9,3,-1.0,-1.8369701987210297e-16,2089.0,2213.0,97.74086894159733,117.66381000337148,91.4826086293096,114.33904811314174,107.1495653235394,103.8442862374442,22.169565366662063,28.100000018165225,132.86322021484375,130.7073211669922,443.5650782608696,393.4642136363637
2022-10-01,3000,1925,80000,1.23,0.878,-4.89,-48.49,2022-10,93.59380958193825,87.03095245361328,111.94142804827008,30.005714416503903,131.98587036132812,0.0242047673454074,0.0287360054995249,6.562857128324962,0.0,0.0,437.3611857142857,10120.0,10934.0,7222.0,12229.0,12446.333333333334,12043.0,11218.833333333334,3349.2044328964716,10,4,-0.8660254037844386,0.5000000000000001,2024.0,2251.0,90.32476116362072,104.70499954223632,83.8019049508231,99.3844997406006,110.74333336239768,107.033500289917,27.406190418061755,24.86850004196167,131.98587036132812,117.1767654418945,451.3589681818182,435.8186238095238
2022-11-01,4313,1750,80000,1.34,0.887,-9.09,-68.06,2022-11,91.1142857869466,84.38571457635788,108.14000047956196,23.43619065057664,116.7162857055664,0.0201410898317828,0.0254681445336829,6.728571210588729,0.0,0.0,395.4648909090909,3000.0,16285.0,14899.0,17913.0,9801.666666666666,11339.333333333334,10449.75,6648.218433034023,11,4,-0.5000000000000004,0.8660254037844384,1925.0,2089.0,93.59380958193825,97.74086894159733,87.03095245361328,91.4826086293096,111.94142804827008,107.1495653235394,30.005714416503903,22.169565366662063,131.98587036132812,132.86322021484375,437.3611857142857,443.5650782608696
2022-12-01,14929,1583,79824,0.69,0.886,-9.54,-73.73,2022-12,81.3414284842355,76.51809510730561,104.5028566632952,21.784285681588308,111.19593811035156,0.0219321448339031,0.0244451637935938,4.823333376929874,0.3333333333333333,1.0,350.0935181818182,4313.0,10120.0,12798.0,3849.0,5811.0,9575.0,9316.416666666666,3789.010820781592,12,4,-2.4492935982947064e-16,1.0,1750.0,2024.0,91.1142857869466,90.32476116362072,84.38571457635788,83.8019049508231,108.14000047956196,110.74333336239768,23.43619065057664,27.406190418061755,116.7162857055664,131.98587036132812,395.4648909090909,451.3589681818182
2023-01-01,11866,1630,37833,0.88,0.869,2.97,-66.38,2023-01,83.87900009155274,78.16400032043457,102.71199913024904,20.20299997329712,111.19593811035156,0.0242784857993136,0.0223439301842509,5.714999771118164,0.0,0.0,291.0313318181818,14929.0,3000.0,10934.0,10802.0,7414.0,9930.166666666666,10239.75,6541.2086803587,1,1,0.49999999999999994,0.8660254037844387,1583.0,1925.0,81.3414284842355,93.59380958193825,76.51809510730561,87.03095245361328,104.5028566632952,111.94142804827008,21.784285681588308,30.005714416503903,111.19593811035156,131.98587036132812,350.0935181818182,437.3611857142857
2023-02-01,3278,1652,15176,0.9,0.865,1.35,-70.7,2023-02,83.50947329872533,76.86052583393298,103.66000004818564,20.06210537960655,120.9943771362305,0.0193513780696676,0.0194703897735878,6.648947464792352,0.0,0.0,253.91049,11866.0,4313.0,16285.0,6412.0,10369.333333333334,10085.5,10328.416666666666,5463.961230950798,2,1,0.8660254037844386,0.5000000000000001,1630.0,1750.0,83.87900009155274,91.1142857869466,78.16400032043457,84.38571457635788,102.71199913024904,108.14000047956196,20.20299997329712,23.43619065057664,111.19593811035156,116.7162857055664,291.0313318181818,395.4648909090909
2023-03-01,12225,1673,41007,1.0,0.865,1.27,-71.77,2023-03,79.2069562829059,73.37260934580927,103.7673913706904,21.644347895746645,105.37997436523438,0.0187396032283428,0.020740668048177,5.834346937096638,0.0,0.0,237.0219173913044,3278.0,14929.0,10120.0,11163.0,10024.333333333334,7917.666666666667,10067.25,6039.888437159528,3,1,1.0,6.123233995736766e-17,1652.0,1583.0,83.50947329872533,81.3414284842355,76.86052583393298,76.51809510730561,103.66000004818564,104.5028566632952,20.06210537960655,21.784285681588308,120.9943771362305,111.19593811035156,253.91049,350.0935181818182
2023-04-01,7189,1699,32264,0.93,0.884,1.55,-66.39,2023-04,83.36894788240132,79.43842155054996,101.764209948088,17.8178946344476,105.37997436523438,0.0227752998596436,0.0246697399563824,3.930526331851357,0.0,0.0,199.69415,12225.0,11866.0,3000.0,7222.0,9123.0,8268.5,10155.75,5065.100097727588,4,2,0.8660254037844387,-0.4999999999999998,1673.0,1630.0,79.2069562829059,83.87900009155274,73.37260934580927,78.16400032043457,103.7673913706904,102.71199913024904,21.644347895746645,20.20299997329712,105.37997436523438,111.19593811035156,237.0219173913044,291.0313318181818
2023-05-01,9062,1801,23110,1.04,0.907,6.0,-70.48,2023-05,75.63227358731356,71.62090925736861,102.70136295665394,17.64409099925648,108.46768188476562,0.0219818145132233,0.0235255927812494,4.011364329944957,0.0,0.0,194.31910434782608,7189.0,3278.0,4313.0,14899.0,7564.0,8966.666666666666,10153.0,4485.272678444422,5,2,0.49999999999999994,-0.8660254037844387,1699.0,1652.0,83.36894788240132,83.50947329872533,79.43842155054996,76.86052583393298,101.764209948088,103.66000004818564,17.8178946344476,20.06210537960655,105.37997436523438,120.9943771362305,199.69415,253.91049
2023-06-01,10773,1790,23113,0.97,0.936,-0.61,-53.26,2023-06,74.92571367536273,70.27428545270648,103.11190432593936,13.994285628909156,110.52894592285156,0.0216060285311806,0.0236734642832694,4.65142822265625,0.0,0.0,187.3168909090909,9062.0,12225.0,14929.0,12798.0,9492.0,9758.166666666666,9666.583333333334,2545.3877897090692,6,2,1.2246467991473532e-16,-1.0,1801.0,1673.0,75.63227358731356,79.2069562829059,71.62090925736861,73.37260934580927,102.70136295665394,103.7673913706904,17.64409099925648,21.644347895746645,108.46768188476562,105.37997436523438,194.31910434782608,237.0219173913044
2023-07-01,18300,1676,26738,1.01,0.9,-6.37,-50.16,2023-07,80.35549964904786,76.03449974060058,101.32749938964844,13.943999910354616,110.52894592285156,0.0196939857973099,0.0220280382834896,4.3209999084472654,0.0,0.0,179.74571904761905,10773.0,7189.0,11866.0,10934.0,9008.0,9065.5,9497.833333333334,1792.6101081941986,7,3,-0.4999999999999997,-0.8660254037844388,1790.0,1699.0,74.92571367536273,83.36894788240132,70.27428545270648,79.43842155054996,103.11190432593936,101.764209948088,13.994285628909156,17.8178946344476,110.52894592285156,105.37997436523438,187.3168909090909,199.69415
2023-08-01,10840,1773,18712,0.93,0.888,5.79,-51.86,2023-08,85.10434756071672,81.3208697775136,103.09652179220448,15.853912975477137,101.14118194580078,0.0138223029829255,0.015802182680798,3.783477783203125,0.0,0.0,173.5459304347826,18300.0,9062.0,3278.0,16285.0,12711.666666666666,10137.833333333334,10111.666666666666,4914.670114395613,8,3,-0.8660254037844385,-0.5000000000000004,1676.0,1801.0,80.35549964904786,75.63227358731356,76.03449974060058,71.62090925736861,101.32749938964844,102.70136295665394,13.943999910354616,17.64409099925648,110.52894592285156,108.46768188476562,179.74571904761905,194.31910434782608
2023-09-01,12926,1763,29362,1.0,0.914,-0.56,-51.02,2023-09,92.76649932861328,89.43050003051758,105.33149948120118,15.241000032424926,98.6348114013672,0.0107976556763329,0.0131972465006756,3.3359992980957016,0.0,0.0,158.9006761904762,10840.0,10773.0,12225.0,10120.0,13304.333333333334,11398.166666666666,9657.916666666666,4326.50393890187,9,3,-1.0,-1.8369701987210297e-16,1773.0,1790.0,85.10434756071672,74.92571367536273,81.3208697775136,70.27428545270648,103.09652179220448,103.11190432593936,15.853912975477137,13.994285628909156,101.14118194580078,110.52894592285156,173.5459304347826,187.3168909090909
2023-10-01,20856,1911,20753,0.77,0.892,8.39,-46.18,2023-10,88.70409115878019,85.46681837602095,106.35318235917524,18.887727303938437,98.6348114013672,0.0204179769981316,0.0206379206407714,3.2372727827592325,0.0,0.0,168.17639545454546,12926.0,18300.0,7189.0,3000.0,14022.0,11515.0,9891.75,3848.871522927217,10,4,-0.8660254037844386,0.5000000000000001,1763.0,1676.0,92.76649932861328,80.35549964904786,89.43050003051758,76.03449974060058,105.33149948120118,101.32749938964844,15.241000032424926,13.943999910354616,98.6348114013672,110.52894592285156,158.9006761904762,179.74571904761905
2023-11-01,11623,1933,33981,0.6,0.931,1.15,-26.39,2023-11,82.02772730047053,77.36409135298295,104.50045429576528,14.021363691850144,156.69613647460938,0.0246600496677336,0.0250945051481975,4.663635947487571,0.0,0.0,166.07702727272726,20856.0,10840.0,9062.0,4313.0,14874.0,13792.833333333334,11379.75,5284.514358008699,11,4,-0.5000000000000004,0.8660254037844384,1911.0,1773.0,88.70409115878019,85.10434756071672,85.46681837602095,81.3208697775136,106.35318235917524,103.09652179220448,18.887727303938437,15.853912975477137,98.6348114013672,101.14118194580078,168.17639545454546,173.5459304347826
2023-12-01,11959,1973,30270,1.29,0.919,2.07,-33.33,2023-12,77.32399978637696,72.12350006103516,102.6830005645752,12.718499994277954,142.2794647216797,0.0226217692493034,0.0226114899753754,5.200499725341797,0.0,0.0,159.57761428571428,11623.0,12926.0,10773.0,14929.0,15135.0,14219.666666666666,11988.916666666666,4997.182506172862,12,4,-2.4492935982947064e-16,1.0,1933.0,1763.0,82.02772730047053,92.76649932861328,77.36409135298295,89.43050003051758,104.50045429576528,105.33149948120118,14.021363691850144,15.241000032424926,156.69613647460938,98.6348114013672,166.07702727272726,158.9006761904762
2024-01-01,12058,1913,28812,0.82,0.913,-3.04,-35.73,2024-01,79.19714319138299,73.86095210484096,102.97476196289062,13.395238149733771,142.2794647216797,0.0188945055720417,0.0202636250723921,5.336191086542039,0.3809523809523809,1.0,146.5482608695652,11959.0,20856.0,18300.0,11866.0,14812.666666666666,14417.333333333334,11741.416666666666,5236.3758777739995,1,1,0.49999999999999994,0.8660254037844387,1973.0,1911.0,77.32399978637696,88.70409115878019,72.12350006103516,85.46681837602095,102.6830005645752,106.35318235917524,12.718499994277954,18.887727303938437,142.2794647216797,98.6348114013672,159.57761428571428,168.17639545454546
2024-02-01,3000,1925,29521,0.97,0.901,0.63,-15.36,2024-02,81.62399940490722,76.61000022888183,104.10450096130371,13.944000101089475,146.59817504882812,0.0163494193754519,0.0180507775657243,5.013999176025391,0.0,0.0,145.65782380952382,12058.0,11623.0,10840.0,3278.0,11880.0,13377.0,11757.416666666666,228.0065788525625,2,1,0.8660254037844386,0.5000000000000001,1913.0,1933.0,79.19714319138299,82.02772730047053,73.86095210484096,77.36409135298295,102.97476196289062,104.50045429576528,13.395238149733771,14.021363691850144,142.2794647216797,156.69613647460938,146.5482608695652,166.07702727272726
2024-03-01,12454,2109,21824,1.22,0.894,9.56,-3.7,2024-03,84.66549949645996,80.40499992370606,103.62400093078614,13.787499904632568,133.21316528320312,0.0131883200005763,0.0151848927293376,4.260499572753906,0.0,0.0,152.18647142857142,3000.0,11959.0,12926.0,12225.0,9005.666666666666,12070.333333333334,11734.25,5201.295447610464,3,1,1.0,6.123233995736766e-17,1925.0,1973.0,81.62399940490722,77.32399978637696,76.61000022888183,72.12350006103516,104.10450096130371,102.6830005645752,13.944000101089475,12.718499994277954,146.59817504882812,142.2794647216797,145.65782380952382,159.57761428571428
2024-04-01,14640,2088,32381,1.44,0.887,-1.0,-11.42,2024-04,88.99999930641867,84.39409117265181,105.41181876442649,16.137727087194268,163.9473419189453,0.0112562833030127,0.0130794706888481,4.605908133766868,0.0,0.0,152.4332590909091,12454.0,12058.0,20856.0,7189.0,9170.666666666666,11991.666666666666,11753.333333333334,5347.620904040726,4,2,0.8660254037844387,-0.4999999999999998,2109.0,1913.0,84.66549949645996,79.19714319138299,80.40499992370606,73.86095210484096,103.62400093078614,102.97476196289062,13.787499904632568,13.395238149733771,133.21316528320312,142.2794647216797,152.18647142857142,146.5482608695652
2024-05-01,12409,1826,28983,0.84,0.915,-12.55,4.5,2024-05,82.99181851473722,78.6213642467152,104.96500084616922,13.090454535050826,130.52186584472656,0.0135157650381939,0.0123049674580558,4.370454268022017,0.0,0.0,141.93229130434784,14640.0,3000.0,11623.0,9062.0,10031.333333333334,10955.666666666666,12374.25,6186.629561670341,5,2,0.49999999999999994,-0.8660254037844387,2088.0,1925.0,88.99999930641867,81.62399940490722,84.39409117265181,76.61000022888183,105.41181876442649,104.10450096130371,16.137727087194268,13.944000101089475,163.9473419189453,146.59817504882812,152.4332590909091,145.65782380952382
2024-06-01,14332,1858,27931,1.2,0.845,1.75,36.93,2024-06,82.88947416606702,78.69842127749794,105.16684281198602,12.676842037000156,130.52186584472656,0.0144416544424015,0.0147659163323585,4.191052888569079,0.0,0.0,146.519115,12409.0,12454.0,11959.0,10773.0,13167.666666666666,11086.666666666666,12653.166666666666,1275.2765713104757,6,2,1.2246467991473532e-16,-1.0,1826.0,2109.0,82.99181851473722,84.66549949645996,78.6213642467152,80.40499992370606,104.96500084616922,103.62400093078614,13.090454535050826,13.787499904632568,130.52186584472656,133.21316528320312,141.93229130434784,152.18647142857142
2024-07-01,13091,1945,38778,1.15,0.888,4.68,4.44,2024-07,83.71772731434216,80.48136381669478,104.61045455932616,14.470000050284646,92.3948745727539,0.0122789818037902,0.0146471642179735,3.236363497647372,0.0,0.0,133.01445217391304,14332.0,14640.0,12058.0,18300.0,13793.666666666666,11482.166666666666,12949.75,1209.00468706015,7,3,-0.4999999999999997,-0.8660254037844388,1858.0,2088.0,82.88947416606702,88.99999930641867,78.69842127749794,84.39409117265181,105.16684281198602,105.41181876442649,12.676842037000156,16.137727087194268,130.52186584472656,163.9473419189453,146.519115,152.4332590909091
2024-08-01,11215,2012,29245,1.21,0.847,3.44,48.59,2024-08,78.87500138716264,75.4336367520419,102.21272693980823,19.31227272207087,140.97506713867188,0.0159613481645802,0.0203120693505202,3.4413646351207388,0.3636363636363636,1.0,131.62065454545453,13091.0,12409.0,3000.0,10840.0,13277.333333333334,11654.333333333334,12515.666666666666,974.9473490057829,8,3,-0.8660254037844385,-0.5000000000000004,1945.0,1826.0,83.71772731434216,82.99181851473722,80.48136381669478,78.6213642467152,104.61045455932616,104.96500084616922,14.470000050284646,13.090454535050826,92.3948745727539,130.52186584472656,133.01445217391304,141.93229130434784
2024-09-01,11862,1821,14710,1.22,0.839,-9.49,62.5,2024-09,72.6384994506836,69.37249946594238,101.0185001373291,17.768999814987183,140.97506713867188,0.021787928318859,0.0236376889702214,3.265999984741211,0.0,0.0,130.6888238095238,11215.0,14332.0,12454.0,12926.0,12879.333333333334,13023.5,12546.916666666666,1569.2432358730746,9,3,-1.0,-1.8369701987210297e-16,2012.0,1858.0,78.87500138716264,82.88947416606702,75.4336367520419,78.69842127749794,102.21272693980823,105.16684281198602,19.31227272207087,12.676842037000156,140.97506713867188,130.52186584472656,131.62065454545453,146.519115
2024-10-01,12633,1956,15770,1.51,0.889,7.41,57.82,2024-10,75.37695710555367,71.5617383873981,103.31130450704823,19.96086958180303,130.689208984375,0.0233851327133258,0.024436425036684,3.815218718155571,0.3478260869565217,1.0,127.65385217391304,11862.0,13091.0,14640.0,20856.0,12056.0,12924.833333333334,12458.25,952.9275943113688,10,4,-0.8660254037844386,0.5000000000000001,1821.0,1945.0,72.6384994506836,83.71772731434216,69.37249946594238,80.48136381669478,101.0185001373291,104.61045455932616,17.768999814987183,14.470000050284646,140.97506713867188,92.3948745727539,130.6888238095238,133.01445217391304
2024-11-01,12780,2071,28742,1.38,0.88,5.88,56.23,2024-11,73.40699996948243,69.5439998626709,105.84349975585936,16.121000051498413,128.90164184570312,0.0229357362047809,0.0238767112087653,3.863000106811524,0.0,0.0,126.70811428571427,12633.0,11215.0,12409.0,11623.0,11903.333333333334,12590.333333333334,11773.0,709.903045023321,11,4,-0.5000000000000004,0.8660254037844384,1956.0,2012.0,75.37695710555367,78.87500138716264,71.5617383873981,75.4336367520419,103.31130450704823,102.21272693980823,19.96086958180303,19.31227272207087,130.689208984375,140.97506713867188,127.65385217391304,131.62065454545453
2024-12-01,8781,2206,31966,1.02,0.9,6.52,106.36,2024-12,73.12857164655414,69.69761912027995,107.18999989827472,15.866190592447916,128.90164184570312,0.0161913691519548,0.0176658768886737,3.4309525262741816,0.0,0.0,121.74204090909092,12780.0,11862.0,14332.0,11959.0,12425.0,12652.166666666666,11869.416666666666,493.08112922728833,12,4,-2.4492935982947064e-16,1.0,2071.0,1821.0,73.40699996948243,72.6384994506836,69.5439998626709,69.37249946594238,105.84349975585936,101.0185001373291,16.121000051498413,17.768999814987183,128.90164184570312,140.97506713867188,126.70811428571427,130.6888238095238
