date,predicted_freight_usd_day,freight_attractiveness_score
2011-02-01,13714.154,22.460384
2011-03-01,12925.32,28.86284
2011-04-01,6656.156,79.74558
2011-05-01,11485.775,40.54669
2011-06-01,12934.411,28.789057
2011-07-01,12112.026,35.46382
2011-08-01,11900.87,37.17764
2011-09-01,13560.652,23.706263
2011-10-01,15289.685,9.672829
2011-11-01,12001.885,36.35777
2011-12-01,12802.189,29.862213
2012-01-01,10920.689,45.13313
2012-02-01,11593.654,39.67111
2012-03-01,7571.1807,72.318924
2012-04-01,14534.466,15.802449
2012-05-01,10762.685,46.415554
2012-06-01,13271.22,26.055399
2012-07-01,9992.648,52.66544
2012-08-01,15039.701,11.701782
2012-09-01,13138.627,27.131569
2012-10-01,12169.71,34.99564
2012-11-01,13186.532,26.742752
2012-12-01,12480.088,32.476505
2013-01-01,13783.869,21.894556
2013-02-01,14658.501,14.795736
2013-03-01,14737.772,14.152342
2013-04-01,10817.806,45.96817
2013-05-01,12030.896,36.1223
2013-06-01,11647.432,39.234634
2013-07-01,12619.84,31.342228
2013-08-01,11780.678,38.153164
2013-09-01,12368.494,33.382236
2013-10-01,9646.899,55.471657
2013-11-01,15747.477,5.9572277
2013-12-01,10556.145,48.091904
2014-01-01,10919.738,45.14085
2014-02-01,12974.095,28.46697
2014-03-01,16173.409,2.5002089
2014-04-01,11371.179,41.4768
2014-05-01,16481.455,0.0
2014-06-01,8697.172,63.17998
2014-07-01,12162.715,35.052414
2014-08-01,12237.967,34.441643
2014-09-01,13503.094,24.173428
2014-10-01,10141.054,51.460926
2014-11-01,13659.021,22.907866
2014-12-01,9011.838,60.62604
2015-01-01,7178.179,75.50866
2015-02-01,7803.8433,70.43054
2015-03-01,8065.3696,68.307915
2015-04-01,5640.2256,87.991234
2015-05-01,6324.4487,82.43783
2015-06-01,5459.2485,89.46011
2015-07-01,5008.463,93.11884
2015-08-01,5599.8535,88.3189
2015-09-01,4160.6484,100.0
2015-10-01,4274.223,99.07819
2015-11-01,4891.5664,94.06761
2015-12-01,5180.472,91.72275
2016-01-01,5311.545,90.65892
2016-02-01,4837.0684,94.50993
2016-03-01,4199.011,99.68864
2016-04-01,5057.594,92.72008
2016-05-01,5179.869,91.727646
2016-06-01,4949.1733,93.60005
2016-07-01,4776.818,94.99895
2016-08-01,5658.3354,87.84424
2016-09-01,5959.0244,85.403755
2016-10-01,8307.507,66.342636
2016-11-01,7094.3096,76.18938
2016-12-01,8986.2705,60.833553
2017-01-01,9955.625,52.96593
2017-02-01,13070.45,27.684916
2017-03-01,14480.604,16.239614
2017-04-01,11739.867,38.484394
2017-05-01,13946.439,20.575079
2017-06-01,9376.716,57.664562
2017-07-01,11248.14,42.47543
2017-08-01,12142.137,35.219433
2017-09-01,13095.961,27.477861
2017-10-01,9716.597,54.905968
2017-11-01,13915.62,20.82522
2017-12-01,12526.045,32.1035
2018-01-01,10310.323,50.08708
2018-02-01,10914.853,45.180504
2018-03-01,9614.595,55.733856
2018-04-01,8093.0537,68.08321
2018-05-01,14755.184,14.011027
2018-06-01,11343.344,41.702717
2018-07-01,11854.91,37.550667
2018-08-01,10189.76,51.06561
2018-09-01,11923.203,36.996376
2018-10-01,11431.77,40.985023
2018-11-01,8422.117,65.41242
2018-12-01,10506.282,48.496605
2019-01-01,11036.314,44.194675
2019-02-01,10790.457,46.190144
2019-03-01,11104.953,43.63758
2019-04-01,11505.519,40.38645
2019-05-01,11078.091,43.855606
2019-06-01,11108.2295,43.61099
2019-07-01,8528.972,64.54515
2019-08-01,11847.471,37.611046
2019-09-01,10750.338,46.515766
2019-10-01,13761.728,22.074265
2019-11-01,11671.003,39.043324
2019-12-01,11923.68,36.992508
2020-01-01,11170.2,43.108013
2020-02-01,9114.918,59.789406
2020-03-01,8756.088,62.7018
2020-04-01,14935.505,12.547475
2020-05-01,12087.448,35.663303
2020-06-01,8823.274,62.156487
2020-07-01,9477.005,56.85058
2020-08-01,9343.123,57.937214
2020-09-01,9978.35,52.781494
2020-10-01,13485.426,24.316828
2020-11-01,13224.11,26.437756
2020-12-01,8422.038,65.41306
2021-01-01,10105.931,51.746
2021-02-01,11124.027,43.482765
2021-03-01,7305.1157,74.4784
2021-04-01,13207.581,26.571913
2021-05-01,10660.561,47.244427
2021-06-01,10440.556,49.030064
2021-07-01,8295.988,66.43613
2021-08-01,13137.202,27.143131
2021-09-01,11399.185,41.249496
2021-10-01,12516.8125,32.178432
2021-11-01,13894.523,20.996447
2021-12-01,8239.33,66.89599
2022-01-01,9568.291,56.10967
2022-02-01,9011.106,60.631977
2022-03-01,11618.787,39.467125
2022-04-01,9949.517,53.01551
2022-05-01,13555.244,23.750156
2022-06-01,12380.526,33.28458
2022-07-01,11122.813,43.492622
2022-08-01,12788.203,29.97573
2022-09-01,9825.528,54.021843
2022-10-01,6057.3857,84.605415
2022-11-01,9050.07,60.315735
2022-12-01,12146.82,35.18142
2023-01-01,9678.733,55.213284
2023-02-01,8460.093,65.1042
2023-03-01,10161.691,51.293427
2023-04-01,10560.377,48.057552
2023-05-01,11536.148,40.137848
2023-06-01,11929.939,36.9417
2023-07-01,13625.099,23.183195
2023-08-01,12157.147,35.0976
2023-09-01,13031.989,27.997078
2023-10-01,16009.576,3.829935
2023-11-01,10890.778,45.3759
2023-12-01,11437.087,40.941864
2024-01-01,13243.16,26.283142
2024-02-01,12100.929,35.55389
2024-03-01,12879.672,29.23334
2024-04-01,14237.645,18.211555
2024-05-01,12789.23,29.967394
2024-06-01,12833.359,29.609226
2024-07-01,11191.146,42.938007
2024-08-01,12001.768,36.35872
2024-09-01,9193.514,59.151493
2024-10-01,11088.411,43.77184
2024-11-01,9693.375,55.094444
2024-12-01,11215.496,42.74037
