date,predicted_freight_usd_day,freight_attractiveness_score,data_status,model_name,market_risk_score,port_risk_score,overall_risk_score,risk_level,idle_risk_score,idle_risk_level,forecast_3m_avg,forecast_6m_avg,expected_change_3m_pct,expected_change_6m_pct,market_pressure_score,market_entry_signal,contract_strategy
2011-02-01,13714.154,22.460384,HISTORICAL_FORECAST,XGBoost,16.12458522537463,,16.12458522537463,LOW,,UNKNOWN,10355.750333333333,11335.759666666667,-24.488595261994774,-17.34262524201882,1.0228094760104511,WAIT,DEFER CONTRACT / MONITOR MARKET
2011-03-01,12925.32,28.86284,HISTORICAL_FORECAST,XGBoost,13.863183649328942,,13.863183649328942,LOW,,UNKNOWN,10358.780666666667,11441.648333333333,-19.856679241468157,-11.478800266969538,10.286641517063686,WAIT,DEFER CONTRACT / MONITOR MARKET
2011-04-01,6656.156,79.74558,HISTORICAL_FORECAST,XGBoost,7.858595881902478,,7.858595881902478,LOW,,UNKNOWN,12177.404,12880.569833333333,82.94949817882875,93.51364110656861,100.0,CHARTER NOW,CONSIDER MEDIUM-TERM CONTRACT
2011-05-01,11485.775,40.54669,HISTORICAL_FORECAST,XGBoost,9.864032281378512,,9.864032281378512,LOW,,UNKNOWN,12315.769,12966.588166666668,7.226277721790655,12.892583797494456,64.4525554435813,PARTIAL / REVIEW,COMPARE SPOT VS CONTRACT
2011-06-01,12934.411,28.789057,HISTORICAL_FORECAST,XGBoost,10.208614015162455,,10.208614015162455,LOW,,UNKNOWN,12524.516000000001,12944.551166666666,-3.1690271787404822,0.07839681812079513,43.661945642519036,PARTIAL / REVIEW,COMPARE SPOT VS CONTRACT
2011-07-01,12112.026,35.46382,HISTORICAL_FORECAST,XGBoost,9.102459855308178,,9.102459855308178,LOW,,UNKNOWN,13583.735666666667,12745.995,12.150813304616978,5.23421102299484,74.30162660923395,PARTIAL / REVIEW,COMPARE SPOT VS CONTRACT
2011-08-01,11900.87,37.17764,HISTORICAL_FORECAST,XGBoost,16.354609761858008,,16.354609761858008,LOW,,UNKNOWN,13617.407333333334,12694.792333333333,14.423628972783783,6.671128525337493,78.84725794556756,PARTIAL / REVIEW,COMPARE SPOT VS CONTRACT
2011-09-01,13560.652,23.706263,HISTORICAL_FORECAST,XGBoost,16.570257539650488,,16.570257539650488,LOW,,UNKNOWN,13364.586333333333,11696.547116666667,-1.4458424762073925,-13.746425196467937,47.108315047585215,PARTIAL / REVIEW,COMPARE SPOT VS CONTRACT
2011-10-01,15289.685,9.672829,HISTORICAL_FORECAST,XGBoost,15.796450361137548,,15.796450361137548,LOW,,UNKNOWN,11908.254333333332,11570.677283333333,-22.115764102835783,-24.323638561989124,5.768471794328434,WAIT,DEFER CONTRACT / MONITOR MARKET
2011-11-01,12001.885,36.35777,HISTORICAL_FORECAST,XGBoost,14.655671033473803,,14.655671033473803,LOW,,UNKNOWN,11772.177333333333,11364.14395,-1.913929909065677,-5.313674060366355,46.17214018186865,PARTIAL / REVIEW,COMPARE SPOT VS CONTRACT
2011-12-01,12802.189,29.862213,HISTORICAL_FORECAST,XGBoost,10.831823311910142,,10.831823311910142,LOW,,UNKNOWN,10028.5079,11442.315783333333,-21.665678424213233,-10.622192944243105,6.668643151573534,WAIT,DEFER CONTRACT / MONITOR MARKET
2012-01-01,10920.689,45.13313,HISTORICAL_FORECAST,XGBoost,16.050791487234857,,16.050791487234857,LOW,,UNKNOWN,11233.100233333333,11287.642283333333,2.860728231829808,3.360166042026582,55.721456463659614,PARTIAL / REVIEW,COMPARE SPOT VS CONTRACT
2012-02-01,11593.654,39.67111,HISTORICAL_FORECAST,XGBoost,7.176125262805618,,7.176125262805618,LOW,,UNKNOWN,10956.110566666668,11861.98345,-5.499072452337566,2.314451078150161,39.00185509532487,PARTIAL / REVIEW,COMPARE SPOT VS CONTRACT
2012-03-01,7571.1807,72.318924,HISTORICAL_FORECAST,XGBoost,6.335534792257333,,6.335534792257333,LOW,,UNKNOWN,12856.123666666666,12789.891166666666,69.80341872789624,68.92862122108203,100.0,CHARTER NOW,CONSIDER MEDIUM-TERM CONTRACT
2012-04-01,14534.466,15.802449,HISTORICAL_FORECAST,XGBoost,7.143253372699943,,7.143253372699943,LOW,,UNKNOWN,11342.184333333333,12395.765166666666,-21.963529080921635,-14.714684621597614,6.07294183815673,WAIT,DEFER CONTRACT / MONITOR MARKET
2012-05-01,10762.685,46.415554,HISTORICAL_FORECAST,XGBoost,7.375821693159135,,7.375821693159135,LOW,,UNKNOWN,12767.856333333335,12799.739666666666,18.630772277859435,18.927011862436434,87.26154455571887,PARTIAL / REVIEW,COMPARE SPOT VS CONTRACT
2012-06-01,13271.22,26.055399,HISTORICAL_FORECAST,XGBoost,8.297567828304265,,8.297567828304265,LOW,,UNKNOWN,12723.658666666664,12667.884333333333,-4.125930647923362,-4.54619595385101,41.74813870415328,PARTIAL / REVIEW,COMPARE SPOT VS CONTRACT
2012-07-01,9992.648,52.66544,HISTORICAL_FORECAST,XGBoost,9.076519609791244,,9.076519609791244,LOW,,UNKNOWN,13449.346,13299.754500000001,34.59241234155351,33.0953967356801,100.0,PARTIAL / REVIEW,COMPARE SPOT VS CONTRACT
2012-08-01,15039.701,11.701782,HISTORICAL_FORECAST,XGBoost,6.356685167671104,,6.356685167671104,LOW,,UNKNOWN,12831.623,13236.221166666664,-14.68166155696845,-11.991460690164883,20.6366768860631,WAIT,DEFER CONTRACT / MONITOR MARKET
2012-09-01,13138.627,27.131569,HISTORICAL_FORECAST,XGBoost,4.914336357722894,,4.914336357722894,LOW,,UNKNOWN,12612.11,13502.745333333334,-4.007397424403629,2.7713575652412827,41.985205151192744,PARTIAL / REVIEW,COMPARE SPOT VS CONTRACT
2012-10-01,12169.71,34.99564,HISTORICAL_FORECAST,XGBoost,7.079512091144977,,7.079512091144977,LOW,,UNKNOWN,13150.163,13277.428,8.056502578943963,9.102254696291045,66.11300515788793,PARTIAL / REVIEW,COMPARE SPOT VS CONTRACT
2012-11-01,13186.532,26.742752,HISTORICAL_FORECAST,XGBoost,7.348978438791224,,7.348978438791224,LOW,,UNKNOWN,13640.819333333333,13084.822,3.4450857384893445,-0.7713172803888023,56.890171476978686,PARTIAL / REVIEW,COMPARE SPOT VS CONTRACT
2012-12-01,12480.088,32.476505,HISTORICAL_FORECAST,XGBoost,6.328370889097705,,6.328370889097705,LOW,,UNKNOWN,14393.380666666666,12946.046,15.330762624964395,3.7336114937651126,80.66152524992879,PARTIAL / REVIEW,COMPARE SPOT VS CONTRACT
2013-01-01,13783.869,21.894556,HISTORICAL_FORECAST,XGBoost,3.714956394652108,,3.714956394652108,LOW,,UNKNOWN,13404.693000000001,12752.041166666668,-2.750867699047339,-7.485763491609887,44.49826460190532,PARTIAL / REVIEW,COMPARE SPOT VS CONTRACT
2013-02-01,14658.501,14.795736,HISTORICAL_FORECAST,XGBoost,3.7049248834596655,,3.7049248834596655,LOW,,UNKNOWN,12528.824666666667,12272.404,-14.528609257749704,-16.277905905931306,20.942781484500593,WAIT,DEFER CONTRACT / MONITOR MARKET
2013-03-01,14737.772,14.152342,HISTORICAL_FORECAST,XGBoost,3.012142050220535,,3.012142050220535,LOW,,UNKNOWN,11498.711333333335,11877.524333333335,-21.97795342923385,-19.407598832894593,6.044093141532301,WAIT,DEFER CONTRACT / MONITOR MARKET
2013-04-01,10817.806,45.96817,HISTORICAL_FORECAST,XGBoost,5.602357369690737,,5.602357369690737,LOW,,UNKNOWN,12099.389333333333,11682.373166666666,11.846980185569347,7.99207497959074,73.6939603711387,PARTIAL / REVIEW,COMPARE SPOT VS CONTRACT
2013-05-01,12030.896,36.1223,HISTORICAL_FORECAST,XGBoost,5.085784706088195,,5.085784706088195,LOW,,UNKNOWN,12015.983333333332,12301.803333333335,-0.12395308434774004,2.251763570504927,49.75209383130452,PARTIAL / REVIEW,COMPARE SPOT VS CONTRACT
2013-06-01,11647.432,39.234634,HISTORICAL_FORECAST,XGBoost,6.123536707700092,,6.123536707700092,LOW,,UNKNOWN,12256.337333333335,12119.922166666665,5.227807583107881,4.056603778984626,60.455615166215765,PARTIAL / REVIEW,COMPARE SPOT VS CONTRACT
2013-07-01,12619.84,31.342228,HISTORICAL_FORECAST,XGBoost,4.057553386030235,,4.057553386030235,LOW,,UNKNOWN,11265.357000000002,11836.571833333333,-10.732964918731128,-6.206641024503217,28.534070162537745,WAIT,DEFER CONTRACT / MONITOR MARKET
2013-08-01,11780.678,38.153164,HISTORICAL_FORECAST,XGBoost,4.719731448052743,,4.719731448052743,LOW,,UNKNOWN,12587.623333333335,12035.474666666667,6.84973592634766,2.1628353365287385,63.69947185269532,PARTIAL / REVIEW,COMPARE SPOT VS CONTRACT
2013-09-01,12368.494,33.382236,HISTORICAL_FORECAST,XGBoost,5.760892790407002,,5.760892790407002,LOW,,UNKNOWN,11983.507,12669.627166666665,-3.112642493095772,2.4346793285153767,43.77471501380845,PARTIAL / REVIEW,COMPARE SPOT VS CONTRACT
2013-10-01,9646.899,55.471657,HISTORICAL_FORECAST,XGBoost,4.397028776304771,,4.397028776304771,LOW,,UNKNOWN,12407.786666666667,12957.007166666668,28.619431660543636,34.3126653100304,100.0,PARTIAL / REVIEW,COMPARE SPOT VS CONTRACT
2013-11-01,15747.477,5.9572277,HISTORICAL_FORECAST,XGBoost,3.972437700451145,,3.972437700451145,LOW,,UNKNOWN,11483.326000000001,13079.336833333335,-27.07831229091492,-16.943286639927564,0.0,WAIT,DEFER CONTRACT / MONITOR MARKET
2013-12-01,10556.145,48.091904,HISTORICAL_FORECAST,XGBoost,4.312682175339677,,4.312682175339677,LOW,,UNKNOWN,13355.747333333333,12769.508,26.521067428813573,20.967531234176864,100.0,PARTIAL / REVIEW,COMPARE SPOT VS CONTRACT
2014-01-01,10919.738,45.14085,HISTORICAL_FORECAST,XGBoost,3.8351981496798047,,3.8351981496798047,LOW,,UNKNOWN,13506.227666666668,12976.670833333332,23.68637110768288,18.836833203629357,97.37274221536576,PARTIAL / REVIEW,COMPARE SPOT VS CONTRACT
2014-02-01,12974.095,28.46697,HISTORICAL_FORECAST,XGBoost,4.112148497561034,,4.112148497561034,LOW,,UNKNOWN,14675.347666666668,12853.982833333333,13.112688527921748,-0.9257845473357941,76.2253770558435,PARTIAL / REVIEW,COMPARE SPOT VS CONTRACT
2014-03-01,16173.409,2.5002089,HISTORICAL_FORECAST,XGBoost,10.979572868093646,,10.979572868093646,LOW,,UNKNOWN,12183.268666666669,12408.930333333332,-24.67099133728289,-23.27572787324347,0.6580173254342228,WAIT,DEFER CONTRACT / MONITOR MARKET
2014-04-01,11371.179,41.4768,HISTORICAL_FORECAST,XGBoost,5.0152329057704925,,5.0152329057704925,LOW,,UNKNOWN,12447.114000000001,12203.9095,9.461947613347757,7.323167632837365,68.92389522669552,PARTIAL / REVIEW,COMPARE SPOT VS CONTRACT
2014-05-01,16481.455,0.0,HISTORICAL_FORECAST,XGBoost,3.1935594198529054,,3.1935594198529054,LOW,,UNKNOWN,11032.618,11733.503833333334,-33.0604124453818,-28.80783988225959,0.0,WAIT,DEFER CONTRACT / MONITOR MARKET
2014-06-01,8697.172,63.17998,HISTORICAL_FORECAST,XGBoost,2.514560052274104,,2.514560052274104,LOW,,UNKNOWN,12634.591999999999,11785.948166666667,45.272417286906574,35.514718654140296,100.0,PARTIAL / REVIEW,COMPARE SPOT VS CONTRACT
2014-07-01,12162.715,35.052414,HISTORICAL_FORECAST,XGBoost,7.341310392337017,,7.341310392337017,LOW,,UNKNOWN,11960.705,10955.192166666666,-1.6608956141782507,-9.928069788146269,46.6782087716435,PARTIAL / REVIEW,COMPARE SPOT VS CONTRACT
2014-08-01,12237.967,34.441643,HISTORICAL_FORECAST,XGBoost,7.780482168281185,,7.780482168281185,LOW,,UNKNOWN,12434.389666666668,10216.171550000001,1.6050269351655162,-16.520680681685114,53.21005387033103,PARTIAL / REVIEW,COMPARE SPOT VS CONTRACT
2014-09-01,13503.094,24.173428,HISTORICAL_FORECAST,XGBoost,8.508077133032518,,8.508077133032518,LOW,,UNKNOWN,10937.304333333333,9309.88415,-19.001494521675298,-31.053696656484796,11.997010956649405,WAIT,DEFER CONTRACT / MONITOR MARKET
2014-10-01,10141.054,51.460926,HISTORICAL_FORECAST,XGBoost,6.809117596462902,,6.809117596462902,LOW,,UNKNOWN,9949.679333333333,8559.746083333333,-1.8871279717736105,-15.593131805300184,46.22574405645278,PARTIAL / REVIEW,COMPARE SPOT VS CONTRACT
2014-11-01,13659.021,22.907866,HISTORICAL_FORECAST,XGBoost,5.407965525199497,,5.407965525199497,LOW,,UNKNOWN,7997.953433333333,7337.317366666666,-41.445631913639104,-46.28226015124608,0.0,WAIT,DEFER CONTRACT / MONITOR MARKET
2014-12-01,9011.838,60.62604,HISTORICAL_FORECAST,XGBoost,9.669174579440355,,9.669174579440355,LOW,,UNKNOWN,7682.463966666667,6745.219116666667,-14.751419558732998,-25.151571558802242,20.497160882534004,PARTIAL / REVIEW,COMPARE SPOT VS CONTRACT
2015-01-01,7178.179,75.50866,HISTORICAL_FORECAST,XGBoost,11.084086899867206,,11.084086899867206,LOW,,UNKNOWN,7169.812833333333,6383.599783333334,-0.1165499866563189,-11.069370332875037,49.76690002668736,PARTIAL / REVIEW,COMPARE SPOT VS CONTRACT
2015-02-01,7803.8433,70.43054,HISTORICAL_FORECAST,XGBoost,12.571282118833292,,12.571282118833292,LOW,,UNKNOWN,6676.6813,6016.26815,-14.443678027210005,-22.9063434679679,21.11264394557999,PARTIAL / REVIEW,COMPARE SPOT VS CONTRACT
2015-03-01,8065.3696,68.307915,HISTORICAL_FORECAST,XGBoost,17.68845919455392,,17.68845919455392,LOW,,UNKNOWN,5807.974266666667,5365.4812833333335,-27.988740073775826,-33.47507244635964,0.0,PARTIAL / REVIEW,COMPARE SPOT VS CONTRACT
2015-04-01,5640.2256,87.991234,HISTORICAL_FORECAST,XGBoost,11.43491976198499,,11.43491976198499,LOW,,UNKNOWN,5597.386733333333,5137.814183333333,-0.7595239925627612,-8.90764753570614,48.480952014874475,PARTIAL / REVIEW,COMPARE SPOT VS CONTRACT
2015-05-01,6324.4487,82.43783,HISTORICAL_FORECAST,XGBoost,7.373085701589413,,7.373085701589413,LOW,,UNKNOWN,5355.855,4899.000466666666,-15.315069280267865,-22.538695480814532,19.36986143946427,PARTIAL / REVIEW,COMPARE SPOT VS CONTRACT
2015-06-01,5459.2485,89.46011,HISTORICAL_FORECAST,XGBoost,7.666168483411992,,7.666168483411992,LOW,,UNKNOWN,4922.9883,4852.537716666667,-9.822967391940479,-11.113448734442716,30.354065216119043,PARTIAL / REVIEW,COMPARE SPOT VS CONTRACT
2015-07-01,5008.463,93.11884,HISTORICAL_FORECAST,XGBoost,9.93905278866082,,9.93905278866082,LOW,,UNKNOWN,4678.241633333333,4903.051383333333,-6.593267568646642,-2.1046699689438917,36.81346486270672,PARTIAL / REVIEW,COMPARE SPOT VS CONTRACT
2015-08-01,5599.8535,88.3189,HISTORICAL_FORECAST,XGBoost,11.870548166994457,,11.870548166994457,LOW,,UNKNOWN,4442.145933333333,4775.920533333333,-20.673890248497877,-14.713473605455343,8.652219503004247,PARTIAL / REVIEW,COMPARE SPOT VS CONTRACT
2015-09-01,4160.6484,100.0,HISTORICAL_FORECAST,XGBoost,17.96174436985047,,17.96174436985047,LOW,,UNKNOWN,4782.087133333333,4782.314299999999,14.936103068294196,14.9415629544664,79.87220613658839,CHARTER NOW,CONSIDER MEDIUM-TERM CONTRACT
2015-10-01,4274.223,99.07819,HISTORICAL_FORECAST,XGBoost,11.76318430759014,,11.76318430759014,LOW,,UNKNOWN,5127.861133333333,4912.876133333333,19.971773427201455,14.941970349542672,89.94354685440291,CHARTER NOW,CONSIDER MEDIUM-TERM CONTRACT
2015-11-01,4891.5664,94.06761,HISTORICAL_FORECAST,XGBoost,9.366079004752525,,9.366079004752525,LOW,,UNKNOWN,5109.695133333334,4960.926566666666,4.459281863849051,1.417954107025234,58.9185637276981,PARTIAL / REVIEW,COMPARE SPOT VS CONTRACT
2015-12-01,5180.472,91.72275,HISTORICAL_FORECAST,XGBoost,14.584627661211089,,14.584627661211089,LOW,,UNKNOWN,4782.541466666667,4922.376783333333,-7.681356705206268,-4.982079174767601,34.63728658958746,PARTIAL / REVIEW,COMPARE SPOT VS CONTRACT
2016-01-01,5311.545,90.65892,HISTORICAL_FORECAST,XGBoost,19.048847371684023,,19.048847371684023,LOW,,UNKNOWN,4697.8911333333335,4833.255616666666,-11.553208466965197,-9.004713004094548,26.893583066069606,PARTIAL / REVIEW,COMPARE SPOT VS CONTRACT
2016-02-01,4837.0684,94.50993,HISTORICAL_FORECAST,XGBoost,19.61288600746016,,19.61288600746016,LOW,,UNKNOWN,4812.158,4970.13345,-0.5149896164379183,2.750944146251894,48.97002076712416,PARTIAL / REVIEW,COMPARE SPOT VS CONTRACT
2016-03-01,4199.011,99.68864,HISTORICAL_FORECAST,XGBoost,15.736750128757665,,15.736750128757665,LOW,,UNKNOWN,5062.2121,5263.469016666667,20.557247885275824,25.35020786243871,91.11449577055166,CHARTER NOW,CONSIDER MEDIUM-TERM CONTRACT
2016-04-01,5057.594,92.72008,HISTORICAL_FORECAST,XGBoost,9.71058374533844,,9.71058374533844,LOW,,UNKNOWN,4968.6201,5805.121183333334,-1.75921396616652,14.780292434175887,46.48157206766696,PARTIAL / REVIEW,COMPARE SPOT VS CONTRACT
2016-05-01,5179.869,91.727646,HISTORICAL_FORECAST,XGBoost,9.420216758955526,,9.420216758955526,LOW,,UNKNOWN,5128.1089,6124.194616666667,-0.9992550004642881,18.2306853062629,48.001489999071424,PARTIAL / REVIEW,COMPARE SPOT VS CONTRACT
2016-06-01,4949.1733,93.60005,HISTORICAL_FORECAST,XGBoost,9.34773718336252,,9.34773718336252,LOW,,UNKNOWN,5464.725933333334,6797.044149999999,10.416944448749323,37.33695989186716,70.83388889749864,CHARTER NOW,CONSIDER MEDIUM-TERM CONTRACT
2016-07-01,4776.818,94.99895,HISTORICAL_FORECAST,XGBoost,11.080817383392452,,11.080817383392452,LOW,,UNKNOWN,6641.622266666666,7660.178649999999,39.038629201838255,60.361534603160486,100.0,CHARTER NOW,CONSIDER MEDIUM-TERM CONTRACT
2016-08-01,5658.3354,87.84424,HISTORICAL_FORECAST,XGBoost,8.761322152885084,,8.761322152885084,LOW,,UNKNOWN,7120.280333333333,8895.531083333333,25.837014421826836,57.21109574616827,100.0,CHARTER NOW,CONSIDER MEDIUM-TERM CONTRACT
2016-09-01,5959.0244,85.403755,HISTORICAL_FORECAST,XGBoost,16.461722377308597,,16.461722377308597,LOW,,UNKNOWN,8129.362366666665,10315.79435,36.42102835938489,73.11213476487862,100.0,CHARTER NOW,CONSIDER MEDIUM-TERM CONTRACT
2016-10-01,8307.507,66.342636,HISTORICAL_FORECAST,XGBoost,9.831891953616404,,9.831891953616404,LOW,,UNKNOWN,8678.735033333332,10887.85435,4.4685852606965355,31.060429440504837,58.93717052139307,PARTIAL / REVIEW,COMPARE SPOT VS CONTRACT
2016-11-01,7094.3096,76.18938,HISTORICAL_FORECAST,XGBoost,14.304924419087348,,14.304924419087348,LOW,,UNKNOWN,10670.781833333333,12029.875916666666,50.41325280381523,69.57077707274951,100.0,CHARTER NOW,CONSIDER MEDIUM-TERM CONTRACT
2016-12-01,8986.2705,60.833553,HISTORICAL_FORECAST,XGBoost,10.744096227411491,,10.744096227411491,LOW,,UNKNOWN,12502.226333333334,12094.950166666667,39.125862429061456,34.593657810174605,100.0,PARTIAL / REVIEW,COMPARE SPOT VS CONTRACT
2017-01-01,9955.625,52.96593,HISTORICAL_FORECAST,XGBoost,8.042236720352298,,8.042236720352298,LOW,,UNKNOWN,13096.973666666667,12310.369333333334,31.553505346642392,23.65240086215917,100.0,PARTIAL / REVIEW,COMPARE SPOT VS CONTRACT
2017-02-01,13070.45,27.684916,HISTORICAL_FORECAST,XGBoost,7.151711815717276,,7.151711815717276,LOW,,UNKNOWN,13388.970000000001,12155.650500000002,2.4369474654659973,-6.99899008832901,54.873894930931996,PARTIAL / REVIEW,COMPARE SPOT VS CONTRACT
2017-03-01,14480.604,16.239614,HISTORICAL_FORECAST,XGBoost,5.546352889779472,,5.546352889779472,LOW,,UNKNOWN,11687.673999999999,11924.876666666665,-19.287386078647,-17.64931444388186,11.425227842706,WAIT,DEFER CONTRACT / MONITOR MARKET
2017-04-01,11739.867,38.484394,HISTORICAL_FORECAST,XGBoost,5.992671556841673,,5.992671556841673,LOW,,UNKNOWN,11523.765,11587.665,-1.8407533918399652,-1.2964542102563794,46.31849321632007,PARTIAL / REVIEW,COMPARE SPOT VS CONTRACT
2017-05-01,13946.439,20.575079,HISTORICAL_FORECAST,XGBoost,6.172730442566416,,6.172730442566416,LOW,,UNKNOWN,10922.331,11582.5285,-21.683728728172117,-16.94992176856042,6.632542543655767,WAIT,DEFER CONTRACT / MONITOR MARKET
2017-06-01,9376.716,57.664562,HISTORICAL_FORECAST,XGBoost,13.5266901323332,,13.5266901323332,LOW,,UNKNOWN,12162.079333333333,12107.416666666666,29.70510499980305,29.122143260675333,100.0,PARTIAL / REVIEW,COMPARE SPOT VS CONTRACT
2017-07-01,11248.14,42.47543,HISTORICAL_FORECAST,XGBoost,8.534529333399998,,8.534529333399998,LOW,,UNKNOWN,11651.565,11951.113833333335,3.586592983373261,6.249689578306594,57.17318596674652,PARTIAL / REVIEW,COMPARE SPOT VS CONTRACT
2017-08-01,12142.137,35.219433,HISTORICAL_FORECAST,XGBoost,9.379776784600574,,9.379776784600574,LOW,,UNKNOWN,12242.726,11746.5665,0.8284291307205637,-3.2578326204028154,51.65685826144113,PARTIAL / REVIEW,COMPARE SPOT VS CONTRACT
2017-09-01,13095.961,27.477861,HISTORICAL_FORECAST,XGBoost,6.7493168377192445,,6.7493168377192445,LOW,,UNKNOWN,12052.754,11166.338833333333,-7.965868255105514,-14.734483148404811,34.068263489788976,WAIT,DEFER CONTRACT / MONITOR MARKET
2017-10-01,9716.597,54.905968,HISTORICAL_FORECAST,XGBoost,6.438278721715676,,6.438278721715676,LOW,,UNKNOWN,12250.662666666665,10895.748283333334,26.079765031591467,12.135434693168138,100.0,PARTIAL / REVIEW,COMPARE SPOT VS CONTRACT
2017-11-01,13915.62,20.82522,HISTORICAL_FORECAST,XGBoost,4.578647752437233,,4.578647752437233,LOW,,UNKNOWN,11250.407,11035.675616666667,-19.15267160212769,-20.695767657735217,11.69465679574462,WAIT,DEFER CONTRACT / MONITOR MARKET
2017-12-01,12526.045,32.1035,HISTORICAL_FORECAST,XGBoost,3.708024507231401,,3.708024507231401,LOW,,UNKNOWN,10279.923666666667,10838.558783333334,-17.931608367472197,-13.471819849494922,14.136783265055605,WAIT,DEFER CONTRACT / MONITOR MARKET
2018-01-01,10310.323,50.08708,HISTORICAL_FORECAST,XGBoost,3.520053233288478,,3.520053233288478,LOW,,UNKNOWN,9540.8339,11095.989950000001,-7.463288007562912,7.620197252792184,35.073423984874175,PARTIAL / REVIEW,COMPARE SPOT VS CONTRACT
2018-02-01,10914.853,45.180504,HISTORICAL_FORECAST,XGBoost,6.798395402438301,,6.798395402438301,LOW,,UNKNOWN,10820.944233333334,10975.141116666666,-0.8603759177211598,0.5523493231348752,48.27924816455768,PARTIAL / REVIEW,COMPARE SPOT VS CONTRACT
2018-03-01,9614.595,55.733856,HISTORICAL_FORECAST,XGBoost,9.854933536767778,,9.854933536767778,LOW,,UNKNOWN,11397.193899999998,11359.909116666668,18.540551110057148,18.152757517780714,87.0811022201143,PARTIAL / REVIEW,COMPARE SPOT VS CONTRACT
2018-04-01,8093.0537,68.08321,HISTORICAL_FORECAST,XGBoost,10.11321144678644,,10.11321144678644,LOW,,UNKNOWN,12651.146,11916.361833333334,56.321043563568594,47.24184807192536,100.0,CHARTER NOW,CONSIDER MEDIUM-TERM CONTRACT
2018-05-01,14755.184,14.011027,HISTORICAL_FORECAST,XGBoost,15.468255861457576,,15.468255861457576,LOW,,UNKNOWN,11129.337999999998,10860.850666666667,-24.573370281251673,-26.392983871521576,0.8532594374966536,WAIT,DEFER CONTRACT / MONITOR MARKET
2018-06-01,11343.344,41.702717,HISTORICAL_FORECAST,XGBoost,7.506564776569685,,7.506564776569685,LOW,,UNKNOWN,11322.624333333333,10721.340333333334,-0.18265924639741107,-5.483424170744232,49.63468150720518,PARTIAL / REVIEW,COMPARE SPOT VS CONTRACT
2018-07-01,11854.91,37.550667,HISTORICAL_FORECAST,XGBoost,8.598557899458134,,8.598557899458134,LOW,,UNKNOWN,11181.577666666666,10584.907666666668,-5.679776002798281,-10.712880429571646,38.64044799440344,PARTIAL / REVIEW,COMPARE SPOT VS CONTRACT
2018-08-01,10189.76,51.06561,HISTORICAL_FORECAST,XGBoost,8.00485435357945,,8.00485435357945,LOW,,UNKNOWN,10592.363333333333,10685.023833333333,3.951058055668952,4.860407245443784,57.902116111337904,PARTIAL / REVIEW,COMPARE SPOT VS CONTRACT
2018-09-01,11923.203,36.996376,HISTORICAL_FORECAST,XGBoost,6.834348002923875,,6.834348002923875,LOW,,UNKNOWN,10120.056333333334,10548.648833333333,-15.12300567780877,-11.528396913704034,19.75398864438246,PARTIAL / REVIEW,COMPARE SPOT VS CONTRACT
2018-10-01,11431.77,40.985023,HISTORICAL_FORECAST,XGBoost,8.534332836133844,,8.534332836133844,LOW,,UNKNOWN,9988.237666666666,10560.940333333334,-12.62737383041589,-7.617627599808835,24.74525233916822,PARTIAL / REVIEW,COMPARE SPOT VS CONTRACT
2018-11-01,8422.117,65.41242,HISTORICAL_FORECAST,XGBoost,9.067160764497457,,9.067160764497457,LOW,,UNKNOWN,10777.684333333333,11003.602666666666,27.968826998405895,30.65126816294128,100.0,PARTIAL / REVIEW,COMPARE SPOT VS CONTRACT
2018-12-01,10506.282,48.496605,HISTORICAL_FORECAST,XGBoost,14.360869263081664,,14.360869263081664,LOW,,UNKNOWN,10977.241333333333,11103.92725,4.482645081612451,5.688456201727704,58.9652901632249,PARTIAL / REVIEW,COMPARE SPOT VS CONTRACT
2019-01-01,11036.314,44.194675,HISTORICAL_FORECAST,XGBoost,12.89269948099022,4.007293306401079,8.449996393695649,LOW,,UNKNOWN,11133.643000000002,10686.036916666666,0.881897706063832,-3.1738593459132667,51.763795412127664,PARTIAL / REVIEW,COMPARE SPOT VS CONTRACT
2019-02-01,10790.457,46.190144,HISTORICAL_FORECAST,XGBoost,8.707701905817075,8.009322735495513,8.358512320656294,LOW,,UNKNOWN,11229.521,10862.205916666668,4.069002823513409,0.6649293599582238,58.138005647026816,PARTIAL / REVIEW,COMPARE SPOT VS CONTRACT
2019-03-01,11104.953,43.63758,HISTORICAL_FORECAST,XGBoost,5.424127938644212,0.3782862829177593,2.9012071107809856,LOW,,UNKNOWN,11230.613166666668,10803.103416666667,1.1315686492925128,-2.7181527317885337,52.26313729858502,PARTIAL / REVIEW,COMPARE SPOT VS CONTRACT
2019-04-01,11505.519,40.38645,HISTORICAL_FORECAST,XGBoost,3.5519864458599946,5.211303686921867,4.381645066390931,LOW,,UNKNOWN,10238.430833333332,11179.138249999998,-11.012872749735742,-2.83673209352835,27.974254500528517,PARTIAL / REVIEW,COMPARE SPOT VS CONTRACT
2019-05-01,11078.091,43.855606,HISTORICAL_FORECAST,XGBoost,8.12130246079701,6.5393651345239405,7.330333797660475,LOW,,UNKNOWN,10494.890833333333,11277.956916666668,-5.2644464345586925,1.8041548554409557,39.471107130882615,PARTIAL / REVIEW,COMPARE SPOT VS CONTRACT
2019-06-01,11108.2295,43.61099,HISTORICAL_FORECAST,XGBoost,10.077924007845096,3.1543900751515963,6.6161570414983455,LOW,,UNKNOWN,10375.593666666666,11413.865333333333,-6.595432992569463,2.751436071187886,36.80913401486107,PARTIAL / REVIEW,COMPARE SPOT VS CONTRACT
2019-07-01,8528.972,64.54515,HISTORICAL_FORECAST,XGBoost,8.262734363257513,4.248373461727061,6.255553912492287,LOW,,UNKNOWN,12119.845666666666,11854.07,42.10206888551946,38.98591764634706,100.0,PARTIAL / REVIEW,COMPARE SPOT VS CONTRACT
2019-08-01,11847.471,37.611046,HISTORICAL_FORECAST,XGBoost,12.018663706957144,3.4120002921882997,7.715331999572721,LOW,,UNKNOWN,12061.023000000001,11398.6445,1.8025112701267765,-3.788373906971363,53.60502254025355,PARTIAL / REVIEW,COMPARE SPOT VS CONTRACT
2019-09-01,10750.338,46.515766,HISTORICAL_FORECAST,XGBoost,12.339245045427134,6.72297541278112,9.531110229104128,LOW,,UNKNOWN,12452.137,11066.2695,15.830190641447746,2.938805272913285,81.66038128289549,PARTIAL / REVIEW,COMPARE SPOT VS CONTRACT
2019-10-01,13761.728,22.074265,HISTORICAL_FORECAST,XGBoost,11.886315535714369,1.0229733526996885,6.4546444442070285,LOW,,UNKNOWN,11588.294333333333,11261.899,-15.793319462982163,-18.165080722420903,18.413361074035674,WAIT,DEFER CONTRACT / MONITOR MARKET
2019-11-01,11671.003,39.043324,HISTORICAL_FORECAST,XGBoost,4.069439047435727,4.85729024799288,4.463364647714304,LOW,,UNKNOWN,10736.266000000001,11331.3065,-8.009054577400066,-2.9106024563612913,33.98189084519987,PARTIAL / REVIEW,COMPARE SPOT VS CONTRACT
2019-12-01,11923.68,36.992508,HISTORICAL_FORECAST,XGBoost,5.021419908641823,2.644440283543568,3.8329300960926953,LOW,,UNKNOWN,9680.402,10814.572166666667,-18.81363807146787,-9.301724243969424,12.372723857064258,PARTIAL / REVIEW,COMPARE SPOT VS CONTRACT
2020-01-01,11170.2,43.108013,HISTORICAL_FORECAST,XGBoost,12.900975395363044,4.3572866478756005,8.629131021619322,LOW,,UNKNOWN,10935.503666666666,10532.373,-2.1010933853765836,-5.710076811516366,45.797813229246835,PARTIAL / REVIEW,COMPARE SPOT VS CONTRACT
2020-02-01,9114.918,59.789406,HISTORICAL_FORECAST,XGBoost,8.672367894412284,0.9483148956145324,4.810341395013408,LOW,,UNKNOWN,11926.347,10570.407166666666,30.844259926419525,15.96820911243158,100.0,PARTIAL / REVIEW,COMPARE SPOT VS CONTRACT
2020-03-01,8756.088,62.7018,HISTORICAL_FORECAST,XGBoost,34.428170319766,3.757899568373004,19.0930349440695,LOW,,UNKNOWN,11948.742333333334,10774.117499999998,36.46210880170841,23.04715873115938,100.0,PARTIAL / REVIEW,COMPARE SPOT VS CONTRACT
2020-04-01,14935.505,12.547475,HISTORICAL_FORECAST,XGBoost,52.797423362572,51.953186821284426,52.37530509192821,MEDIUM,,UNKNOWN,10129.242333333334,10532.437666666667,-32.18011487838319,-29.48053871183688,0.0,WAIT,DEFER CONTRACT / MONITOR MARKET
2020-05-01,12087.448,35.663303,HISTORICAL_FORECAST,XGBoost,47.68865771705927,48.92895397904897,48.30880584805412,MEDIUM,,UNKNOWN,9214.467333333332,10721.881333333333,-23.768298044936103,-11.297394343840548,2.463403910127795,PARTIAL / REVIEW,COMPARE SPOT VS CONTRACT
2020-06-01,8823.274,62.156487,HISTORICAL_FORECAST,XGBoost,21.78167585833736,49.04972406074556,35.41569995954146,MEDIUM,,UNKNOWN,9599.492666666665,10655.008666666667,8.79739954428102,20.760260495896052,67.59479908856204,PARTIAL / REVIEW,COMPARE SPOT VS CONTRACT
2020-07-01,9477.005,56.85058,HISTORICAL_FORECAST,XGBoost,12.847773323731564,47.665426233558165,30.256599778644865,LOW,,UNKNOWN,10935.633,10759.829666666667,15.391233833895843,13.536182229160662,80.78246766779168,PARTIAL / REVIEW,COMPARE SPOT VS CONTRACT
2020-08-01,9343.123,57.937214,HISTORICAL_FORECAST,XGBoost,8.010361532371743,50.03859294828004,29.024477240325893,LOW,,UNKNOWN,12229.295333333333,11056.646999999999,30.890873783137973,18.33994907270299,100.0,PARTIAL / REVIEW,COMPARE SPOT VS CONTRACT
2020-09-01,9978.35,52.781494,HISTORICAL_FORECAST,XGBoost,12.52404893129653,49.094766443227854,30.809407687262198,LOW,,UNKNOWN,11710.524666666666,10611.10795,17.359329615283748,6.341308432756911,84.7186592305675,PARTIAL / REVIEW,COMPARE SPOT VS CONTRACT
2020-10-01,13485.426,24.316828,HISTORICAL_FORECAST,XGBoost,14.679628232586754,52.17931833747548,33.429473285031115,MEDIUM,,UNKNOWN,10584.026333333335,10564.80045,-21.515076102650852,-21.657643963194037,6.969847794698296,WAIT,DEFER CONTRACT / MONITOR MARKET
2020-11-01,13224.11,26.437756,HISTORICAL_FORECAST,XGBoost,13.568346529595392,51.39231779627819,32.48033216293679,LOW,,UNKNOWN,9883.998666666668,10137.542283333334,-25.257740092401924,-23.34045706415529,0.0,WAIT,DEFER CONTRACT / MONITOR MARKET
2020-12-01,8422.038,65.41306,HISTORICAL_FORECAST,XGBoost,9.550370404769811,51.2675538637592,30.408962134264502,LOW,,UNKNOWN,9511.691233333333,10473.96195,12.938118224274605,24.3637460434161,75.87623644854921,PARTIAL / REVIEW,COMPARE SPOT VS CONTRACT
2021-01-01,10105.931,51.746,HISTORICAL_FORECAST,XGBoost,9.101442249091168,96.6620380260628,52.88174013757698,MEDIUM,,UNKNOWN,10545.574566666668,10172.304783333333,4.350351953389228,0.6567804919045315,58.70070390677846,PARTIAL / REVIEW,COMPARE SPOT VS CONTRACT
2021-02-01,11124.027,43.482765,HISTORICAL_FORECAST,XGBoost,8.638084702092389,95.6842227729224,52.1611537375074,MEDIUM,,UNKNOWN,10391.0859,10507.833949999998,-6.588810868582034,-5.539298403357001,36.82237826283593,PARTIAL / REVIEW,COMPARE SPOT VS CONTRACT
2021-03-01,7305.1157,74.4784,HISTORICAL_FORECAST,XGBoost,16.852040944567676,89.11330408510926,52.98267251483847,MEDIUM,,UNKNOWN,11436.232666666665,11190.178833333333,56.55101351326529,53.182773454680984,100.0,CHARTER NOW,CONSIDER MEDIUM-TERM CONTRACT
2021-04-01,13207.581,26.571913,HISTORICAL_FORECAST,XGBoost,11.40277053856192,96.9141207662432,54.15844565240256,MEDIUM,,UNKNOWN,9799.035,11075.05075,-25.807496467369766,-16.146259106796315,0.0,WAIT,DEFER CONTRACT / MONITOR MARKET
2021-05-01,10660.561,47.244427,HISTORICAL_FORECAST,XGBoost,9.309762457274388,93.55150381130449,51.43063313428944,MEDIUM,,UNKNOWN,10624.582,11614.044416666666,-0.3374963099971884,8.944026648003478,49.32500738000562,PARTIAL / REVIEW,COMPARE SPOT VS CONTRACT
2021-06-01,10440.556,49.030064,HISTORICAL_FORECAST,XGBoost,6.277193294900903,91.42244411553044,48.84981870521568,MEDIUM,,UNKNOWN,10944.125,11247.173416666667,4.823200986614118,7.725809015024352,59.64640197322824,PARTIAL / REVIEW,COMPARE SPOT VS CONTRACT
2021-07-01,8295.988,66.43613,HISTORICAL_FORECAST,XGBoost,5.382381269510996,88.15546072265472,46.76892099608286,MEDIUM,,UNKNOWN,12351.0665,11459.223916666668,48.87999476373401,38.129706994111714,100.0,CHARTER NOW,CONSIDER MEDIUM-TERM CONTRACT
2021-08-01,13137.202,27.143131,HISTORICAL_FORECAST,XGBoost,7.480784260740177,95.59607370356616,51.53842898215317,MEDIUM,,UNKNOWN,12603.506833333333,10771.54125,-4.062472105298117,-18.007340908665327,41.87505578940377,PARTIAL / REVIEW,COMPARE SPOT VS CONTRACT
2021-09-01,11399.185,41.249496,HISTORICAL_FORECAST,XGBoost,9.416781502532466,86.73071549998784,48.07374850126016,MEDIUM,,UNKNOWN,11550.221833333335,10808.141583333334,1.324979227316123,-5.184962053573703,52.64995845463225,PARTIAL / REVIEW,COMPARE SPOT VS CONTRACT
2021-10-01,12516.8125,32.178432,HISTORICAL_FORECAST,XGBoost,12.64993751871042,96.75115756934254,54.70054754402648,MEDIUM,,UNKNOWN,10567.381333333333,10380.259,-15.574501628642812,-17.069469563437174,18.850996742714376,WAIT,DEFER CONTRACT / MONITOR MARKET
2021-11-01,13894.523,20.996447,HISTORICAL_FORECAST,XGBoost,8.18181552916396,97.56446758749152,52.87314155832774,MEDIUM,,UNKNOWN,8939.575666666666,10323.7125,-35.661154638653905,-25.699410479942348,0.0,WAIT,DEFER CONTRACT / MONITOR MARKET
2021-12-01,8239.33,66.89599,HISTORICAL_FORECAST,XGBoost,14.758644849180152,95.82004673061309,55.289345789896615,MEDIUM,,UNKNOWN,10066.061333333333,11013.911833333334,22.170872307982968,33.6748477525883,94.34174461596594,CHARTER NOW,CONSIDER MEDIUM-TERM CONTRACT
2022-01-01,9568.291,56.10967,HISTORICAL_FORECAST,XGBoost,12.893251343135864,69.13704623893503,41.01514879103544,MEDIUM,,UNKNOWN,10193.136666666667,11272.998833333333,6.530379005683126,17.81622061174074,63.060758011366254,PARTIAL / REVIEW,COMPARE SPOT VS CONTRACT
2022-02-01,9011.106,60.631977,HISTORICAL_FORECAST,XGBoost,30.72868926488592,73.06507041275417,51.89687983882004,MEDIUM,,UNKNOWN,11707.849333333334,11902.515,29.926885038677092,32.087171097532305,100.0,PARTIAL / REVIEW,COMPARE SPOT VS CONTRACT
2022-03-01,11618.787,39.467125,HISTORICAL_FORECAST,XGBoost,43.08352679729828,70.89013958066035,56.98683318897932,MEDIUM,,UNKNOWN,11961.762333333332,11603.638500000001,2.9519030974002014,-0.1303793588779907,55.9038061948004,PARTIAL / REVIEW,COMPARE SPOT VS CONTRACT
2022-04-01,9949.517,53.01551,HISTORICAL_FORECAST,XGBoost,27.24447248617788,68.20920163899835,47.72683706258812,MEDIUM,,UNKNOWN,12352.860999999999,10954.94995,24.155383623144715,10.105344309678554,98.31076724628943,PARTIAL / REVIEW,COMPARE SPOT VS CONTRACT
2022-05-01,13555.244,23.750156,HISTORICAL_FORECAST,XGBoost,25.404509750576032,68.74346769369646,47.07398872213625,MEDIUM,,UNKNOWN,12097.180666666667,10204.087616666666,-10.756452140096728,-24.72221365645159,28.487095719806543,WAIT,DEFER CONTRACT / MONITOR MARKET
2022-06-01,12380.526,33.28458,HISTORICAL_FORECAST,XGBoost,25.214754710614628,70.92599654521986,48.07037562791725,MEDIUM,,UNKNOWN,11245.514666666668,10165.136616666667,-9.167714952768016,-17.894145881470084,31.66457009446397,PARTIAL / REVIEW,COMPARE SPOT VS CONTRACT
2022-07-01,11122.813,43.492622,HISTORICAL_FORECAST,XGBoost,16.922788483027976,35.97094240905365,26.44686544604081,LOW,,UNKNOWN,9557.0389,9924.456616666666,-14.07714127712118,-10.773860743081212,21.84571744575764,PARTIAL / REVIEW,COMPARE SPOT VS CONTRACT
2022-08-01,12788.203,29.97573,HISTORICAL_FORECAST,XGBoost,17.5098800330821,35.94173339100902,26.72580671204556,LOW,,UNKNOWN,8310.994566666666,9203.104949999999,-35.010457945759335,-28.034416172467708,0.0,WAIT,DEFER CONTRACT / MONITOR MARKET
2022-09-01,9825.528,54.021843,HISTORICAL_FORECAST,XGBoost,18.84186045786853,28.517074694377435,23.679467576122985,LOW,,UNKNOWN,9084.758566666666,9259.132116666666,-7.539232836477945,-5.764533807580972,34.921534327044114,PARTIAL / REVIEW,COMPARE SPOT VS CONTRACT
2022-10-01,6057.3857,84.605415,HISTORICAL_FORECAST,XGBoost,19.040466341396733,38.69539663220984,28.86793148680329,LOW,,UNKNOWN,10291.874333333333,10009.630666666666,69.90620777761161,65.24671140995143,100.0,CHARTER NOW,CONSIDER MEDIUM-TERM CONTRACT
2022-11-01,9050.07,60.315735,HISTORICAL_FORECAST,XGBoost,13.983899717337255,32.540184569023005,23.26204214318013,LOW,,UNKNOWN,10095.215333333334,10423.977,11.548477893909483,15.181175394223482,73.09695578781897,PARTIAL / REVIEW,COMPARE SPOT VS CONTRACT
2022-12-01,12146.82,35.18142,HISTORICAL_FORECAST,XGBoost,19.281274648008445,36.46405967397061,27.87266716098953,LOW,,UNKNOWN,9433.505666666666,10387.830166666667,-22.337651610325448,-14.481072686788254,5.324696779349104,PARTIAL / REVIEW,COMPARE SPOT VS CONTRACT
2023-01-01,9678.733,55.213284,HISTORICAL_FORECAST,XGBoost,13.135842537693904,26.36841192469473,19.752127231194315,LOW,,UNKNOWN,9727.387,11045.557833333334,0.5026897632159132,14.12193965194963,51.005379526431824,PARTIAL / REVIEW,COMPARE SPOT VS CONTRACT
2023-02-01,8460.093,65.1042,HISTORICAL_FORECAST,XGBoost,12.500764068991248,22.482374487352484,17.491569278171866,LOW,,UNKNOWN,10752.738666666666,11661.7335,27.09953267259196,37.8440343386296,100.0,PARTIAL / REVIEW,COMPARE SPOT VS CONTRACT
2023-03-01,10161.691,51.293427,HISTORICAL_FORECAST,XGBoost,11.855152571532392,25.168783824024057,18.511968197778224,LOW,,UNKNOWN,11342.154666666667,12140.116500000002,11.61680341063969,19.469451491882612,73.23360682127938,PARTIAL / REVIEW,COMPARE SPOT VS CONTRACT
2023-04-01,10560.377,48.057552,HISTORICAL_FORECAST,XGBoost,11.387175350870436,27.508480710683607,19.44782803077702,LOW,,UNKNOWN,12363.728666666668,13048.316333333334,17.07658416613978,23.55919048470839,84.15316833227956,PARTIAL / REVIEW,COMPARE SPOT VS CONTRACT
2023-05-01,11536.148,40.137848,HISTORICAL_FORECAST,XGBoost,11.315001018591598,28.50309923525568,19.90905012692364,LOW,,UNKNOWN,12570.728333333333,12940.754666666668,8.968161064970156,12.175699086615987,67.93632212994031,PARTIAL / REVIEW,COMPARE SPOT VS CONTRACT
2023-06-01,11929.939,36.9417,HISTORICAL_FORECAST,XGBoost,9.850798120778576,23.37457417742496,16.61268614910177,LOW,75.26748116260336,HIGH,12938.078333333333,12858.612666666668,8.450498643231391,7.784395768215306,66.90099728646278,PARTIAL / REVIEW,COMPARE SPOT VS CONTRACT
2023-07-01,13625.099,23.183195,HISTORICAL_FORECAST,XGBoost,9.296927475771271,26.03072329069361,17.663825383232442,LOW,40.35458043678005,MEDIUM,13732.904,12794.956166666665,0.7912236087238727,-6.092747167072585,51.58244721744774,PARTIAL / REVIEW,COMPARE SPOT VS CONTRACT
2023-08-01,12157.147,35.0976,HISTORICAL_FORECAST,XGBoost,7.704142092130806,27.60674758212009,17.655444837125447,LOW,52.62082384473511,MEDIUM,13310.781,12785.5865,9.48934811761345,5.169300823622504,68.97869623522689,PARTIAL / REVIEW,COMPARE SPOT VS CONTRACT
2023-09-01,13031.989,27.997078,HISTORICAL_FORECAST,XGBoost,6.411458384325854,27.849674024053773,17.13056620418981,LOW,64.4951898489364,MEDIUM,12779.146999999999,12760.200333333334,-1.9401643141350147,-2.0855501540606385,46.11967137172997,PARTIAL / REVIEW,COMPARE SPOT VS CONTRACT
2023-10-01,16009.576,3.829935,HISTORICAL_FORECAST,XGBoost,10.596365087833718,26.202747853257826,18.399556470545768,LOW,39.3409112356903,MEDIUM,11857.008333333333,12464.8785,-25.938024009297102,-22.141107921908727,0.0,WAIT,DEFER CONTRACT / MONITOR MARKET
2023-11-01,10890.778,45.3759,HISTORICAL_FORECAST,XGBoost,14.217615289014685,26.573937607017136,20.39577644801591,LOW,55.62936709484297,MEDIUM,12260.392,12781.287166666667,12.575905963742898,17.358807301614874,75.1518119274858,PARTIAL / REVIEW,COMPARE SPOT VS CONTRACT
2023-12-01,11437.087,40.941864,HISTORICAL_FORECAST,XGBoost,11.971830024539862,23.317613991046407,17.644722007793135,LOW,30.34445171582794,LOW,12741.253666666666,13013.999166666666,11.402961843926395,13.78770806470797,72.80592368785278,PARTIAL / REVIEW,COMPARE SPOT VS CONTRACT
2024-01-01,13243.16,26.283142,HISTORICAL_FORECAST,XGBoost,18.10288482141176,31.555013313499707,24.82894906745573,LOW,48.22345884333826,MEDIUM,13072.748666666666,12671.996833333333,-1.286787544161163,-4.312891837496996,47.42642491167767,PARTIAL / REVIEW,COMPARE SPOT VS CONTRACT
2024-02-01,12100.929,35.55389,HISTORICAL_FORECAST,XGBoost,11.09791438595067,27.375453572482744,19.236683979216707,LOW,53.2701373750841,MEDIUM,13302.182333333336,12655.470000000001,9.926951338474392,4.582631631009495,69.85390267694879,PARTIAL / REVIEW,COMPARE SPOT VS CONTRACT
2024-03-01,12879.672,29.23334,HISTORICAL_FORECAST,XGBoost,9.119132703631882,29.697840183044992,19.40848644333844,LOW,76.53653307678883,HIGH,13286.744666666666,12041.110333333332,3.1605825572783615,-6.510737747565841,56.32116511455672,PARTIAL / REVIEW,COMPARE SPOT VS CONTRACT
2024-04-01,14237.645,18.211555,HISTORICAL_FORECAST,XGBoost,11.912888663337188,27.423156059328527,19.66802236133286,LOW,52.99428552462543,MEDIUM,12271.245,11516.238,-13.811272861487975,-19.114165299106705,22.37745427702405,WAIT,DEFER CONTRACT / MONITOR MARKET
2024-05-01,12789.23,29.967394,HISTORICAL_FORECAST,XGBoost,8.607419631026527,30.87699693896657,19.74220828499655,LOW,56.27431734015884,MEDIUM,12008.757666666666,11000.262166666667,-6.102574848785526,-13.988080856574886,37.79485030242895,WAIT,DEFER CONTRACT / MONITOR MARKET
2024-06-01,12833.359,29.609226,HISTORICAL_FORECAST,XGBoost,8.74615237837018,27.1008918721876,17.92352212527889,LOW,46.55029670829697,MEDIUM,10795.476,10730.618333333334,-15.879576033055724,-16.38495943787333,18.240847933888553,WAIT,DEFER CONTRACT / MONITOR MARKET
2024-07-01,11191.146,42.938007,HISTORICAL_FORECAST,XGBoost,6.027048914313273,29.479322721593576,17.753185817953423,LOW,,UNKNOWN,10761.231,10877.682216145833,-3.8415636790012466,-2.800998073424898,42.316872641997506,PARTIAL / REVIEW,COMPARE SPOT VS CONTRACT
2024-08-01,12001.768,36.35872,HISTORICAL_FORECAST,XGBoost,19.443612331987016,27.278926175024864,23.361269253505935,LOW,,UNKNOWN,9991.766666666666,10869.6935390625,-16.747543639681535,-9.432564110033619,16.50491272063693,PARTIAL / REVIEW,COMPARE SPOT VS CONTRACT
2024-09-01,9193.514,59.151493,HISTORICAL_FORECAST,XGBoost,13.81802581076632,29.42112233650398,21.61957407363515,LOW,,UNKNOWN,10665.760666666667,11123.080854166668,16.01397100898164,20.988349549113313,82.02794201796328,PARTIAL / REVIEW,COMPARE SPOT VS CONTRACT
2024-10-01,11088.411,43.77184,HISTORICAL_FORECAST,XGBoost,20.63620085798543,32.00307930513209,26.31964008155876,LOW,,UNKNOWN,10994.133432291666,11067.82469140625,-0.8502351482853012,-0.18565607456064534,48.2995297034294,PARTIAL / REVIEW,COMPARE SPOT VS CONTRACT
2024-11-01,9693.375,55.094444,HISTORICAL_FORECAST,XGBoost,12.49422345755916,28.62815341253097,20.561188435045068,LOW,,UNKNOWN,11747.620411458332,11260.241846354167,21.192261843355205,16.164306511964792,92.38452368671041,PARTIAL / REVIEW,COMPARE SPOT VS CONTRACT
2024-12-01,11215.496,42.74037,HISTORICAL_FORECAST,XGBoost,10.494695822721278,27.96764236015596,19.231169091438616,LOW,,UNKNOWN,11580.401041666666,11137.090657552084,3.2535791699864807,-0.6990804726595707,56.50715833997296,PARTIAL / REVIEW,COMPARE SPOT VS CONTRACT
2025-01-01,12073.529296875,35.77627541954113,FUTURE_FORECAST,XGBoost,,,,,,,11141.515950520834,10951.067057291666,-7.719477241798716,-9.296885873079892,34.56104551640257,PARTIAL / REVIEW,COMPARE SPOT VS CONTRACT
2025-02-01,11953.8359375,36.74774882433429,FUTURE_FORECAST,XGBoost,,,,,,,10772.86328125,10817.818033854166,-9.879445078756753,-9.503375398369556,30.241109842486495,PARTIAL / REVIEW,COMPARE SPOT VS CONTRACT
2025-03-01,10713.837890625,46.81200912101811,FUTURE_FORECAST,XGBoost,,,,,,,10693.7802734375,10840.4365234375,-0.1872122519704274,1.1816366283017818,49.62557549605914,PARTIAL / REVIEW,COMPARE SPOT VS CONTRACT
2025-04-01,10756.8740234375,46.46271272988329,FUTURE_FORECAST,XGBoost,,,,,,,10760.6181640625,10657.199544270834,0.034806958014401944,-0.9266119408807,50.06961391602881,PARTIAL / REVIEW,COMPARE SPOT VS CONTRACT
2025-05-01,10847.8779296875,45.72409301768036,FUTURE_FORECAST,XGBoost,,,,,,,10862.772786458334,10476.131998697916,0.13730664068472812,-3.426900020438311,50.274613281369454,PARTIAL / REVIEW,COMPARE SPOT VS CONTRACT
2025-06-01,10476.5888671875,48.73760564355016,FUTURE_FORECAST,XGBoost,,,,,,,10987.0927734375,10350.270182291666,4.872806528171489,-1.2057234133856483,59.745613056342975,PARTIAL / REVIEW,COMPARE SPOT VS CONTRACT
2025-07-01,10957.3876953125,44.8352732416683,FUTURE_FORECAST,XGBoost,,,,,,,10553.780924479166,10110.701497395834,-3.683421469206518,-7.7270807738132055,42.633157061586964,PARTIAL / REVIEW,COMPARE SPOT VS CONTRACT
2025-08-01,11154.341796875,43.236724478127925,FUTURE_FORECAST,XGBoost,,,,,,,10089.4912109375,9777.201822916666,-9.546512069729014,-12.34622355165908,30.906975860541973,PARTIAL / REVIEW,COMPARE SPOT VS CONTRACT
2025-09-01,10849.548828125,45.71053141825147,FUTURE_FORECAST,XGBoost,,,,,,,9713.447591145834,9519.93994140625,-10.4714145719505,-12.254969379667106,29.057170856099,PARTIAL / REVIEW,COMPARE SPOT VS CONTRACT
2025-10-01,9657.4521484375,55.386007370349446,FUTURE_FORECAST,XGBoost,,,,,,,9667.6220703125,9472.6748046875,0.10530646922900275,-1.9133135832300814,50.210612938458006,PARTIAL / REVIEW,COMPARE SPOT VS CONTRACT
2025-11-01,9761.47265625,54.541740341496805,FUTURE_FORECAST,XGBoost,,,,,,,9464.912434895834,9452.8876953125,-3.0380684533730347,-3.1612541652710733,43.92386309325393,PARTIAL / REVIEW,COMPARE SPOT VS CONTRACT
2025-12-01,9721.41796875,54.86683827380263,FUTURE_FORECAST,XGBoost,,,,,,,9326.432291666666,9431.822916666666,-4.063045929647668,-2.9789383916446366,41.873908140704664,PARTIAL / REVIEW,COMPARE SPOT VS CONTRACT
2026-01-01,9519.9755859375,56.50181550664468,FUTURE_FORECAST,XGBoost,,,,,,,9277.7275390625,9387.322428385416,-2.544628866830693,-1.393419093931643,44.910742266338616,PARTIAL / REVIEW,COMPARE SPOT VS CONTRACT
2026-02-01,9153.34375,59.47752844363291,FUTURE_FORECAST,XGBoost,,,,,,,9440.862955729166,9440.292317708334,3.1411385126792166,3.1349043097866165,56.28227702535843,PARTIAL / REVIEW,COMPARE SPOT VS CONTRACT
2026-03-01,9305.9775390625,58.23869892525949,FUTURE_FORECAST,XGBoost,,,,,,,9537.213541666666,9513.587890625,2.484811527145177,2.2309354465024316,54.96962305429035,PARTIAL / REVIEW,COMPARE SPOT VS CONTRACT
2026-04-01,9373.861328125,57.687730216258736,FUTURE_FORECAST,XGBoost,,,,,,,9496.917317708334,9517.955078125,1.3127566674591304,1.5371867041351064,52.62551333491826,PARTIAL / REVIEW,COMPARE SPOT VS CONTRACT
2026-05-01,9642.75,55.505335178299134,FUTURE_FORECAST,XGBoost,,,,,,,9439.7216796875,9465.277994791666,-2.105502271784501,-1.8404708740591007,45.788995456430996,PARTIAL / REVIEW,COMPARE SPOT VS CONTRACT
2026-06-01,9595.029296875,55.892653189808215,FUTURE_FORECAST,XGBoost,,,,,,,9489.962239583334,9443.881510416666,-1.0950154923016784,-1.5752717556324833,47.809969015396646,PARTIAL / REVIEW,COMPARE SPOT VS CONTRACT
2026-07-01,9252.97265625,58.668905197732755,FUTURE_FORECAST,XGBoost,,,,,,,9538.992838541666,9500.138834635416,3.091116692087826,2.671208351820488,56.18223338417565,PARTIAL / REVIEW,COMPARE SPOT VS CONTRACT
2026-08-01,9471.1630859375,56.89799492561226,FUTURE_FORECAST,XGBoost,,,,,,,9490.834309895834,9381.896321614584,0.20769596912063717,-0.9425111099127486,50.41539193824127,PARTIAL / REVIEW,COMPARE SPOT VS CONTRACT
2026-09-01,9745.7509765625,54.66934302367429,FUTURE_FORECAST,XGBoost,,,,,,,9397.80078125,9248.539713541666,-3.5702758684198215,-5.101826059547124,42.85944826316036,PARTIAL / REVIEW,COMPARE SPOT VS CONTRACT
2026-10-01,9400.064453125,57.47505643725469,FUTURE_FORECAST,XGBoost,,,,,,,9461.284830729166,,0.6512761471950724,,51.302552294390146,PARTIAL / REVIEW,INSUFFICIENT DATA
2026-11-01,9326.6875,58.07060959791384,FUTURE_FORECAST,XGBoost,,,,,,,9272.958333333334,,-0.5760798425664638,,48.84784031486707,PARTIAL / REVIEW,INSUFFICIENT DATA
2026-12-01,9466.650390625,56.934621548032425,FUTURE_FORECAST,XGBoost,,,,,,,9099.278645833334,,-3.8806941170604667,,42.238611765879064,PARTIAL / REVIEW,INSUFFICIENT DATA
2027-01-01,9590.5166015625,55.92927981222837,FUTURE_FORECAST,XGBoost,,,,,,,,,,,,INSUFFICIENT DATA,INSUFFICIENT DATA
2027-02-01,8761.7080078125,62.65618187844537,FUTURE_FORECAST,XGBoost,,,,,,,,,,,,INSUFFICIENT DATA,INSUFFICIENT DATA
2027-03-01,8945.611328125,61.16355784592058,FUTURE_FORECAST,XGBoost,,,,,,,,,,,,INSUFFICIENT DATA,INSUFFICIENT DATA
