date,bulk_carrier_handysize_usd_day,baltic_dry_index,tanker_rate_aframax_usd_day,supply_chain_pressure_index,on_time_delivery_pct,bdi_mom_change_pct,container_yoy_pct,year_month,brent_price,wti_price,dxy_index,vix,gpr_index,brent_volatility_30d,wti_volatility_30d,brent_wti_spread,event_severity,event_flag,thermal_coal_price
2010-02-01,10040,2385,22105,1.14,0.918,-6.84,-8.12,2010-02,77.50874900817871,79.13125038146973,80.59749984741211,20.443750143051147,80.72535705566406,0.020019748979277326,0.019763381027178648,-1.6225013732910156,0.0,0.0,92.65422
2010-03-01,4252,2288,28399,1.09,0.894,-4.07,-10.42,2010-03,79.93130426821502,81.28999992038892,80.67130445397419,17.767391287762187,74.116943359375,0.01813672078949096,0.017702496157718694,-1.358695652173913,0.0,0.0,98.72977826086957
2010-04-01,15324,2048,19451,0.65,0.906,-10.49,0.88,2010-04,85.75380961100261,84.57523745582218,81.23285747709728,17.42428566160656,88.76158142089844,0.013741975443163391,0.014005472405339033,1.1785721551804316,0.3333333333333333,1.0,93.22357272727272
2010-05-01,14897,2140,16936,0.95,0.876,4.49,-0.86,2010-05,77.27849998474122,74.11750144958496,85.3615005493164,31.929500007629393,88.76158142089844,0.018936642080604936,0.01919016271895288,3.16099853515625,0.0,0.0,95.89739523809524
2010-06-01,11888,1956,24172,0.95,0.933,-8.6,-2.93,2010-06,75.54863565618342,75.40454587069425,86.5750004161488,29.91636371612549,96.45369720458984,0.02272688526478618,0.023009869477520664,0.14408978548916898,0.0,0.0,89.26705
2010-07-01,16979,2043,27311,0.77,0.869,4.45,-9.61,2010-07,75.56904711042132,76.38285754975819,83.07047562372117,25.565237862723215,79.38137817382812,0.018997984357080073,0.019107758029464215,-0.8138104393368676,0.0,0.0,88.79040454545454
2010-08-01,12154,1956,21732,0.81,0.938,-4.26,-4.44,2010-08,77.1149999445135,76.66681705821644,82.14909120039506,24.745908997275613,79.38137817382812,0.017482401716615047,0.016746369158946013,0.44818288629705255,0.0,0.0,88.72373636363636
2010-09-01,13558,2065,12714,0.93,0.914,5.57,-1.83,2010-09,78.49095226469494,75.54857090541294,81.08333297002883,22.51761899675642,71.16854858398438,0.015412307462176473,0.01657572003372871,2.942381359281994,0.0,0.0,92.31380454545454
2010-10-01,6891,2347,23196,1.01,0.894,13.66,0.92,2010-10,83.53619021461124,81.97476232619513,77.45999944777716,20.3733332497733,65.99193572998047,0.01351097783630931,0.016268354924097266,1.5614278884161086,0.0,0.0,89.36372857142858
2010-11-01,15949,2023,20022,1.19,0.94,-13.8,7.49,2010-11,86.16238040015811,84.31476157052177,78.37571461995442,20.095714387439546,94.70516967773438,0.015980998921554673,0.016703621058827053,1.8476188296363467,0.0,0.0,91.40103181818182
2010-12-01,8531,2168,22456,0.98,0.895,7.17,26.29,2010-12,92.18590823086825,89.23318169333719,80.04909133911133,17.569545529105447,97.20389556884766,0.014349483900345895,0.015385751427675754,2.9527265375310723,0.0,0.0,90.84736086956522
2011-01-01,11070,2063,28310,1.03,0.903,-4.84,22.94,2011-01,96.85,89.57850036621093,79.146000289917,17.31549987792969,97.20389556884766,0.01143840330037999,0.01231654979112797,7.271499633789068,0.0,0.0,91.49379047619048
2011-02-01,14358,2123,27476,0.8,0.905,2.91,23.26,2011-02,103.94210494192023,89.7431576377467,77.78263172350432,17.4299999036287,90.01448822021484,0.013899500297376069,0.017844223515832192,14.19894730417352,0.47368421052631576,1.0,86.159055
2011-03-01,13963,2169,32091,1.23,0.914,2.17,11.21,2011-03,114.6560867972996,102.98130466627038,76.28956604003906,20.72347815140434,136.8883056640625,0.018309454099045917,0.023300697950390185,11.674782131029215,0.0,0.0,86.26763913043479
2011-04-01,3000,1990,28063,0.53,0.92,-8.25,6.52,2011-04,122.96449966430664,110.03850059509277,74.72449989318848,16.244000005722047,91.01776885986328,0.016706613799165902,0.017187195452618077,12.925999069213868,0.0,0.0,86.46164761904762
2011-05-01,10063,2075,35964,1.33,0.918,4.27,-8.66,2011-05,114.51428622291202,101.3566665649414,74.94142841157459,16.911428587777273,91.01776885986328,0.022670620433952963,0.02425356057702746,13.15761965797061,0.0,0.0,84.75627272727273
2011-06-01,11561,2050,16981,1.0,0.877,-1.2,20.26,2011-06,113.90181801535867,96.28863664106889,74.6936361139471,19.15318202972412,84.391845703125,0.02238419452995309,0.02374266478750232,17.61318137428977,0.0,0.0,80.2677909090909
2011-07-01,10868,1953,25276,0.9,0.92,-4.73,6.76,2011-07,116.82900009155273,97.34049987792969,74.75699958801269,19.22749991416931,78.92475891113281,0.020097497295560186,0.019315109532936477,19.48850021362305,0.0,0.0,78.87859999999999
2011-08-01,10350,2041,33837,0.59,0.926,4.51,0.47,2011-08,109.92478246274202,86.34086973770805,74.23652184527853,35.02913035517154,86.95156860351562,0.019590954520541538,0.02313426492358638,23.58391272503397,0.0,0.0,86.18292173913044
2011-09-01,13497,2005,30884,1.01,0.891,-1.76,-4.21,2011-09,109.8980952671596,85.60999915713356,76.990476335798,36.52999977838425,83.35044860839844,0.018775784085664597,0.025142785142267626,24.288096110026043,0.0,0.0,77.41344545454545
2011-10-01,17917,1972,31964,1.27,0.94,-1.65,5.45,2011-10,108.64666711716424,86.42809513636998,77.15428524925595,32.82904770260765,83.35044860839844,0.021647291515110162,0.027026491377617468,22.218571980794273,0.0,0.0,78.27828095238095
2011-11-01,12523,1904,25969,1.13,0.909,-3.45,1.64,2011-11,110.66714223225911,97.16285705566406,77.89142899286179,31.941904703776043,83.15767669677734,0.0192270880611717,0.02253190481193215,13.504285176595053,0.0,0.0,82.61587727272727
2011-12-01,13360,1819,25023,1.05,0.906,-4.46,-14.5,2011-12,107.72285643078033,98.57571338471912,79.61142803373791,25.047619047619047,85.34132385253906,0.015479516136200506,0.017742483169388517,9.1471430460612,0.0,0.0,83.30563636363637
2012-01-01,9997,1971,36538,0.59,0.889,8.36,-11.97,2012-01,111.46499977111816,100.31849899291993,80.2680004119873,20.227999877929687,85.34132385253906,0.015663285464531915,0.01766647669703183,11.146500778198236,0.4,1.0,82.52126818181819
2012-02-01,14478,1756,22305,0.98,0.918,-10.91,-8.68,2012-02,119.01050071716308,102.26249961853027,78.93149948120117,18.420499992370605,92.4458236694336,0.010500077154679415,0.0125464890326484,16.748001098632816,0.0,0.0,81.68668095238095
2012-03-01,3279,1896,22084,0.91,0.909,7.97,-0.39,2012-03,124.544545953924,106.20499940352006,79.53681807084517,16.16727287119085,88.75997924804688,0.01198044711086273,0.013099543130042373,18.339546550403938,0.0,0.0,80.95772727272727
2012-04-01,13940,1952,20997,0.89,0.906,2.95,11.02,2012-04,120.48650016784669,103.34600028991699,79.40150032043456,17.822999906539916,88.75997924804688,0.012280869850875734,0.014228175036121855,17.140499877929685,0.0,0.0,75.34268095238096
2012-05-01,8180,1927,30419,1.13,0.928,-1.28,8.53,2012-05,110.43318245627664,94.7159097844904,80.92545491998845,21.001818136735395,78.17115783691406,0.011303794787728019,0.012848206304700622,15.71727267178622,0.0,0.0,78.20310434782608
2012-06-01,14170,1811,20698,0.68,0.924,-6.02,-19.35,2012-06,95.92714327857608,82.40523819696335,82.22047714960007,21.130952290126256,77.82243347167969,0.014649741025885095,0.014567229078900295,13.521905081612724,0.0,0.0,77.7720619047619
2012-07-01,6490,1655,44561,1.2,0.915,-8.61,7.69,2012-07,102.86428615025112,87.93142881847564,83.06761896042596,17.565238180614653,77.82243347167969,0.02219141208745029,0.026415539246227044,14.932857331775486,0.0,0.0,73.1363409090909
2012-08-01,17816,1811,23770,0.85,0.933,9.43,13.89,2012-08,112.67826113493547,94.16087009595788,82.16000034498131,15.689565119536027,74.87835693359375,0.016240284727734932,0.01983541914835873,18.517391038977582,0.0,0.0,73.46274782608695
2012-09-01,17780,1684,28640,0.87,0.908,-7.01,18.05,2012-09,113.06578907213714,94.5584218878495,79.8142109921104,15.284736834074321,74.87835693359375,0.012184824126101421,0.011999337033946079,18.507367184287624,0.0,0.0,76.58524
2012-10-01,12907,1621,17696,1.12,0.968,-3.74,3.02,2012-10,111.94952392578125,89.9480954124814,79.70809500558036,16.276190576099214,81.66366577148438,0.01648379554579805,0.016615234907613224,22.00142851329985,0.0,0.0,75.68616956521738
2012-11-01,13730,1657,23790,0.99,0.906,2.22,13.71,2012-11,109.53428649902344,86.73238009498233,80.68523842947823,16.70190484183175,81.38964080810547,0.016715368230319612,0.01825426995441397,22.801906404041112,0.0,0.0,74.3512090909091
2012-12-01,10893,1464,30225,0.68,0.918,-11.65,-7.39,2012-12,109.28750038146973,88.24550018310546,79.75849990844726,17.306999826431273,81.38964080810547,0.01200989699884397,0.015312874567722085,21.04200019836426,0.0,0.0,70.07494285714286
2013-01-01,18316,1547,34810,0.99,0.929,5.67,0.0,2013-01,112.26809583391461,94.82857077462333,79.87333279564267,13.505238124302455,81.38964080810547,0.008672676020873557,0.009797382002677739,17.439525059291295,0.0,0.0,74.93746086956521
2013-02-01,14078,1562,29786,0.75,0.919,0.97,13.64,2013-02,116.08263156288548,95.32157897949219,80.60526315789474,14.07263163516396,81.59033203125,0.007790277142932578,0.008490805073026774,20.761052583393294,0.0,0.0,71.646885
2013-03-01,17949,1314,31721,0.83,0.891,-15.88,-11.67,2013-03,109.5134994506836,92.95699920654297,82.6254997253418,13.031500005722046,75.89672088623047,0.008408877485592856,0.009306398931447909,16.556500244140622,0.0,0.0,71.05259047619047
2013-04-01,10554,1380,34069,0.96,0.89,5.02,-8.46,2013-04,103.56681893088601,92.06772752241655,82.52500048550692,13.967272715135055,95.10787200927734,0.010985299746243628,0.011661423445214937,11.499091408469459,0.0,0.0,69.8845
2013-05-01,11263,1413,23113,0.82,0.946,2.39,7.86,2013-05,103.21545514193448,94.79954598166726,83.2136362249201,13.493636304681951,83.71731567382812,0.012740341992664238,0.015241546990312054,8.415909160267221,0.0,0.0,64.70594347826086
2013-06-01,10947,1342,17846,0.69,0.939,-5.02,7.56,2013-06,103.20000038146972,95.80049934387208,81.85049972534179,17.271499919891358,83.71731567382812,0.010996395835104936,0.01180802947661978,7.399501037597662,0.0,0.0,67.711215
2013-07-01,11644,1312,25297,0.94,0.938,-2.24,18.49,2013-07,107.57681829279119,104.698636488481,82.7895462729714,13.97454565221613,73.97581481933594,0.0111875891435731,0.012384761548427764,2.878181804310199,0.0,0.0,66.09565652173913
2013-08-01,14760,1131,25116,0.87,0.912,-13.8,-17.48,2013-08,110.54181844537908,106.53909128362483,81.48181776566939,14.209999908100475,90.95674896240234,0.008204676697365382,0.012591737494074813,4.002727161754265,0.0,0.0,64.07525
2013-09-01,13090,1355,32701,0.83,0.919,19.81,14.05,2013-09,111.46600036621093,106.23549957275391,81.15949897766113,14.692000102996825,90.95674896240234,0.01148053532136698,0.013149528597414296,5.230500793457031,0.0,0.0,67.49917619047619
2013-10-01,6329,1258,8000,0.68,0.903,-7.16,4.18,2013-10,109.56608747399372,100.55260799242103,79.86652175239895,15.407826050468113,72.95311737060547,0.010531607255918379,0.011780024974314678,9.013479481572688,0.0,0.0,69.94069565217391
2013-11-01,21829,1206,18113,1.15,0.909,-4.13,-23.76,2013-11,107.76250076293945,93.9314998626709,80.84400024414063,12.923999977111816,77.77902221679688,0.011690522828110766,0.01049991845765141,13.831000900268554,0.0,0.0,67.17536190476191
2013-12-01,8008,1174,24064,0.76,0.883,-2.65,4.69,2013-12,110.83285740443638,97.89428601946149,80.30666605631511,14.192380905151367,77.77902221679688,0.01092259061772251,0.01049268348204192,12.938571384974889,0.0,0.0,65.2074090909091
2014-01-01,6718,1122,28339,1.05,0.893,-4.43,1.6,2014-01,107.19285656156994,94.85666729155041,80.8095241728283,14.240952400934129,77.77902221679688,0.008887604092296449,0.010851906245201442,12.336189270019531,0.0,0.0,62.09650434782608
2014-02-01,13461,1195,22470,0.96,0.907,6.51,-8.73,2014-02,108.70736895109478,100.67526245117188,80.4573685495477,15.470000116448654,77.77902221679688,0.008000844626852363,0.010325211533650652,8.032106499922904,0.0,0.0,64.107875
2014-03-01,19735,1233,31000,1.31,0.88,3.18,22.47,2014-03,107.85761878603981,100.50904737200055,79.87047685895648,14.836666742960611,77.77902221679688,0.009050362031097447,0.010736776383982247,7.348571414039247,0.38095238095238093,1.0,65.10677619047618
2014-04-01,10055,1041,14419,0.99,0.9,-15.57,17.27,2014-04,108.05190531412761,102.03476206461589,79.85333360944476,14.198095321655273,93.22154235839844,0.009023478804695,0.010197165765971891,6.017143249511721,0.0,0.0,60.55425
2014-05-01,21126,1034,17963,0.88,0.931,-0.67,-4.45,2014-05,109.21952420189267,101.79476165771484,79.9490472702753,12.475238028026762,83.4288558959961,0.007838809580929987,0.008684962131183534,7.424762544177826,0.0,0.0,59.19019090909091
2014-06-01,6487,1020,8000,0.5,0.865,-1.35,2.48,2014-06,111.98047601609002,105.14666748046875,80.442382085891,11.541428565979004,83.4288558959961,0.006814604760122396,0.007761901532971771,6.833808535621281,0.0,0.0,59.11198571428571
2014-07-01,13643,954,35324,1.07,0.884,-6.47,2.48,2014-07,107.98590885509144,102.3918176130815,80.54772637107156,12.296363613822244,138.7539520263672,0.007812500914903082,0.008148396552067345,5.594091242009939,0.0,0.0,64.69418260869566
2014-08-01,14264,1032,29476,0.77,0.883,8.18,33.99,2014-08,103.32047562372117,96.07619040352958,81.86380949474517,13.497142927987236,136.44558715820312,0.008009689984137428,0.010059304905812857,7.244285220191595,0.0,0.0,58.04282380952381
2014-09-01,12106,908,18659,0.98,0.921,-12.02,-7.25,2014-09,98.2538088843936,93.03428540910993,84.45904795328777,13.466666630336217,136.44558715820312,0.010507749428435105,0.013563866052009599,5.219523475283669,0.0,0.0,59.03931363636364
2014-10-01,9876,1043,38468,1.11,0.904,14.87,16.06,2014-10,87.97913062054178,84.33912924061651,85.67043470299762,18.01608711740245,83.66100311279297,0.012146789705598156,0.014526165817785257,3.640001379925272,0.0,0.0,56.76224347826087
2014-11-01,15869,902,12524,1.08,0.902,-13.52,-1.4,2014-11,79.91210455643504,75.81000077097039,87.72842085988898,13.41315786462081,83.66100311279297,0.014092392818446332,0.015904041359379416,4.102103785464638,0.0,0.0,59.166105
2014-12-01,11845,916,31195,1.16,0.903,1.55,6.28,2014-12,63.20363651622426,59.28954488580877,89.1568173495206,16.3118182962591,86.5262222290039,0.023883461416132633,0.02724798779905464,3.914091630415483,0.0,0.0,60.8522
2015-01-01,4720,929,21422,0.86,0.892,1.42,1.57,2015-01,49.679999923706056,47.325500106811525,92.9770004272461,19.119499969482423,86.5262222290039,0.024446779949994446,0.030130982297563703,2.3544998168945304,0.0,0.0,54.87046818181818
2015-02-01,7118,884,37295,0.82,0.913,-4.84,8.76,2015-02,58.440526259572884,50.72473646465101,94.45789337158203,15.904210492184287,86.5262222290039,0.03445761054045444,0.040228205924804174,7.715789794921875,0.0,0.0,51.64052
2015-03-01,5381,795,37960,0.79,0.933,-10.07,-7.55,2015-03,56.93499981273305,47.854090603915125,97.87818249789152,14.812727277929133,86.5262222290039,0.03473199020188908,0.03350083242062472,9.080909208817916,0.3181818181818182,1.0,53.21567727272727
2015-04-01,5200,702,25483,0.51,0.918,-11.7,-28.08,2015-04,60.96523775373186,54.62809553600493,97.59190477643695,13.494761875697545,102.19049072265622,0.03023592854834512,0.032001848555757294,6.337142217726934,0.0,0.0,56.54930454545454
2015-05-01,4168,874,21487,0.5,0.909,24.5,18.22,2015-05,65.60099925994874,59.37199993133545,95.1920009613037,13.3385000705719,76.2623291015625,0.023167085083835116,0.02481221282619404,6.228999328613282,0.0,0.0,54.13311904761905
2015-06-01,3255,789,15740,0.78,0.874,-9.73,-11.29,2015-06,63.70409029180353,59.82863651622426,95.17000024968928,14.33954551003196,85.90596771240234,0.02022730384464596,0.020797786261927777,3.8754537755792793,0.0,0.0,55.06890454545455
2015-07-01,3205,752,8000,1.12,0.849,-4.69,-3.81,2015-07,56.62181802229448,50.93000013178045,96.96227299083363,14.35272723978216,106.80866241455078,0.022760923457484025,0.021659258728260605,5.691817890514026,0.0,0.0,46.67311304347827
2015-08-01,5446,686,19599,0.93,0.951,-8.78,-15.44,2015-08,48.21952383858817,42.88904771350679,96.37809499104817,19.42809536343529,106.80866241455078,0.021896481121467422,0.022147569303905608,5.330476125081381,0.0,0.0,51.074976190476185
2015-09-01,3583,667,34523,0.7,0.906,-2.77,5.08,2015-09,48.43333344232468,45.46523829868862,95.75809515090216,24.3771428607759,98.7674560546875,0.038049606302857364,0.03998261972972247,2.968095143636068,0.0,0.0,51.63125454545455
2015-10-01,3000,592,27343,0.84,0.922,-11.24,-8.3,2015-10,49.21409121426669,46.289545405994765,95.71409086747603,16.789545449343596,91.931884765625,0.029248978385978452,0.03135799019589893,2.9245458082719282,0.0,0.0,47.042213636363634
2015-11-01,5459,558,27160,1.18,0.923,-5.74,9.91,2015-11,45.90700016021729,42.92300014495849,99.03300056457519,16.209999990463256,91.931884765625,0.021604828958975326,0.024053361592717752,2.9840000152587884,0.0,0.0,51.16300952380952
2015-12-01,5484,728,18616,1.06,0.881,30.47,43.88,2015-12,38.90954520485618,37.32727258855646,98.33409049294211,18.02545473792336,148.23687744140625,0.021972259705230698,0.025324849773041103,1.582272616299717,0.0,0.0,49.69719130434783
2016-01-01,6265,681,19141,0.94,0.889,-6.46,27.13,2016-01,32.1519998550415,31.657999992370605,99.02300033569335,23.883000087738036,148.23687744140625,0.02897093488454915,0.03298528334396514,0.4939998626708988,0.0,0.0,49.705971428571424
2016-02-01,5545,776,40303,0.74,0.904,13.95,-16.12,2016-02,33.55649995803833,30.616499996185304,97.09550018310547,22.516999816894533,103.74964904785156,0.044961342052809064,0.049725179166294944,2.939999961853027,0.0,0.0,47.97352380952381
2016-03-01,3000,756,32330,1.01,0.901,-2.58,-0.78,2016-03,39.75136375427246,37.960909063165836,96.25954506613992,15.849090966311367,109.72029113769533,0.039890677826585404,0.04167672880761309,1.7904546911066226,0.0,0.0,49.13670434782608
2016-04-01,6335,818,34965,0.55,0.93,8.2,11.43,2016-04,43.386666434151785,41.12476185389927,94.403809320359,14.300476255871,85.22145080566406,0.027309887590146822,0.031166874804419202,2.26190458025251,0.0,0.0,53.102828571428574
2016-05-01,5689,845,27916,0.84,0.921,3.3,-20.07,2016-05,47.73904764084589,46.796666644868395,94.52190471830822,14.852857044764928,85.22145080566406,0.026104403695727214,0.02443395421062538,0.9423809959774919,0.0,0.0,58.95383636363636
2016-06-01,4536,929,22460,0.51,0.903,9.94,35.0,2016-06,49.92681815407493,48.85318166559393,94.67227207530628,17.774545496160332,90.16812896728516,0.020231785615213046,0.018059609061639455,1.0736364884810015,0.0,0.0,60.81713181818182
2016-07-01,3724,943,17673,1.14,0.902,1.51,-15.11,2016-07,46.330999755859374,44.799499702453616,96.57250061035157,13.158500051498413,114.6104507446289,0.026249597151975678,0.026874480768680042,1.5315000534057628,0.0,0.0,62.664695238095234
2016-08-01,4508,925,29821,0.97,0.888,-1.91,-5.22,2016-08,47.172608251157016,44.79913081293521,95.38000023883322,12.399565240611201,98.73848724365234,0.02340957394986117,0.024706321705454132,2.3734774382218067,0.0,0.0,62.17956956521739
2016-09-01,3870,993,21066,1.01,0.914,7.35,-5.2,2016-09,47.2980953398205,45.225714365641274,95.46523757207962,14.219523793175107,104.54522705078122,0.021861230102168276,0.02534051895543387,2.0723809741792216,0.38095238095238093,1.0,74.03509545454546
2016-10-01,8367,988,21649,0.59,0.932,-0.5,-0.38,2016-10,51.244761694045295,49.866666702997115,97.68095143636067,14.58523804800851,104.54522705078122,0.022340058922636647,0.023928802798739504,1.37809499104818,0.0,0.0,72.06934761904762
2016-11-01,6353,1058,32963,0.93,0.907,7.09,4.29,2016-11,47.0480960664295,45.82380930582682,99.66190519787017,15.236190387180873,82.91875457763672,0.018901671299977236,0.01976794537076327,1.2242867606026786,0.38095238095238093,1.0,72.48929545454546
2016-12-01,3341,988,26450,1.11,0.923,-6.62,-19.06,2016-12,54.717618851434615,52.16571499052502,102.01333254859561,12.472380956013998,102.18046569824222,0.029712136520156595,0.028050484709975603,2.551903860909597,0.0,0.0,74.59161363636363
2017-01-01,8527,1066,17568,0.6,0.908,7.89,-12.8,2017-01,55.4269998550415,52.608499717712405,101.12199974060059,11.608500003814697,102.1804656982422,0.02137399184406756,0.020394500372355434,2.8185001373291,0.0,0.0,71.89244545454545
2017-02-01,16483,1045,15021,0.67,0.916,-1.97,10.92,2017-02,55.926842739707546,53.46210560045744,100.69105329011616,11.530526361967388,114.20635986328122,0.014970578695415217,0.014982387427774742,2.464737139250103,0.0,0.0,76.76268
2017-03-01,21303,989,27320,1.26,0.892,-5.36,20.39,2017-03,52.50565188864003,49.673913209334664,100.75912973155145,11.897826111834982,96.63587951660156,0.013395922291545268,0.014479137080003647,2.831738679305366,0.0,0.0,78.33163043478261
2017-04-01,10419,1062,24158,1.19,0.906,7.38,10.26,2017-04,53.81894703915245,51.11736899928043,100.04526278847142,13.136315847698011,96.63587951660156,0.013024282110240305,0.015063712656275874,2.7015780398720177,0.0,0.0,75.23561
2017-05-01,15851,1291,27858,0.84,0.889,21.56,21.08,2017-05,51.34954556551847,48.53954575278542,98.26863653009588,10.862272782759232,102.57996368408205,0.01557725892747745,0.016273876327304176,2.8099998127330434,0.0,0.0,82.25079130434783
2017-06-01,6558,1182,14708,0.68,0.866,-8.44,-0.67,2017-06,47.54000039534135,45.19590950012207,96.94863683527166,10.513636328957297,126.7890167236328,0.018092863147604745,0.01941543014328134,2.3440908952192827,0.2727272727272727,1.0,86.52464545454546
2017-07-01,11236,1183,8000,0.94,0.942,0.08,27.12,2017-07,49.12550029754639,46.67500038146973,94.8610008239746,10.264499998092651,126.78901672363278,0.018287580955254085,0.018585429971495347,2.4504999160766596,0.0,0.0,86.1752238095238
2017-08-01,14253,1100,28599,0.97,0.915,-7.02,18.35,2017-08,51.90695638241975,48.05782566899838,93.17608642578125,11.97565215566884,138.5316162109375,0.015514444679295525,0.016128567325478047,3.8491307134213657,0.0,0.0,95.36338695652174
2017-09-01,13313,1284,14015,0.96,0.898,16.73,-2.75,2017-09,55.65200023651123,49.876999855041504,92.32400054931641,10.437999963760376,115.5344467163086,0.014553463158829081,0.016785594302836514,5.775000381469726,0.0,0.0,85.46213333333333
2017-10-01,7584,1248,22171,0.94,0.886,-2.8,-4.17,2017-10,57.64909068020907,51.594545884565875,93.71954484419389,10.125454512509434,115.5344467163086,0.014076346704761118,0.0149456507333069,6.054544795643199,0.0,0.0,93.5206818181818
2017-11-01,17300,1331,20003,0.94,0.908,6.65,-1.23,2017-11,62.87142853509812,56.662857418968564,93.9971440633138,10.540476163228353,92.59601593017578,0.013243690024028606,0.01297440156381349,6.208571116129558,0.0,0.0,97.8013
2017-12-01,12529,1339,40980,0.87,0.927,0.6,-20.65,2017-12,64.06650028228759,57.94699993133545,93.38800010681152,10.264500045776368,82.71825408935547,0.013193243760994025,0.013469359271941494,6.119500350952149,0.0,0.0,100.8730761904762
2018-01-01,9140,1398,26682,1.09,0.909,4.41,-22.73,2018-01,69.02238028390067,63.65904780796596,90.74476187569755,11.062381017775763,82.71825408935547,0.011426867834215596,0.011003465505714871,5.36333247593471,0.0,0.0,102.8287695652174
2018-02-01,11246,1202,23126,0.72,0.934,-14.02,-5.91,2018-02,65.70368415430973,62.18368429886667,89.73052617123253,22.464736637316253,64.49137115478516,0.010765086380108332,0.012637491715045612,3.519999855443052,0.0,0.0,100.69661
2018-03-01,14221,1478,29938,0.96,0.926,22.96,-13.03,2018-03,66.80904751732236,62.771904899960475,89.87619127546039,19.023809750874836,111.96229553222656,0.01382967197633105,0.015395688391008858,4.037142617361887,0.0,0.0,114.30559090909092
2018-04-01,5250,1305,30993,0.83,0.924,-11.71,28.68,2018-04,71.7623806908017,66.32523781912667,90.2933327811105,18.26761904216948,111.96229553222656,0.015975351512698372,0.016572977747934134,5.437142871675038,0.0,0.0,107.06758571428573
2018-05-01,17455,1403,24160,0.95,0.865,7.51,9.63,2018-05,77.17681884765625,69.98318099975586,93.29954598166726,14.124545487490566,125.66661834716795,0.014228047813071631,0.01460490019734219,7.193637847900391,0.36363636363636365,1.0,107.66389565217392
2018-06-01,9102,1382,12463,0.87,0.895,-1.5,-2.37,2018-06,75.97952379499164,67.32285672142392,94.37714276994977,13.678095318022228,103.96858978271484,0.015775075837822963,0.01611684687641494,8.656667073567709,0.0,0.0,110.59777142857142
2018-07-01,15236,1358,31172,0.87,0.901,-1.74,-14.67,2018-07,74.7952386765253,70.58190518333798,94.59761919294085,13.147619065784273,103.96858978271484,0.02053609158606227,0.019856120430639466,4.213333493187314,0.0,0.0,118.48671363636365
2018-08-01,9460,1513,17478,0.67,0.913,11.41,-2.33,2018-08,73.92260808530061,67.84521782916525,95.48173954175866,12.546956518422002,112.74168395996094,0.016736709262951722,0.01792265847211737,6.07739025613536,0.0,0.0,115.52000434782607
2018-09-01,13366,1593,23240,0.91,0.884,5.29,-5.65,2018-09,79.15999964663857,70.0847372757761,94.73947464792352,12.910526325828151,112.74168395996094,0.012086865016048763,0.01307668323823949,9.07526237086246,0.0,0.0,112.78755
2018-10-01,13382,1437,8000,1.23,0.902,-9.79,8.7,2018-10,80.62956635848336,70.75782610022503,95.85260938561481,19.352173639380414,92.0164794921875,0.014174411746496099,0.01497655786085853,9.871740258258322,0.0,0.0,104.15130434782608
2018-11-01,3000,1628,12032,1.14,0.889,13.29,6.67,2018-11,66.23285729544503,56.693332853771395,96.76142883300781,19.389047622680664,80.40758514404297,0.019277847131122364,0.018957459096758066,9.539524441673644,0.0,0.0,103.2527909090909
2018-12-01,9081,1557,23609,0.96,0.921,-4.36,9.13,2018-12,57.47000021683542,48.777369248239616,96.87578984310753,24.953157726087067,80.40758514404297,0.029651327933484024,0.029901928160220234,8.692630968595804,0.0,0.0,107.7542238095238
2019-01-01,11780,1657,16459,1.27,0.929,6.42,27.6,2019-01,60.12190500895182,51.550476255871004,95.93761880057198,19.57238079252697,80.40758514404297,0.0323077081953654,0.033775157461028646,8.571428753080822,0.0,0.0,105.07978260869564
2019-02-01,12781,1515,29064,0.96,0.899,-8.57,11.72,2019-02,64.2763153879266,54.980525970458984,96.45842100444592,15.234736844112998,96.80016326904295,0.01944777542041017,0.021543584023001914,9.295789417467619,0.0,0.0,103.061145
2019-03-01,9287,1704,25628,1.09,0.964,12.48,0.75,2019-03,67.02761949811664,58.16809517996652,96.78285689581008,14.485238075256348,82.32829284667969,0.012897101159685861,0.014910931249888,8.859524318150111,0.0,0.0,98.97511904761905
2019-04-01,12186,1528,29619,1.13,0.926,-10.33,-13.86,2019-04,71.62857237316314,63.87095260620117,97.35857173374721,12.949047588166737,79.25344848632812,0.009268381615821487,0.012406979505781266,7.757619766961961,0.0,0.0,96.56251363636363
2019-05-01,13500,1745,37723,1.21,0.874,14.2,4.73,2019-05,70.31181820956144,60.865454413674094,97.74181782115589,16.721818056973543,106.4719009399414,0.012599964699510401,0.014260002889391405,9.44636379588734,0.0,0.0,88.76930434782608
2019-06-01,16338,1665,27264,0.65,0.923,-4.58,-2.08,2019-06,63.03800010681152,54.70650024414063,96.80450057983398,15.835999870300293,106.4719009399414,0.020862063370634377,0.022184684232834324,8.3314998626709,0.0,0.0,90.102325
2019-07-01,3000,1776,29024,1.09,0.876,6.67,6.25,2019-07,64.25636395541105,57.546363830566406,97.36590922962536,13.30590907010165,93.52125549316406,0.02162758923723222,0.023713247898696964,6.710000124844638,0.0,0.0,92.44319565217393
2019-08-01,9223,1806,23570,0.94,0.93,1.69,9.13,2019-08,59.501818050037734,54.844090548428625,98.00454503839666,18.979090907356955,103.4044189453125,0.023797012855114996,0.025875232928235306,4.65772750160911,0.0,0.0,91.84558636363636
2019-09-01,13553,1885,12462,0.65,0.921,4.37,14.53,2019-09,62.468499946594235,56.967000007629395,98.59999961853028,15.558999872207641,103.4044189453125,0.030087695264577864,0.031426016600460856,5.5014999389648445,0.0,0.0,84.64610952380951
2019-10-01,19193,1864,24178,1.36,0.875,-1.11,28.73,2019-10,59.632173289423406,54.00565255206564,98.1730436242145,15.466521760691768,97.83673095703124,0.030304427452882705,0.030175410879569372,5.62652073735776,0.0,0.0,82.28827826086956
2019-11-01,11642,1900,19410,0.72,0.907,1.93,9.38,2019-11,62.65149974822998,57.070000076293944,98.06499977111817,12.523499965667725,73.07838439941406,0.01349495325920085,0.015818369265079187,5.581499671936035,0.0,0.0,76.32420952380951
2019-12-01,13458,1233,32908,0.77,0.906,-35.11,2.09,2019-12,65.17380886986142,59.80476197742281,97.37666684105282,13.756666637602306,73.07838439941406,0.014890992087614767,0.018393605504516776,5.369046892438617,0.0,0.0,84.93699545454545
2020-01-01,9441,1325,34827,1.13,0.897,7.46,-6.74,2020-01,63.5999999273391,57.52857190086728,97.43619028727214,13.94095243726458,73.07838439941406,0.015603746995537333,0.015625640924998078,6.0714280264718195,0.42857142857142855,1.0,77.58524782608696
2020-02-01,5709,1725,20721,0.95,0.884,30.19,23.22,2020-02,55.362105319374486,50.54210502222965,98.84315852115029,19.628947358382376,73.07838439941406,0.019870472506501882,0.01647317589912129,4.82000029714484,0.0,0.0,70.110405
2020-03-01,5049,1809,43996,1.35,0.859,4.87,45.35,2020-03,33.72909112410112,30.445454597473145,98.8350004716353,57.7368184002963,73.07838439941406,0.052816322477222545,0.06217820947326801,3.2836365266279732,0.0,0.0,67.08263636363637
2020-04-01,19611,2136,26894,1.27,0.881,18.08,47.9,2020-04,26.63142867315383,16.699047678992862,99.91285705566406,41.45380964733305,69.33940124511719,0.08667255495547754,0.32006907967711434,9.93238099416097,0.47619047619047616,1.0,61.06137727272728
2020-05-01,14563,2605,8000,1.52,0.85,21.96,45.48,2020-05,32.256000232696536,28.527499961853028,99.55300025939941,30.89700002670288,68.50721740722656,0.07944106119181771,0.6184650908776322,3.7285002708435053,0.0,0.0,56.69485714285714
2020-06-01,6646,2721,29850,1.82,0.838,4.45,67.38,2020-06,40.77272727272727,38.313636086203836,97.08772798018022,31.11954550309615,71.22785949707031,0.04375534934653482,0.09106120884340639,2.459091186523438,0.0,0.0,59.08985909090909
2020-07-01,8237,2835,25780,1.92,0.83,4.19,141.54,2020-07,43.24136369878595,40.76590919494629,95.51409114490856,26.840454621748492,66.47328186035156,0.02519340776838178,0.026245214404999696,2.4754545038396665,0.0,0.0,59.94165217391304
2020-08-01,6232,3207,23284,1.8,0.863,13.12,110.18,2020-08,45.01999991280692,42.38809512910389,93.0442857288179,22.88952382405599,66.47328186035156,0.0138486330582239,0.015969693185210052,2.631904783703033,0.0,0.0,58.64663333333334
2020-09-01,10445,3178,25890,2.24,0.847,-0.9,128.73,2020-09,41.86714299519857,39.625714074997674,93.43714287167504,27.647619065784273,80.37738037109375,0.018929785502189357,0.021315300194785298,2.2414289202008937,0.0,0.0,52.94445454545455
2020-10-01,13255,3420,20384,2.06,0.835,7.61,101.41,2020-10,41.524091026999734,39.55454531582919,93.40636340054598,29.438636086203836,76.08316802978516,0.024902867297862806,0.028550633365309053,1.9695457111705437,0.0,0.0,61.10611363636363
2020-11-01,16396,3771,20474,2.27,0.861,10.26,137.86,2020-11,43.78900012969971,41.346500396728516,92.6195011138916,24.995500087738037,76.08316802978516,0.02774108636728855,0.02990394151520557,2.442499732971192,0.0,0.0,76.85129523809523
2020-12-01,8889,4812,15590,2.21,0.804,27.61,177.46,2020-12,50.218181956898086,47.068181471391156,90.51272721724077,22.374090974981133,64.06729125976562,0.020751954684621245,0.02245298159778383,3.150000485506925,0.0,0.0,101.15632608695653
2021-01-01,8328,3826,31737,2.87,0.797,-20.49,193.54,2021-01,55.35157916420385,52.102105592426504,90.22631554854543,24.90999984741211,64.06729125976562,0.015531783905533489,0.01613777046067815,3.2494735717773433,0.0,0.0,114.0027761904762
2021-02-01,13187,3967,33956,2.1,0.821,3.69,117.93,2021-02,62.22789423089279,59.06105262354801,90.65157880281147,23.140526219418174,73.95680236816406,0.013774562307438587,0.014942508235265725,3.1668416073447774,0.0,0.0,128.309535
2021-03-01,3000,3576,25763,2.51,0.777,-9.86,151.66,2021-03,65.70217381352964,62.357391357421875,92.00913039497708,21.843043534652047,78.61876678466797,0.021397795614995968,0.021997400368944476,3.344782456107761,0.34782608695652173,1.0,139.50682608695652
2021-04-01,16062,3979,27412,2.29,0.762,11.27,133.33,2021-04,65.32857150123233,61.70380982898531,91.58761887323288,17.416190556117467,88.16622161865234,0.028093444301737103,0.02997849425572765,3.624761672247025,0.0,0.0,160.6426318181818
2021-05-01,10690,3634,22394,2.37,0.771,-8.67,97.34,2021-05,68.25849990844726,65.15699977874756,90.31799964904785,19.7604998588562,88.16622161865234,0.017209641404057528,0.019230539837051273,3.101500129699707,0.0,0.0,176.46521428571427
2021-06-01,10361,3360,22564,2.57,0.732,-7.54,100.42,2021-06,73.40818162397905,71.3527287569913,91.03909128362483,16.956818147139117,74.12712097167969,0.014471612219470869,0.016439894470886326,2.0554528669877485,0.0,0.0,204.7511090909091
2021-07-01,4188,3422,32685,2.2,0.769,1.85,49.62,2021-07,74.15714336576916,72.43047659737724,92.52285802932013,17.60333351861863,58.42076873779297,0.014563960736276476,0.016934056692680725,1.726666768391927,0.0,0.0,234.4165363636364
2021-08-01,15730,3199,30314,2.71,0.748,-6.52,78.89,2021-08,70.51363615556197,67.71136318553577,92.7999995838512,17.47772723978216,58.42076873779297,0.022268805010988095,0.023698472882462584,2.80227297002619,0.0,0.0,238.01937272727272
2021-09-01,8481,2710,30156,2.92,0.75,-15.29,84.99,2021-09,75.0028559366862,71.54476202101935,92.99238041469029,19.8247617994036,80.69696807861328,0.01974309538494581,0.019808098602070216,3.458093915666853,0.0,0.0,260.5808045454545
2021-10-01,12229,3239,30978,2.31,0.77,19.52,39.13,2021-10,83.74619038899739,81.22285752069382,93.95142800467355,17.869047573634557,79.02923583984375,0.013268610955720263,0.013829708533766246,2.5233328683035716,0.3333333333333333,1.0,270.5765714285714
2021-11-01,17913,2925,22930,2.55,0.723,-9.69,69.22,2021-11,80.78428540910993,78.653809320359,95.27095140729632,18.500476246788388,86.56914520263672,0.015488706726733248,0.017854854937524114,2.13047608875093,0.0,0.0,275.60184545454547
2021-12-01,3849,2702,14517,2.84,0.687,-7.62,85.52,2021-12,74.74318140203303,71.69000070745295,96.19000001387163,21.354545506564055,105.34542083740234,0.029188298234264734,0.03329248740296865,3.053180694580078,0.0,0.0,315.48532608695655
2022-01-01,10802,2557,67125,2.81,0.738,-5.37,49.87,2022-01,85.52699966430664,82.97900009155273,95.96649971008301,23.18100004196167,105.34542083740234,0.02001211167202612,0.02307844714051393,2.5479995727539064,0.0,0.0,325.76750000000004
2022-02-01,6412,2430,70367,2.58,0.738,-4.97,39.47,2022-02,94.03368457994964,91.62894680625514,95.9968426353053,25.74842111687911,216.1590118408203,0.015882378652355568,0.017303840873602743,2.404737773694485,0.5263157894736842,1.0,338.46986000000004
2022-03-01,11163,2667,65644,2.66,0.742,9.75,6.91,2022-03,112.46304420802905,108.26217385996942,98.46695676057234,26.968695682028066,318.9549255371094,0.03843262431192818,0.03970718427995363,4.2008703480596115,0.391304347826087,1.0,375.0099
2022-04-01,7222,2400,50176,2.09,0.731,-10.01,-2.33,2022-04,105.91699981689453,101.64049949645997,100.70849990844727,24.37350015640259,191.14309692382807,0.045978526806916234,0.04631110189110849,4.276500320434566,0.0,0.0,366.3057571428572
2022-05-01,14899,2386,29978,2.66,0.755,-0.58,10.0,2022-05,111.4971429734003,109.259522937593,103.16761888776507,29.445714587257022,191.14309692382807,0.031807619343536965,0.03343723445462295,2.237620035807289,0.0,0.0,372.1105363636364
2022-06-01,12798,2213,41228,1.38,0.848,-7.25,-35.1,2022-06,117.66381000337147,114.33904811314174,103.8442862374442,28.100000018165225,130.7073211669922,0.025467039173406175,0.025673138022874933,3.3247618902297225,0.38095238095238093,1.0,393.4642136363637
2022-07-01,10934,2251,19379,1.55,0.803,1.72,-35.71,2022-07,104.70499954223632,99.38449974060059,107.03350028991699,24.86850004196167,117.1767654418945,0.028550408951099983,0.031447034944528315,5.320499801635739,0.0,0.0,435.8186238095238
2022-08-01,16285,2089,51408,1.69,0.839,-7.2,-42.94,2022-08,97.74086894159731,91.48260862930961,107.1495653235394,22.169565366662066,132.86322021484375,0.030739020951060108,0.030485920593637365,6.258260312287704,0.0,0.0,443.5650782608696
2022-09-01,10120,2024,65446,1.5,0.846,-3.11,-56.79,2022-09,90.32476116362072,83.8019049508231,110.74333336239769,27.406190418061755,131.98587036132812,0.027962552012443374,0.02727804811271283,6.522856212797619,0.0,0.0,451.3589681818182
2022-10-01,3000,1925,80000,1.23,0.878,-4.89,-48.49,2022-10,93.59380958193825,87.03095245361328,111.94142804827008,30.005714416503906,131.98587036132812,0.02420476734540749,0.0287360054995249,6.562857128324962,0.0,0.0,437.3611857142857
2022-11-01,4313,1750,80000,1.34,0.887,-9.09,-68.06,2022-11,91.11428578694661,84.38571457635788,108.14000047956195,23.436190650576638,116.7162857055664,0.020141089831782828,0.025468144533682964,6.728571210588729,0.0,0.0,395.4648909090909
2022-12-01,14929,1583,79824,0.69,0.886,-9.54,-73.73,2022-12,81.3414284842355,76.51809510730561,104.5028566632952,21.784285681588308,111.19593811035156,0.02193214483390311,0.02444516379359383,4.823333376929874,0.3333333333333333,1.0,350.0935181818182
2023-01-01,11866,1630,37833,0.88,0.869,2.97,-66.38,2023-01,83.87900009155274,78.16400032043457,102.71199913024903,20.202999973297118,111.19593811035156,0.02427848579931363,0.022343930184250915,5.714999771118164,0.0,0.0,291.0313318181818
2023-02-01,3278,1652,15176,0.9,0.865,1.35,-70.7,2023-02,83.50947329872533,76.86052583393298,103.66000004818565,20.06210537960655,120.9943771362305,0.019351378069667673,0.019470389773587858,6.648947464792352,0.0,0.0,253.91049
2023-03-01,12225,1673,41007,1.0,0.865,1.27,-71.77,2023-03,79.2069562829059,73.37260934580927,103.76739137069039,21.644347895746645,105.37997436523438,0.018739603228342814,0.020740668048177032,5.834346937096638,0.0,0.0,237.0219173913044
2023-04-01,7189,1699,32264,0.93,0.884,1.55,-66.39,2023-04,83.36894788240132,79.43842155054996,101.764209948088,17.8178946344476,105.37997436523438,0.022775299859643605,0.02466973995638242,3.930526331851357,0.0,0.0,199.69415
2023-05-01,9062,1801,23110,1.04,0.907,6.0,-70.48,2023-05,75.63227358731356,71.62090925736861,102.70136295665394,17.64409099925648,108.46768188476562,0.021981814513223365,0.023525592781249424,4.011364329944957,0.0,0.0,194.31910434782608
2023-06-01,10773,1790,23113,0.97,0.936,-0.61,-53.26,2023-06,74.92571367536273,70.27428545270648,103.11190432593936,13.994285628909157,110.52894592285156,0.021606028531180627,0.023673464283269472,4.65142822265625,0.0,0.0,187.3168909090909
2023-07-01,18300,1676,26738,1.01,0.9,-6.37,-50.16,2023-07,80.35549964904786,76.03449974060058,101.32749938964844,13.943999910354615,110.52894592285156,0.0196939857973099,0.022028038283489683,4.3209999084472654,0.0,0.0,179.74571904761905
2023-08-01,10840,1773,18712,0.93,0.888,5.79,-51.86,2023-08,85.10434756071672,81.3208697775136,103.09652179220448,15.853912975477135,101.14118194580078,0.013822302982925508,0.015802182680798034,3.783477783203125,0.0,0.0,173.5459304347826
2023-09-01,12926,1763,29362,1.0,0.914,-0.56,-51.02,2023-09,92.76649932861328,89.43050003051758,105.33149948120118,15.241000032424926,98.6348114013672,0.01079765567633295,0.01319724650067568,3.3359992980957016,0.0,0.0,158.9006761904762
2023-10-01,20856,1911,20753,0.77,0.892,8.39,-46.18,2023-10,88.70409115878019,85.46681837602095,106.35318235917525,18.887727303938433,98.6348114013672,0.020417976998131613,0.020637920640771405,3.2372727827592325,0.0,0.0,168.17639545454546
2023-11-01,11623,1933,33981,0.6,0.931,1.15,-26.39,2023-11,82.02772730047053,77.36409135298295,104.50045429576527,14.021363691850143,156.69613647460938,0.02466004966773364,0.025094505148197534,4.663635947487571,0.0,0.0,166.07702727272726
2023-12-01,11959,1973,30270,1.29,0.919,2.07,-33.33,2023-12,77.32399978637696,72.12350006103516,102.6830005645752,12.718499994277954,142.2794647216797,0.022621769249303435,0.022611489975375466,5.200499725341797,0.0,0.0,159.57761428571428
2024-01-01,12058,1913,28812,0.82,0.913,-3.04,-35.73,2024-01,79.19714319138299,73.86095210484096,102.97476196289062,13.395238149733771,142.2794647216797,0.018894505572041784,0.02026362507239215,5.336191086542039,0.38095238095238093,1.0,146.5482608695652
2024-02-01,3000,1925,29521,0.97,0.901,0.63,-15.36,2024-02,81.62399940490722,76.61000022888183,104.10450096130371,13.944000101089477,146.59817504882812,0.016349419375451944,0.018050777565724367,5.013999176025391,0.0,0.0,145.65782380952382
2024-03-01,12454,2109,21824,1.22,0.894,9.56,-3.7,2024-03,84.66549949645996,80.40499992370606,103.62400093078614,13.787499904632568,133.21316528320312,0.013188320000576325,0.015184892729337676,4.260499572753906,0.0,0.0,152.18647142857142
2024-04-01,14640,2088,32381,1.44,0.887,-1.0,-11.42,2024-04,88.99999930641867,84.39409117265181,105.41181876442649,16.137727087194268,163.9473419189453,0.01125628330301279,0.01307947068884819,4.605908133766868,0.0,0.0,152.4332590909091
2024-05-01,12409,1826,28983,0.84,0.915,-12.55,4.5,2024-05,82.99181851473722,78.6213642467152,104.96500084616922,13.090454535050826,130.52186584472656,0.013515765038193907,0.01230496745805587,4.370454268022017,0.0,0.0,141.93229130434784
2024-06-01,14332,1858,27931,1.2,0.845,1.75,36.93,2024-06,82.88947416606702,78.69842127749794,105.16684281198602,12.676842037000155,130.52186584472656,0.014441654442401504,0.01476591633235857,4.191052888569079,0.0,0.0,146.519115
2024-07-01,13091,1945,38778,1.15,0.888,4.68,4.44,2024-07,83.71772731434216,80.48136381669478,104.61045455932617,14.470000050284646,92.3948745727539,0.0122789818037902,0.014647164217973576,3.236363497647372,0.0,0.0,133.01445217391304
2024-08-01,11215,2012,29245,1.21,0.847,3.44,48.59,2024-08,78.87500138716264,75.4336367520419,102.21272693980823,19.31227272207087,140.97506713867188,0.015961348164580245,0.020312069350520254,3.4413646351207388,0.36363636363636365,1.0,131.62065454545453
2024-09-01,11862,1821,14710,1.22,0.839,-9.49,62.5,2024-09,72.6384994506836,69.37249946594238,101.0185001373291,17.768999814987183,140.97506713867188,0.02178792831885908,0.023637688970221483,3.265999984741211,0.0,0.0,130.6888238095238
2024-10-01,12633,1956,15770,1.51,0.889,7.41,57.82,2024-10,75.37695710555367,71.5617383873981,103.31130450704823,19.96086958180303,130.689208984375,0.023385132713325853,0.024436425036684035,3.815218718155571,0.34782608695652173,1.0,127.65385217391304
2024-11-01,12780,2071,28742,1.38,0.88,5.88,56.23,2024-11,73.40699996948243,69.5439998626709,105.84349975585937,16.121000051498413,128.90164184570312,0.02293573620478091,0.023876711208765385,3.8630001068115236,0.0,0.0,126.70811428571427
2024-12-01,8781,2206,31966,1.02,0.9,6.52,106.36,2024-12,73.12857164655414,69.69761912027995,107.18999989827473,15.866190592447916,128.90164184570312,0.016191369151954838,0.017665876888673715,3.4309525262741816,0.0,0.0,121.74204090909092
