date,predicted_freight_usd_day,freight_attractiveness_score,market_risk_score,port_risk_score,overall_risk_score,risk_level,average_load_percentage,turnaround_time_hours,weekly_voyage_count,idle_risk_score,idle_risk_level,data_availability,annual_east_coast_demand_tons,historical_average_annual_demand_tons,annual_demand_ratio,annual_demand_risk_score,annual_demand_risk_level,low_demand_period,combined_idle_demand_risk_score,combined_idle_demand_risk_level,route_demand_risk_score,route_demand_risk_level,alternative_employment_signal,deadheading_risk,highest_demand_alternative_port,alternative_port_demand_tons,positioning_action,idle_management_recommendation
2011-02-01,13714.154,22.460384,16.12458522537463,,16.12458522537463,LOW,,,,,UNKNOWN,INSUFFICIENT_DATA,,,,,,,,UNKNOWN,53.21889208460198,MEDIUM,INSUFFICIENT DATA,UNKNOWN,,,MONITOR DEMAND,Insufficient vessel and demand data; monitor before repositioning.
2011-03-01,12925.32,28.86284,13.863183649328942,,13.863183649328942,LOW,,,,,UNKNOWN,INSUFFICIENT_DATA,,,,,,,,UNKNOWN,53.21889208460198,MEDIUM,INSUFFICIENT DATA,UNKNOWN,,,MONITOR DEMAND,Insufficient vessel and demand data; monitor before repositioning.
2011-04-01,6656.156,79.74558,7.858595881902478,,7.858595881902478,LOW,,,,,UNKNOWN,INSUFFICIENT_DATA,,,,,,,,UNKNOWN,53.21889208460198,MEDIUM,INSUFFICIENT DATA,UNKNOWN,,,MONITOR DEMAND,Insufficient vessel and demand data; monitor before repositioning.
2011-05-01,11485.775,40.54669,9.864032281378513,,9.864032281378513,LOW,,,,,UNKNOWN,INSUFFICIENT_DATA,,,,,,,,UNKNOWN,53.21889208460198,MEDIUM,INSUFFICIENT DATA,UNKNOWN,,,MONITOR DEMAND,Insufficient vessel and demand data; monitor before repositioning.
2011-06-01,12934.411,28.789057,10.208614015162457,,10.208614015162457,LOW,,,,,UNKNOWN,INSUFFICIENT_DATA,,,,,,,,UNKNOWN,53.21889208460198,MEDIUM,INSUFFICIENT DATA,UNKNOWN,,,MONITOR DEMAND,Insufficient vessel and demand data; monitor before repositioning.
2011-07-01,12112.026,35.46382,9.102459855308178,,9.102459855308178,LOW,,,,,UNKNOWN,INSUFFICIENT_DATA,,,,,,,,UNKNOWN,53.21889208460198,MEDIUM,INSUFFICIENT DATA,UNKNOWN,,,MONITOR DEMAND,Insufficient vessel and demand data; monitor before repositioning.
2011-08-01,11900.87,37.17764,16.354609761858008,,16.354609761858008,LOW,,,,,UNKNOWN,INSUFFICIENT_DATA,,,,,,,,UNKNOWN,53.21889208460198,MEDIUM,INSUFFICIENT DATA,UNKNOWN,,,MONITOR DEMAND,Insufficient vessel and demand data; monitor before repositioning.
2011-09-01,13560.652,23.706263,16.570257539650488,,16.570257539650488,LOW,,,,,UNKNOWN,INSUFFICIENT_DATA,,,,,,,,UNKNOWN,53.21889208460198,MEDIUM,INSUFFICIENT DATA,UNKNOWN,,,MONITOR DEMAND,Insufficient vessel and demand data; monitor before repositioning.
2011-10-01,15289.685,9.672829,15.796450361137548,,15.796450361137548,LOW,,,,,UNKNOWN,INSUFFICIENT_DATA,,,,,,,,UNKNOWN,53.21889208460198,MEDIUM,INSUFFICIENT DATA,UNKNOWN,,,MONITOR DEMAND,Insufficient vessel and demand data; monitor before repositioning.
2011-11-01,12001.885,36.35777,14.655671033473803,,14.655671033473803,LOW,,,,,UNKNOWN,INSUFFICIENT_DATA,,,,,,,,UNKNOWN,53.21889208460198,MEDIUM,INSUFFICIENT DATA,UNKNOWN,,,MONITOR DEMAND,Insufficient vessel and demand data; monitor before repositioning.
2011-12-01,12802.189,29.862213,10.831823311910142,,10.831823311910142,LOW,,,,,UNKNOWN,INSUFFICIENT_DATA,,,,,,,,UNKNOWN,53.21889208460198,MEDIUM,INSUFFICIENT DATA,UNKNOWN,,,MONITOR DEMAND,Insufficient vessel and demand data; monitor before repositioning.
2012-01-01,10920.689,45.13313,16.050791487234857,,16.050791487234857,LOW,,,,,UNKNOWN,INSUFFICIENT_DATA,,,,,,,,UNKNOWN,53.21889208460198,MEDIUM,INSUFFICIENT DATA,UNKNOWN,,,MONITOR DEMAND,Insufficient vessel and demand data; monitor before repositioning.
2012-02-01,11593.654,39.67111,7.176125262805618,,7.176125262805618,LOW,,,,,UNKNOWN,INSUFFICIENT_DATA,,,,,,,,UNKNOWN,53.21889208460198,MEDIUM,INSUFFICIENT DATA,UNKNOWN,,,MONITOR DEMAND,Insufficient vessel and demand data; monitor before repositioning.
2012-03-01,7571.1807,72.318924,6.335534792257333,,6.335534792257333,LOW,,,,,UNKNOWN,INSUFFICIENT_DATA,,,,,,,,UNKNOWN,53.21889208460198,MEDIUM,INSUFFICIENT DATA,UNKNOWN,,,MONITOR DEMAND,Insufficient vessel and demand data; monitor before repositioning.
2012-04-01,14534.466,15.802449,7.1432533726999425,,7.1432533726999425,LOW,,,,,UNKNOWN,INSUFFICIENT_DATA,,,,,,,,UNKNOWN,53.21889208460198,MEDIUM,INSUFFICIENT DATA,UNKNOWN,,,MONITOR DEMAND,Insufficient vessel and demand data; monitor before repositioning.
2012-05-01,10762.685,46.415554,7.375821693159135,,7.375821693159135,LOW,,,,,UNKNOWN,INSUFFICIENT_DATA,,,,,,,,UNKNOWN,53.21889208460198,MEDIUM,INSUFFICIENT DATA,UNKNOWN,,,MONITOR DEMAND,Insufficient vessel and demand data; monitor before repositioning.
2012-06-01,13271.22,26.055399,8.297567828304265,,8.297567828304265,LOW,,,,,UNKNOWN,INSUFFICIENT_DATA,,,,,,,,UNKNOWN,53.21889208460198,MEDIUM,INSUFFICIENT DATA,UNKNOWN,,,MONITOR DEMAND,Insufficient vessel and demand data; monitor before repositioning.
2012-07-01,9992.648,52.66544,9.076519609791243,,9.076519609791243,LOW,,,,,UNKNOWN,INSUFFICIENT_DATA,,,,,,,,UNKNOWN,53.21889208460198,MEDIUM,INSUFFICIENT DATA,UNKNOWN,,,MONITOR DEMAND,Insufficient vessel and demand data; monitor before repositioning.
2012-08-01,15039.701,11.701782,6.356685167671104,,6.356685167671104,LOW,,,,,UNKNOWN,INSUFFICIENT_DATA,,,,,,,,UNKNOWN,53.21889208460198,MEDIUM,INSUFFICIENT DATA,UNKNOWN,,,MONITOR DEMAND,Insufficient vessel and demand data; monitor before repositioning.
2012-09-01,13138.627,27.131569,4.914336357722894,,4.914336357722894,LOW,,,,,UNKNOWN,INSUFFICIENT_DATA,,,,,,,,UNKNOWN,53.21889208460198,MEDIUM,INSUFFICIENT DATA,UNKNOWN,,,MONITOR DEMAND,Insufficient vessel and demand data; monitor before repositioning.
2012-10-01,12169.71,34.99564,7.079512091144977,,7.079512091144977,LOW,,,,,UNKNOWN,INSUFFICIENT_DATA,,,,,,,,UNKNOWN,53.21889208460198,MEDIUM,INSUFFICIENT DATA,UNKNOWN,,,MONITOR DEMAND,Insufficient vessel and demand data; monitor before repositioning.
2012-11-01,13186.532,26.742752,7.348978438791224,,7.348978438791224,LOW,,,,,UNKNOWN,INSUFFICIENT_DATA,,,,,,,,UNKNOWN,53.21889208460198,MEDIUM,INSUFFICIENT DATA,UNKNOWN,,,MONITOR DEMAND,Insufficient vessel and demand data; monitor before repositioning.
2012-12-01,12480.088,32.476505,6.328370889097705,,6.328370889097705,LOW,,,,,UNKNOWN,INSUFFICIENT_DATA,,,,,,,,UNKNOWN,53.21889208460198,MEDIUM,INSUFFICIENT DATA,UNKNOWN,,,MONITOR DEMAND,Insufficient vessel and demand data; monitor before repositioning.
2013-01-01,13783.869,21.894556,3.7149563946521083,,3.7149563946521083,LOW,,,,,UNKNOWN,INSUFFICIENT_DATA,,,,,,,,UNKNOWN,53.21889208460198,MEDIUM,INSUFFICIENT DATA,UNKNOWN,,,MONITOR DEMAND,Insufficient vessel and demand data; monitor before repositioning.
2013-02-01,14658.501,14.795736,3.7049248834596655,,3.7049248834596655,LOW,,,,,UNKNOWN,INSUFFICIENT_DATA,,,,,,,,UNKNOWN,53.21889208460198,MEDIUM,INSUFFICIENT DATA,UNKNOWN,,,MONITOR DEMAND,Insufficient vessel and demand data; monitor before repositioning.
2013-03-01,14737.772,14.152342,3.012142050220535,,3.012142050220535,LOW,,,,,UNKNOWN,INSUFFICIENT_DATA,,,,,,,,UNKNOWN,53.21889208460198,MEDIUM,INSUFFICIENT DATA,UNKNOWN,,,MONITOR DEMAND,Insufficient vessel and demand data; monitor before repositioning.
2013-04-01,10817.806,45.96817,5.602357369690737,,5.602357369690737,LOW,,,,,UNKNOWN,INSUFFICIENT_DATA,,,,,,,,UNKNOWN,53.21889208460198,MEDIUM,INSUFFICIENT DATA,UNKNOWN,,,MONITOR DEMAND,Insufficient vessel and demand data; monitor before repositioning.
2013-05-01,12030.896,36.1223,5.085784706088195,,5.085784706088195,LOW,,,,,UNKNOWN,INSUFFICIENT_DATA,,,,,,,,UNKNOWN,53.21889208460198,MEDIUM,INSUFFICIENT DATA,UNKNOWN,,,MONITOR DEMAND,Insufficient vessel and demand data; monitor before repositioning.
2013-06-01,11647.432,39.234634,6.123536707700092,,6.123536707700092,LOW,,,,,UNKNOWN,INSUFFICIENT_DATA,,,,,,,,UNKNOWN,53.21889208460198,MEDIUM,INSUFFICIENT DATA,UNKNOWN,,,MONITOR DEMAND,Insufficient vessel and demand data; monitor before repositioning.
2013-07-01,12619.84,31.342228,4.057553386030235,,4.057553386030235,LOW,,,,,UNKNOWN,INSUFFICIENT_DATA,,,,,,,,UNKNOWN,53.21889208460198,MEDIUM,INSUFFICIENT DATA,UNKNOWN,,,MONITOR DEMAND,Insufficient vessel and demand data; monitor before repositioning.
2013-08-01,11780.678,38.153164,4.719731448052743,,4.719731448052743,LOW,,,,,UNKNOWN,INSUFFICIENT_DATA,,,,,,,,UNKNOWN,53.21889208460198,MEDIUM,INSUFFICIENT DATA,UNKNOWN,,,MONITOR DEMAND,Insufficient vessel and demand data; monitor before repositioning.
2013-09-01,12368.494,33.382236,5.760892790407002,,5.760892790407002,LOW,,,,,UNKNOWN,INSUFFICIENT_DATA,,,,,,,,UNKNOWN,53.21889208460198,MEDIUM,INSUFFICIENT DATA,UNKNOWN,,,MONITOR DEMAND,Insufficient vessel and demand data; monitor before repositioning.
2013-10-01,9646.899,55.471657,4.397028776304771,,4.397028776304771,LOW,,,,,UNKNOWN,INSUFFICIENT_DATA,,,,,,,,UNKNOWN,53.21889208460198,MEDIUM,INSUFFICIENT DATA,UNKNOWN,,,MONITOR DEMAND,Insufficient vessel and demand data; monitor before repositioning.
2013-11-01,15747.477,5.9572277,3.9724377004511453,,3.9724377004511453,LOW,,,,,UNKNOWN,INSUFFICIENT_DATA,,,,,,,,UNKNOWN,53.21889208460198,MEDIUM,INSUFFICIENT DATA,UNKNOWN,,,MONITOR DEMAND,Insufficient vessel and demand data; monitor before repositioning.
2013-12-01,10556.145,48.091904,4.312682175339677,,4.312682175339677,LOW,,,,,UNKNOWN,INSUFFICIENT_DATA,,,,,,,,UNKNOWN,53.21889208460198,MEDIUM,INSUFFICIENT DATA,UNKNOWN,,,MONITOR DEMAND,Insufficient vessel and demand data; monitor before repositioning.
2014-01-01,10919.738,45.14085,3.8351981496798047,,3.8351981496798047,LOW,,,,,UNKNOWN,INSUFFICIENT_DATA,,,,,,,,UNKNOWN,53.21889208460198,MEDIUM,INSUFFICIENT DATA,UNKNOWN,,,MONITOR DEMAND,Insufficient vessel and demand data; monitor before repositioning.
2014-02-01,12974.095,28.46697,4.112148497561034,,4.112148497561034,LOW,,,,,UNKNOWN,INSUFFICIENT_DATA,,,,,,,,UNKNOWN,53.21889208460198,MEDIUM,INSUFFICIENT DATA,UNKNOWN,,,MONITOR DEMAND,Insufficient vessel and demand data; monitor before repositioning.
2014-03-01,16173.409,2.5002089,10.979572868093646,,10.979572868093646,LOW,,,,,UNKNOWN,INSUFFICIENT_DATA,,,,,,,,UNKNOWN,53.21889208460198,MEDIUM,INSUFFICIENT DATA,UNKNOWN,,,MONITOR DEMAND,Insufficient vessel and demand data; monitor before repositioning.
2014-04-01,11371.179,41.4768,5.0152329057704925,,5.0152329057704925,LOW,,,,,UNKNOWN,INSUFFICIENT_DATA,,,,,,,,UNKNOWN,53.21889208460198,MEDIUM,INSUFFICIENT DATA,UNKNOWN,,,MONITOR DEMAND,Insufficient vessel and demand data; monitor before repositioning.
2014-05-01,16481.455,0.0,3.1935594198529054,,3.1935594198529054,LOW,,,,,UNKNOWN,INSUFFICIENT_DATA,,,,,,,,UNKNOWN,53.21889208460198,MEDIUM,INSUFFICIENT DATA,UNKNOWN,,,MONITOR DEMAND,Insufficient vessel and demand data; monitor before repositioning.
2014-06-01,8697.172,63.17998,2.514560052274104,,2.514560052274104,LOW,,,,,UNKNOWN,INSUFFICIENT_DATA,,,,,,,,UNKNOWN,53.21889208460198,MEDIUM,INSUFFICIENT DATA,UNKNOWN,,,MONITOR DEMAND,Insufficient vessel and demand data; monitor before repositioning.
2014-07-01,12162.715,35.052414,7.341310392337017,,7.341310392337017,LOW,,,,,UNKNOWN,INSUFFICIENT_DATA,,,,,,,,UNKNOWN,53.21889208460198,MEDIUM,INSUFFICIENT DATA,UNKNOWN,,,MONITOR DEMAND,Insufficient vessel and demand data; monitor before repositioning.
2014-08-01,12237.967,34.441643,7.780482168281185,,7.780482168281185,LOW,,,,,UNKNOWN,INSUFFICIENT_DATA,,,,,,,,UNKNOWN,53.21889208460198,MEDIUM,INSUFFICIENT DATA,UNKNOWN,,,MONITOR DEMAND,Insufficient vessel and demand data; monitor before repositioning.
2014-09-01,13503.094,24.173428,8.508077133032518,,8.508077133032518,LOW,,,,,UNKNOWN,INSUFFICIENT_DATA,,,,,,,,UNKNOWN,53.21889208460198,MEDIUM,INSUFFICIENT DATA,UNKNOWN,,,MONITOR DEMAND,Insufficient vessel and demand data; monitor before repositioning.
2014-10-01,10141.054,51.460926,6.809117596462902,,6.809117596462902,LOW,,,,,UNKNOWN,INSUFFICIENT_DATA,,,,,,,,UNKNOWN,53.21889208460198,MEDIUM,INSUFFICIENT DATA,UNKNOWN,,,MONITOR DEMAND,Insufficient vessel and demand data; monitor before repositioning.
2014-11-01,13659.021,22.907866,5.407965525199497,,5.407965525199497,LOW,,,,,UNKNOWN,INSUFFICIENT_DATA,,,,,,,,UNKNOWN,53.21889208460198,MEDIUM,INSUFFICIENT DATA,UNKNOWN,,,MONITOR DEMAND,Insufficient vessel and demand data; monitor before repositioning.
2014-12-01,9011.838,60.62604,9.669174579440355,,9.669174579440355,LOW,,,,,UNKNOWN,INSUFFICIENT_DATA,,,,,,,,UNKNOWN,53.21889208460198,MEDIUM,INSUFFICIENT DATA,UNKNOWN,,,MONITOR DEMAND,Insufficient vessel and demand data; monitor before repositioning.
2015-01-01,7178.179,75.50866,11.084086899867206,,11.084086899867206,LOW,,,,,UNKNOWN,INSUFFICIENT_DATA,,,,,,,,UNKNOWN,53.21889208460198,MEDIUM,INSUFFICIENT DATA,UNKNOWN,,,MONITOR DEMAND,Insufficient vessel and demand data; monitor before repositioning.
2015-02-01,7803.8433,70.43054,12.571282118833292,,12.571282118833292,LOW,,,,,UNKNOWN,INSUFFICIENT_DATA,,,,,,,,UNKNOWN,53.21889208460198,MEDIUM,INSUFFICIENT DATA,UNKNOWN,,,MONITOR DEMAND,Insufficient vessel and demand data; monitor before repositioning.
2015-03-01,8065.3696,68.307915,17.68845919455392,,17.68845919455392,LOW,,,,,UNKNOWN,INSUFFICIENT_DATA,,,,,,,,UNKNOWN,53.21889208460198,MEDIUM,INSUFFICIENT DATA,UNKNOWN,,,MONITOR DEMAND,Insufficient vessel and demand data; monitor before repositioning.
2015-04-01,5640.2256,87.991234,11.43491976198499,,11.43491976198499,LOW,,,,,UNKNOWN,INSUFFICIENT_DATA,,,,,,,,UNKNOWN,53.21889208460198,MEDIUM,INSUFFICIENT DATA,UNKNOWN,,,MONITOR DEMAND,Insufficient vessel and demand data; monitor before repositioning.
2015-05-01,6324.4487,82.43783,7.373085701589413,,7.373085701589413,LOW,,,,,UNKNOWN,INSUFFICIENT_DATA,,,,,,,,UNKNOWN,53.21889208460198,MEDIUM,INSUFFICIENT DATA,UNKNOWN,,,MONITOR DEMAND,Insufficient vessel and demand data; monitor before repositioning.
2015-06-01,5459.2485,89.46011,7.666168483411992,,7.666168483411992,LOW,,,,,UNKNOWN,INSUFFICIENT_DATA,,,,,,,,UNKNOWN,53.21889208460198,MEDIUM,INSUFFICIENT DATA,UNKNOWN,,,MONITOR DEMAND,Insufficient vessel and demand data; monitor before repositioning.
2015-07-01,5008.463,93.11884,9.939052788660819,,9.939052788660819,LOW,,,,,UNKNOWN,INSUFFICIENT_DATA,,,,,,,,UNKNOWN,53.21889208460198,MEDIUM,INSUFFICIENT DATA,UNKNOWN,,,MONITOR DEMAND,Insufficient vessel and demand data; monitor before repositioning.
2015-08-01,5599.8535,88.3189,11.870548166994457,,11.870548166994457,LOW,,,,,UNKNOWN,INSUFFICIENT_DATA,,,,,,,,UNKNOWN,53.21889208460198,MEDIUM,INSUFFICIENT DATA,UNKNOWN,,,MONITOR DEMAND,Insufficient vessel and demand data; monitor before repositioning.
2015-09-01,4160.6484,100.0,17.96174436985047,,17.96174436985047,LOW,,,,,UNKNOWN,INSUFFICIENT_DATA,,,,,,,,UNKNOWN,53.21889208460198,MEDIUM,INSUFFICIENT DATA,UNKNOWN,,,MONITOR DEMAND,Insufficient vessel and demand data; monitor before repositioning.
2015-10-01,4274.223,99.07819,11.76318430759014,,11.76318430759014,LOW,,,,,UNKNOWN,INSUFFICIENT_DATA,,,,,,,,UNKNOWN,53.21889208460198,MEDIUM,INSUFFICIENT DATA,UNKNOWN,,,MONITOR DEMAND,Insufficient vessel and demand data; monitor before repositioning.
2015-11-01,4891.5664,94.06761,9.366079004752525,,9.366079004752525,LOW,,,,,UNKNOWN,INSUFFICIENT_DATA,,,,,,,,UNKNOWN,53.21889208460198,MEDIUM,INSUFFICIENT DATA,UNKNOWN,,,MONITOR DEMAND,Insufficient vessel and demand data; monitor before repositioning.
2015-12-01,5180.472,91.72275,14.584627661211087,,14.584627661211087,LOW,,,,,UNKNOWN,INSUFFICIENT_DATA,,,,,,,,UNKNOWN,53.21889208460198,MEDIUM,INSUFFICIENT DATA,UNKNOWN,,,MONITOR DEMAND,Insufficient vessel and demand data; monitor before repositioning.
2016-01-01,5311.545,90.65892,19.048847371684023,,19.048847371684023,LOW,,,,,UNKNOWN,INSUFFICIENT_DATA,,,,,,,,UNKNOWN,53.21889208460198,MEDIUM,INSUFFICIENT DATA,UNKNOWN,,,MONITOR DEMAND,Insufficient vessel and demand data; monitor before repositioning.
2016-02-01,4837.0684,94.50993,19.612886007460162,,19.612886007460162,LOW,,,,,UNKNOWN,INSUFFICIENT_DATA,,,,,,,,UNKNOWN,53.21889208460198,MEDIUM,INSUFFICIENT DATA,UNKNOWN,,,MONITOR DEMAND,Insufficient vessel and demand data; monitor before repositioning.
2016-03-01,4199.011,99.68864,15.736750128757663,,15.736750128757663,LOW,,,,,UNKNOWN,INSUFFICIENT_DATA,,,,,,,,UNKNOWN,53.21889208460198,MEDIUM,INSUFFICIENT DATA,UNKNOWN,,,MONITOR DEMAND,Insufficient vessel and demand data; monitor before repositioning.
2016-04-01,5057.594,92.72008,9.710583745338441,,9.710583745338441,LOW,,,,,UNKNOWN,INSUFFICIENT_DATA,,,,,,,,UNKNOWN,53.21889208460198,MEDIUM,INSUFFICIENT DATA,UNKNOWN,,,MONITOR DEMAND,Insufficient vessel and demand data; monitor before repositioning.
2016-05-01,5179.869,91.727646,9.420216758955526,,9.420216758955526,LOW,,,,,UNKNOWN,INSUFFICIENT_DATA,,,,,,,,UNKNOWN,53.21889208460198,MEDIUM,INSUFFICIENT DATA,UNKNOWN,,,MONITOR DEMAND,Insufficient vessel and demand data; monitor before repositioning.
2016-06-01,4949.1733,93.60005,9.34773718336252,,9.34773718336252,LOW,,,,,UNKNOWN,INSUFFICIENT_DATA,,,,,,,,UNKNOWN,53.21889208460198,MEDIUM,INSUFFICIENT DATA,UNKNOWN,,,MONITOR DEMAND,Insufficient vessel and demand data; monitor before repositioning.
2016-07-01,4776.818,94.99895,11.080817383392453,,11.080817383392453,LOW,,,,,UNKNOWN,INSUFFICIENT_DATA,,,,,,,,UNKNOWN,53.21889208460198,MEDIUM,INSUFFICIENT DATA,UNKNOWN,,,MONITOR DEMAND,Insufficient vessel and demand data; monitor before repositioning.
2016-08-01,5658.3354,87.84424,8.761322152885084,,8.761322152885084,LOW,,,,,UNKNOWN,INSUFFICIENT_DATA,,,,,,,,UNKNOWN,53.21889208460198,MEDIUM,INSUFFICIENT DATA,UNKNOWN,,,MONITOR DEMAND,Insufficient vessel and demand data; monitor before repositioning.
2016-09-01,5959.0244,85.403755,16.461722377308597,,16.461722377308597,LOW,,,,,UNKNOWN,INSUFFICIENT_DATA,,,,,,,,UNKNOWN,53.21889208460198,MEDIUM,INSUFFICIENT DATA,UNKNOWN,,,MONITOR DEMAND,Insufficient vessel and demand data; monitor before repositioning.
2016-10-01,8307.507,66.342636,9.831891953616404,,9.831891953616404,LOW,,,,,UNKNOWN,INSUFFICIENT_DATA,,,,,,,,UNKNOWN,53.21889208460198,MEDIUM,INSUFFICIENT DATA,UNKNOWN,,,MONITOR DEMAND,Insufficient vessel and demand data; monitor before repositioning.
2016-11-01,7094.3096,76.18938,14.304924419087348,,14.304924419087348,LOW,,,,,UNKNOWN,INSUFFICIENT_DATA,,,,,,,,UNKNOWN,53.21889208460198,MEDIUM,INSUFFICIENT DATA,UNKNOWN,,,MONITOR DEMAND,Insufficient vessel and demand data; monitor before repositioning.
2016-12-01,8986.2705,60.833553,10.744096227411493,,10.744096227411493,LOW,,,,,UNKNOWN,INSUFFICIENT_DATA,,,,,,,,UNKNOWN,53.21889208460198,MEDIUM,INSUFFICIENT DATA,UNKNOWN,,,MONITOR DEMAND,Insufficient vessel and demand data; monitor before repositioning.
2017-01-01,9955.625,52.96593,8.042236720352298,,8.042236720352298,LOW,,,,,UNKNOWN,INSUFFICIENT_DATA,,,,,,,,UNKNOWN,53.21889208460198,MEDIUM,INSUFFICIENT DATA,UNKNOWN,,,MONITOR DEMAND,Insufficient vessel and demand data; monitor before repositioning.
2017-02-01,13070.45,27.684916,7.151711815717276,,7.151711815717276,LOW,,,,,UNKNOWN,INSUFFICIENT_DATA,,,,,,,,UNKNOWN,53.21889208460198,MEDIUM,INSUFFICIENT DATA,UNKNOWN,,,MONITOR DEMAND,Insufficient vessel and demand data; monitor before repositioning.
2017-03-01,14480.604,16.239614,5.546352889779472,,5.546352889779472,LOW,,,,,UNKNOWN,INSUFFICIENT_DATA,,,,,,,,UNKNOWN,53.21889208460198,MEDIUM,INSUFFICIENT DATA,UNKNOWN,,,MONITOR DEMAND,Insufficient vessel and demand data; monitor before repositioning.
2017-04-01,11739.867,38.484394,5.992671556841673,,5.992671556841673,LOW,,,,,UNKNOWN,INSUFFICIENT_DATA,,,,,,,,UNKNOWN,53.21889208460198,MEDIUM,INSUFFICIENT DATA,UNKNOWN,,,MONITOR DEMAND,Insufficient vessel and demand data; monitor before repositioning.
2017-05-01,13946.439,20.575079,6.172730442566416,,6.172730442566416,LOW,,,,,UNKNOWN,INSUFFICIENT_DATA,,,,,,,,UNKNOWN,53.21889208460198,MEDIUM,INSUFFICIENT DATA,UNKNOWN,,,MONITOR DEMAND,Insufficient vessel and demand data; monitor before repositioning.
2017-06-01,9376.716,57.664562,13.5266901323332,,13.5266901323332,LOW,,,,,UNKNOWN,INSUFFICIENT_DATA,,,,,,,,UNKNOWN,53.21889208460198,MEDIUM,INSUFFICIENT DATA,UNKNOWN,,,MONITOR DEMAND,Insufficient vessel and demand data; monitor before repositioning.
2017-07-01,11248.14,42.47543,8.534529333399998,,8.534529333399998,LOW,,,,,UNKNOWN,INSUFFICIENT_DATA,,,,,,,,UNKNOWN,53.21889208460198,MEDIUM,INSUFFICIENT DATA,UNKNOWN,,,MONITOR DEMAND,Insufficient vessel and demand data; monitor before repositioning.
2017-08-01,12142.137,35.219433,9.379776784600574,,9.379776784600574,LOW,,,,,UNKNOWN,INSUFFICIENT_DATA,,,,,,,,UNKNOWN,53.21889208460198,MEDIUM,INSUFFICIENT DATA,UNKNOWN,,,MONITOR DEMAND,Insufficient vessel and demand data; monitor before repositioning.
2017-09-01,13095.961,27.477861,6.7493168377192445,,6.7493168377192445,LOW,,,,,UNKNOWN,INSUFFICIENT_DATA,,,,,,,,UNKNOWN,53.21889208460198,MEDIUM,INSUFFICIENT DATA,UNKNOWN,,,MONITOR DEMAND,Insufficient vessel and demand data; monitor before repositioning.
2017-10-01,9716.597,54.905968,6.438278721715676,,6.438278721715676,LOW,,,,,UNKNOWN,INSUFFICIENT_DATA,,,,,,,,UNKNOWN,53.21889208460198,MEDIUM,INSUFFICIENT DATA,UNKNOWN,,,MONITOR DEMAND,Insufficient vessel and demand data; monitor before repositioning.
2017-11-01,13915.62,20.82522,4.578647752437233,,4.578647752437233,LOW,,,,,UNKNOWN,INSUFFICIENT_DATA,,,,,,,,UNKNOWN,53.21889208460198,MEDIUM,INSUFFICIENT DATA,UNKNOWN,,,MONITOR DEMAND,Insufficient vessel and demand data; monitor before repositioning.
2017-12-01,12526.045,32.1035,3.7080245072314013,,3.7080245072314013,LOW,,,,,UNKNOWN,INSUFFICIENT_DATA,,,,,,,,UNKNOWN,53.21889208460198,MEDIUM,INSUFFICIENT DATA,UNKNOWN,,,MONITOR DEMAND,Insufficient vessel and demand data; monitor before repositioning.
2018-01-01,10310.323,50.08708,3.520053233288478,,3.520053233288478,LOW,,,,,UNKNOWN,INSUFFICIENT_DATA,,,,,,,,UNKNOWN,53.21889208460198,MEDIUM,INSUFFICIENT DATA,UNKNOWN,,,MONITOR DEMAND,Insufficient vessel and demand data; monitor before repositioning.
2018-02-01,10914.853,45.180504,6.798395402438301,,6.798395402438301,LOW,,,,,UNKNOWN,INSUFFICIENT_DATA,,,,,,,,UNKNOWN,53.21889208460198,MEDIUM,INSUFFICIENT DATA,UNKNOWN,,,MONITOR DEMAND,Insufficient vessel and demand data; monitor before repositioning.
2018-03-01,9614.595,55.733856,9.854933536767778,,9.854933536767778,LOW,,,,,UNKNOWN,INSUFFICIENT_DATA,,,,,,,,UNKNOWN,53.21889208460198,MEDIUM,INSUFFICIENT DATA,UNKNOWN,,,MONITOR DEMAND,Insufficient vessel and demand data; monitor before repositioning.
2018-04-01,8093.0537,68.08321,10.113211446786439,,10.113211446786439,LOW,,,,,UNKNOWN,INSUFFICIENT_DATA,,,,,,,,UNKNOWN,53.21889208460198,MEDIUM,INSUFFICIENT DATA,UNKNOWN,,,MONITOR DEMAND,Insufficient vessel and demand data; monitor before repositioning.
2018-05-01,14755.184,14.011027,15.468255861457575,,15.468255861457575,LOW,,,,,UNKNOWN,INSUFFICIENT_DATA,,,,,,,,UNKNOWN,53.21889208460198,MEDIUM,INSUFFICIENT DATA,UNKNOWN,,,MONITOR DEMAND,Insufficient vessel and demand data; monitor before repositioning.
2018-06-01,11343.344,41.702717,7.506564776569685,,7.506564776569685,LOW,,,,,UNKNOWN,INSUFFICIENT_DATA,,,,,,,,UNKNOWN,53.21889208460198,MEDIUM,INSUFFICIENT DATA,UNKNOWN,,,MONITOR DEMAND,Insufficient vessel and demand data; monitor before repositioning.
2018-07-01,11854.91,37.550667,8.598557899458134,,8.598557899458134,LOW,,,,,UNKNOWN,INSUFFICIENT_DATA,,,,,,,,UNKNOWN,53.21889208460198,MEDIUM,INSUFFICIENT DATA,UNKNOWN,,,MONITOR DEMAND,Insufficient vessel and demand data; monitor before repositioning.
2018-08-01,10189.76,51.06561,8.00485435357945,,8.00485435357945,LOW,,,,,UNKNOWN,INSUFFICIENT_DATA,,,,,,,,UNKNOWN,53.21889208460198,MEDIUM,INSUFFICIENT DATA,UNKNOWN,,,MONITOR DEMAND,Insufficient vessel and demand data; monitor before repositioning.
2018-09-01,11923.203,36.996376,6.834348002923875,,6.834348002923875,LOW,,,,,UNKNOWN,INSUFFICIENT_DATA,,,,,,,,UNKNOWN,53.21889208460198,MEDIUM,INSUFFICIENT DATA,UNKNOWN,,,MONITOR DEMAND,Insufficient vessel and demand data; monitor before repositioning.
2018-10-01,11431.77,40.985023,8.534332836133844,,8.534332836133844,LOW,,,,,UNKNOWN,INSUFFICIENT_DATA,,,,,,,,UNKNOWN,53.21889208460198,MEDIUM,INSUFFICIENT DATA,UNKNOWN,,,MONITOR DEMAND,Insufficient vessel and demand data; monitor before repositioning.
2018-11-01,8422.117,65.41242,9.067160764497455,,9.067160764497455,LOW,,,,,UNKNOWN,INSUFFICIENT_DATA,,,,,,,,UNKNOWN,53.21889208460198,MEDIUM,INSUFFICIENT DATA,UNKNOWN,,,MONITOR DEMAND,Insufficient vessel and demand data; monitor before repositioning.
2018-12-01,10506.282,48.496605,14.360869263081664,,14.360869263081664,LOW,,,,,UNKNOWN,INSUFFICIENT_DATA,,,,,,,,UNKNOWN,53.21889208460198,MEDIUM,INSUFFICIENT DATA,UNKNOWN,,,MONITOR DEMAND,Insufficient vessel and demand data; monitor before repositioning.
2019-01-01,11036.314,44.194675,12.89269948099022,4.0072933064010785,8.449996393695649,LOW,,,,,UNKNOWN,INSUFFICIENT_DATA,,,,,,,,UNKNOWN,53.21889208460198,MEDIUM,INSUFFICIENT DATA,UNKNOWN,,,MONITOR DEMAND,Insufficient vessel and demand data; monitor before repositioning.
2019-02-01,10790.457,46.190144,8.707701905817075,8.009322735495513,8.358512320656294,LOW,,,,,UNKNOWN,INSUFFICIENT_DATA,,,,,,,,UNKNOWN,53.21889208460198,MEDIUM,INSUFFICIENT DATA,UNKNOWN,,,MONITOR DEMAND,Insufficient vessel and demand data; monitor before repositioning.
2019-03-01,11104.953,43.63758,5.424127938644212,0.37828628291775934,2.9012071107809856,LOW,,,,,UNKNOWN,INSUFFICIENT_DATA,,,,,,,,UNKNOWN,53.21889208460198,MEDIUM,INSUFFICIENT DATA,UNKNOWN,,,MONITOR DEMAND,Insufficient vessel and demand data; monitor before repositioning.
2019-04-01,11505.519,40.38645,3.5519864458599946,5.211303686921867,4.381645066390931,LOW,,,,,UNKNOWN,INSUFFICIENT_DATA,,,,,,,,UNKNOWN,53.21889208460198,MEDIUM,INSUFFICIENT DATA,UNKNOWN,,,MONITOR DEMAND,Insufficient vessel and demand data; monitor before repositioning.
2019-05-01,11078.091,43.855606,8.12130246079701,6.5393651345239405,7.330333797660475,LOW,,,,,UNKNOWN,INSUFFICIENT_DATA,,,,,,,,UNKNOWN,53.21889208460198,MEDIUM,INSUFFICIENT DATA,UNKNOWN,,,MONITOR DEMAND,Insufficient vessel and demand data; monitor before repositioning.
2019-06-01,11108.2295,43.61099,10.077924007845095,3.1543900751515963,6.6161570414983455,LOW,,,,,UNKNOWN,INSUFFICIENT_DATA,,,,,,,,UNKNOWN,53.21889208460198,MEDIUM,INSUFFICIENT DATA,UNKNOWN,,,MONITOR DEMAND,Insufficient vessel and demand data; monitor before repositioning.
2019-07-01,8528.972,64.54515,8.262734363257513,4.248373461727061,6.255553912492287,LOW,,,,,UNKNOWN,INSUFFICIENT_DATA,,,,,,,,UNKNOWN,53.21889208460198,MEDIUM,INSUFFICIENT DATA,UNKNOWN,,,MONITOR DEMAND,Insufficient vessel and demand data; monitor before repositioning.
2019-08-01,11847.471,37.611046,12.018663706957144,3.4120002921882993,7.715331999572721,LOW,,,,,UNKNOWN,INSUFFICIENT_DATA,,,,,,,,UNKNOWN,53.21889208460198,MEDIUM,INSUFFICIENT DATA,UNKNOWN,,,MONITOR DEMAND,Insufficient vessel and demand data; monitor before repositioning.
2019-09-01,10750.338,46.515766,12.339245045427134,6.72297541278112,9.531110229104128,LOW,,,,,UNKNOWN,INSUFFICIENT_DATA,,,,,,,,UNKNOWN,53.21889208460198,MEDIUM,INSUFFICIENT DATA,UNKNOWN,,,MONITOR DEMAND,Insufficient vessel and demand data; monitor before repositioning.
2019-10-01,13761.728,22.074265,11.886315535714369,1.0229733526996883,6.4546444442070285,LOW,,,,,UNKNOWN,INSUFFICIENT_DATA,,,,,,,,UNKNOWN,53.21889208460198,MEDIUM,INSUFFICIENT DATA,UNKNOWN,,,MONITOR DEMAND,Insufficient vessel and demand data; monitor before repositioning.
2019-11-01,11671.003,39.043324,4.069439047435727,4.85729024799288,4.463364647714304,LOW,,,,,UNKNOWN,INSUFFICIENT_DATA,,,,,,,,UNKNOWN,53.21889208460198,MEDIUM,INSUFFICIENT DATA,UNKNOWN,,,MONITOR DEMAND,Insufficient vessel and demand data; monitor before repositioning.
2019-12-01,11923.68,36.992508,5.021419908641823,2.6444402835435676,3.8329300960926953,LOW,,,,,UNKNOWN,INSUFFICIENT_DATA,,,,,,,,UNKNOWN,53.21889208460198,MEDIUM,INSUFFICIENT DATA,UNKNOWN,,,MONITOR DEMAND,Insufficient vessel and demand data; monitor before repositioning.
2020-01-01,11170.2,43.108013,12.900975395363043,4.3572866478756005,8.629131021619322,LOW,,,,,UNKNOWN,INSUFFICIENT_DATA,,,,,,,,UNKNOWN,53.21889208460198,MEDIUM,INSUFFICIENT DATA,UNKNOWN,,,MONITOR DEMAND,Insufficient vessel and demand data; monitor before repositioning.
2020-02-01,9114.918,59.789406,8.672367894412284,0.9483148956145324,4.810341395013408,LOW,,,,,UNKNOWN,INSUFFICIENT_DATA,,,,,,,,UNKNOWN,53.21889208460198,MEDIUM,INSUFFICIENT DATA,UNKNOWN,,,MONITOR DEMAND,Insufficient vessel and demand data; monitor before repositioning.
2020-03-01,8756.088,62.7018,34.428170319766,3.757899568373004,19.0930349440695,LOW,,,,,UNKNOWN,INSUFFICIENT_DATA,,,,,,,,UNKNOWN,53.21889208460198,MEDIUM,INSUFFICIENT DATA,UNKNOWN,,,MONITOR DEMAND,Insufficient vessel and demand data; monitor before repositioning.
2020-04-01,14935.505,12.547475,52.797423362572,51.953186821284426,52.37530509192821,MEDIUM,,,,,UNKNOWN,INSUFFICIENT_DATA,,,,,,,,UNKNOWN,53.21889208460198,MEDIUM,INSUFFICIENT DATA,UNKNOWN,,,MONITOR DEMAND,Insufficient vessel and demand data; monitor before repositioning.
2020-05-01,12087.448,35.663303,47.68865771705927,48.92895397904897,48.30880584805412,MEDIUM,,,,,UNKNOWN,INSUFFICIENT_DATA,,,,,,,,UNKNOWN,53.21889208460198,MEDIUM,INSUFFICIENT DATA,UNKNOWN,,,MONITOR DEMAND,Insufficient vessel and demand data; monitor before repositioning.
2020-06-01,8823.274,62.156487,21.781675858337362,49.04972406074556,35.41569995954146,MEDIUM,,,,,UNKNOWN,INSUFFICIENT_DATA,,,,,,,,UNKNOWN,53.21889208460198,MEDIUM,INSUFFICIENT DATA,UNKNOWN,,,MONITOR DEMAND,Insufficient vessel and demand data; monitor before repositioning.
2020-07-01,9477.005,56.85058,12.847773323731563,47.665426233558165,30.256599778644862,LOW,,,,,UNKNOWN,INSUFFICIENT_DATA,,,,,,,,UNKNOWN,53.21889208460198,MEDIUM,INSUFFICIENT DATA,UNKNOWN,,,MONITOR DEMAND,Insufficient vessel and demand data; monitor before repositioning.
2020-08-01,9343.123,57.937214,8.010361532371743,50.03859294828004,29.024477240325893,LOW,,,,,UNKNOWN,INSUFFICIENT_DATA,,,,,,,,UNKNOWN,53.21889208460198,MEDIUM,INSUFFICIENT DATA,UNKNOWN,,,MONITOR DEMAND,Insufficient vessel and demand data; monitor before repositioning.
2020-09-01,9978.35,52.781494,12.52404893129653,49.094766443227854,30.809407687262194,LOW,,,,,UNKNOWN,INSUFFICIENT_DATA,,,,,,,,UNKNOWN,53.21889208460198,MEDIUM,INSUFFICIENT DATA,UNKNOWN,,,MONITOR DEMAND,Insufficient vessel and demand data; monitor before repositioning.
2020-10-01,13485.426,24.316828,14.679628232586754,52.17931833747548,33.429473285031115,MEDIUM,,,,,UNKNOWN,INSUFFICIENT_DATA,,,,,,,,UNKNOWN,53.21889208460198,MEDIUM,INSUFFICIENT DATA,UNKNOWN,,,MONITOR DEMAND,Insufficient vessel and demand data; monitor before repositioning.
2020-11-01,13224.11,26.437756,13.568346529595393,51.39231779627819,32.48033216293679,LOW,,,,,UNKNOWN,INSUFFICIENT_DATA,,,,,,,,UNKNOWN,53.21889208460198,MEDIUM,INSUFFICIENT DATA,UNKNOWN,,,MONITOR DEMAND,Insufficient vessel and demand data; monitor before repositioning.
2020-12-01,8422.038,65.41306,9.550370404769811,51.267553863759204,30.408962134264506,LOW,,,,,UNKNOWN,INSUFFICIENT_DATA,,,,,,,,UNKNOWN,53.21889208460198,MEDIUM,INSUFFICIENT DATA,UNKNOWN,,,MONITOR DEMAND,Insufficient vessel and demand data; monitor before repositioning.
2021-01-01,10105.931,51.746,9.101442249091168,96.6620380260628,52.88174013757698,MEDIUM,,,,,UNKNOWN,INSUFFICIENT_DATA,,,,,,,,UNKNOWN,53.21889208460198,MEDIUM,INSUFFICIENT DATA,UNKNOWN,,,MONITOR DEMAND,Insufficient vessel and demand data; monitor before repositioning.
2021-02-01,11124.027,43.482765,8.638084702092389,95.68422277292241,52.1611537375074,MEDIUM,,,,,UNKNOWN,INSUFFICIENT_DATA,,,,,,,,UNKNOWN,53.21889208460198,MEDIUM,INSUFFICIENT DATA,UNKNOWN,,,MONITOR DEMAND,Insufficient vessel and demand data; monitor before repositioning.
2021-03-01,7305.1157,74.4784,16.852040944567676,89.11330408510926,52.98267251483847,MEDIUM,,,,,UNKNOWN,INSUFFICIENT_DATA,,,,,,,,UNKNOWN,53.21889208460198,MEDIUM,INSUFFICIENT DATA,UNKNOWN,,,MONITOR DEMAND,Insufficient vessel and demand data; monitor before repositioning.
2021-04-01,13207.581,26.571913,11.40277053856192,96.91412076624319,54.158445652402555,MEDIUM,,,,,UNKNOWN,INSUFFICIENT_DATA,,,,,,,,UNKNOWN,53.21889208460198,MEDIUM,INSUFFICIENT DATA,UNKNOWN,,,MONITOR DEMAND,Insufficient vessel and demand data; monitor before repositioning.
2021-05-01,10660.561,47.244427,9.309762457274388,93.55150381130449,51.43063313428944,MEDIUM,,,,,UNKNOWN,INSUFFICIENT_DATA,,,,,,,,UNKNOWN,53.21889208460198,MEDIUM,INSUFFICIENT DATA,UNKNOWN,,,MONITOR DEMAND,Insufficient vessel and demand data; monitor before repositioning.
2021-06-01,10440.556,49.030064,6.277193294900903,91.42244411553045,48.849818705215675,MEDIUM,,,,,UNKNOWN,INSUFFICIENT_DATA,,,,,,,,UNKNOWN,53.21889208460198,MEDIUM,INSUFFICIENT DATA,UNKNOWN,,,MONITOR DEMAND,Insufficient vessel and demand data; monitor before repositioning.
2021-07-01,8295.988,66.43613,5.382381269510996,88.15546072265472,46.76892099608286,MEDIUM,,,,,UNKNOWN,INSUFFICIENT_DATA,,,,,,,,UNKNOWN,53.21889208460198,MEDIUM,INSUFFICIENT DATA,UNKNOWN,,,MONITOR DEMAND,Insufficient vessel and demand data; monitor before repositioning.
2021-08-01,13137.202,27.143131,7.480784260740177,95.59607370356616,51.53842898215317,MEDIUM,,,,,UNKNOWN,INSUFFICIENT_DATA,,,,,,,,UNKNOWN,53.21889208460198,MEDIUM,INSUFFICIENT DATA,UNKNOWN,,,MONITOR DEMAND,Insufficient vessel and demand data; monitor before repositioning.
2021-09-01,11399.185,41.249496,9.416781502532466,86.73071549998784,48.073748501260155,MEDIUM,,,,,UNKNOWN,INSUFFICIENT_DATA,,,,,,,,UNKNOWN,53.21889208460198,MEDIUM,INSUFFICIENT DATA,UNKNOWN,,,MONITOR DEMAND,Insufficient vessel and demand data; monitor before repositioning.
2021-10-01,12516.8125,32.178432,12.64993751871042,96.75115756934254,54.70054754402648,MEDIUM,,,,,UNKNOWN,INSUFFICIENT_DATA,,,,,,,,UNKNOWN,53.21889208460198,MEDIUM,INSUFFICIENT DATA,UNKNOWN,,,MONITOR DEMAND,Insufficient vessel and demand data; monitor before repositioning.
2021-11-01,13894.523,20.996447,8.18181552916396,97.56446758749152,52.87314155832774,MEDIUM,,,,,UNKNOWN,INSUFFICIENT_DATA,,,,,,,,UNKNOWN,53.21889208460198,MEDIUM,INSUFFICIENT DATA,UNKNOWN,,,MONITOR DEMAND,Insufficient vessel and demand data; monitor before repositioning.
2021-12-01,8239.33,66.89599,14.758644849180152,95.82004673061307,55.289345789896615,MEDIUM,,,,,UNKNOWN,INSUFFICIENT_DATA,,,,,,,,UNKNOWN,53.21889208460198,MEDIUM,INSUFFICIENT DATA,UNKNOWN,,,MONITOR DEMAND,Insufficient vessel and demand data; monitor before repositioning.
2022-01-01,9568.291,56.10967,12.893251343135864,69.13704623893503,41.01514879103544,MEDIUM,,,,,UNKNOWN,DEMAND_ONLY,210171922.0,174408688.8,1.2050541945247397,0.0,LOW,NORMAL DEMAND YEAR,0.0,UNKNOWN,53.21889208460198,MEDIUM,DEMAND AVAILABLE - VESSEL IDLE RISK UNKNOWN,UNKNOWN,PARADIP SEA,56210497.0,Demand data is available. Monitor vessel status before repositioning toward the highest-demand East Coast port.,"Demand data is available, but vessel idle-risk data is unavailable. Monitor vessel utilization before making repositioning decisions."
2022-02-01,9011.106,60.631977,30.72868926488592,73.06507041275417,51.89687983882004,MEDIUM,,,,,UNKNOWN,DEMAND_ONLY,210171922.0,174408688.8,1.2050541945247397,0.0,LOW,NORMAL DEMAND YEAR,0.0,UNKNOWN,53.21889208460198,MEDIUM,DEMAND AVAILABLE - VESSEL IDLE RISK UNKNOWN,UNKNOWN,PARADIP SEA,56210497.0,Demand data is available. Monitor vessel status before repositioning toward the highest-demand East Coast port.,"Demand data is available, but vessel idle-risk data is unavailable. Monitor vessel utilization before making repositioning decisions."
2022-03-01,11618.787,39.467125,43.08352679729828,70.89013958066035,56.98683318897932,MEDIUM,,,,,UNKNOWN,DEMAND_ONLY,210171922.0,174408688.8,1.2050541945247397,0.0,LOW,NORMAL DEMAND YEAR,0.0,UNKNOWN,53.21889208460198,MEDIUM,DEMAND AVAILABLE - VESSEL IDLE RISK UNKNOWN,UNKNOWN,PARADIP SEA,56210497.0,Demand data is available. Monitor vessel status before repositioning toward the highest-demand East Coast port.,"Demand data is available, but vessel idle-risk data is unavailable. Monitor vessel utilization before making repositioning decisions."
2022-04-01,9949.517,53.01551,27.24447248617788,68.20920163899835,47.72683706258812,MEDIUM,,,,,UNKNOWN,DEMAND_ONLY,210171922.0,174408688.8,1.2050541945247397,0.0,LOW,NORMAL DEMAND YEAR,0.0,UNKNOWN,53.21889208460198,MEDIUM,DEMAND AVAILABLE - VESSEL IDLE RISK UNKNOWN,UNKNOWN,PARADIP SEA,56210497.0,Demand data is available. Monitor vessel status before repositioning toward the highest-demand East Coast port.,"Demand data is available, but vessel idle-risk data is unavailable. Monitor vessel utilization before making repositioning decisions."
2022-05-01,13555.244,23.750156,25.404509750576032,68.74346769369646,47.07398872213625,MEDIUM,,,,,UNKNOWN,DEMAND_ONLY,210171922.0,174408688.8,1.2050541945247397,0.0,LOW,NORMAL DEMAND YEAR,0.0,UNKNOWN,53.21889208460198,MEDIUM,DEMAND AVAILABLE - VESSEL IDLE RISK UNKNOWN,UNKNOWN,PARADIP SEA,56210497.0,Demand data is available. Monitor vessel status before repositioning toward the highest-demand East Coast port.,"Demand data is available, but vessel idle-risk data is unavailable. Monitor vessel utilization before making repositioning decisions."
2022-06-01,12380.526,33.28458,25.214754710614628,70.92599654521986,48.070375627917244,MEDIUM,,,,,UNKNOWN,DEMAND_ONLY,210171922.0,174408688.8,1.2050541945247397,0.0,LOW,NORMAL DEMAND YEAR,0.0,UNKNOWN,53.21889208460198,MEDIUM,DEMAND AVAILABLE - VESSEL IDLE RISK UNKNOWN,UNKNOWN,PARADIP SEA,56210497.0,Demand data is available. Monitor vessel status before repositioning toward the highest-demand East Coast port.,"Demand data is available, but vessel idle-risk data is unavailable. Monitor vessel utilization before making repositioning decisions."
2022-07-01,11122.813,43.492622,16.922788483027976,35.97094240905365,26.44686544604081,LOW,,,,,UNKNOWN,DEMAND_ONLY,210171922.0,174408688.8,1.2050541945247397,0.0,LOW,NORMAL DEMAND YEAR,0.0,UNKNOWN,53.21889208460198,MEDIUM,DEMAND AVAILABLE - VESSEL IDLE RISK UNKNOWN,UNKNOWN,PARADIP SEA,56210497.0,Demand data is available. Monitor vessel status before repositioning toward the highest-demand East Coast port.,"Demand data is available, but vessel idle-risk data is unavailable. Monitor vessel utilization before making repositioning decisions."
2022-08-01,12788.203,29.97573,17.5098800330821,35.94173339100902,26.72580671204556,LOW,,,,,UNKNOWN,DEMAND_ONLY,210171922.0,174408688.8,1.2050541945247397,0.0,LOW,NORMAL DEMAND YEAR,0.0,UNKNOWN,53.21889208460198,MEDIUM,DEMAND AVAILABLE - VESSEL IDLE RISK UNKNOWN,UNKNOWN,PARADIP SEA,56210497.0,Demand data is available. Monitor vessel status before repositioning toward the highest-demand East Coast port.,"Demand data is available, but vessel idle-risk data is unavailable. Monitor vessel utilization before making repositioning decisions."
2022-09-01,9825.528,54.021843,18.841860457868535,28.517074694377435,23.679467576122985,LOW,,,,,UNKNOWN,DEMAND_ONLY,210171922.0,174408688.8,1.2050541945247397,0.0,LOW,NORMAL DEMAND YEAR,0.0,UNKNOWN,53.21889208460198,MEDIUM,DEMAND AVAILABLE - VESSEL IDLE RISK UNKNOWN,UNKNOWN,PARADIP SEA,56210497.0,Demand data is available. Monitor vessel status before repositioning toward the highest-demand East Coast port.,"Demand data is available, but vessel idle-risk data is unavailable. Monitor vessel utilization before making repositioning decisions."
2022-10-01,6057.3857,84.605415,19.040466341396733,38.695396632209835,28.867931486803286,LOW,,,,,UNKNOWN,DEMAND_ONLY,210171922.0,174408688.8,1.2050541945247397,0.0,LOW,NORMAL DEMAND YEAR,0.0,UNKNOWN,53.21889208460198,MEDIUM,DEMAND AVAILABLE - VESSEL IDLE RISK UNKNOWN,UNKNOWN,PARADIP SEA,56210497.0,Demand data is available. Monitor vessel status before repositioning toward the highest-demand East Coast port.,"Demand data is available, but vessel idle-risk data is unavailable. Monitor vessel utilization before making repositioning decisions."
2022-11-01,9050.07,60.315735,13.983899717337257,32.540184569023005,23.262042143180132,LOW,,,,,UNKNOWN,DEMAND_ONLY,210171922.0,174408688.8,1.2050541945247397,0.0,LOW,NORMAL DEMAND YEAR,0.0,UNKNOWN,53.21889208460198,MEDIUM,DEMAND AVAILABLE - VESSEL IDLE RISK UNKNOWN,UNKNOWN,PARADIP SEA,56210497.0,Demand data is available. Monitor vessel status before repositioning toward the highest-demand East Coast port.,"Demand data is available, but vessel idle-risk data is unavailable. Monitor vessel utilization before making repositioning decisions."
2022-12-01,12146.82,35.18142,19.281274648008445,36.46405967397061,27.87266716098953,LOW,,,,,UNKNOWN,DEMAND_ONLY,210171922.0,174408688.8,1.2050541945247397,0.0,LOW,NORMAL DEMAND YEAR,0.0,UNKNOWN,53.21889208460198,MEDIUM,DEMAND AVAILABLE - VESSEL IDLE RISK UNKNOWN,UNKNOWN,PARADIP SEA,56210497.0,Demand data is available. Monitor vessel status before repositioning toward the highest-demand East Coast port.,"Demand data is available, but vessel idle-risk data is unavailable. Monitor vessel utilization before making repositioning decisions."
2023-01-01,9678.733,55.213284,13.135842537693904,26.368411924694726,19.752127231194315,LOW,,,,,UNKNOWN,DEMAND_ONLY,165947954.0,174408688.8,0.9514890292552901,4.851097074470989,LOW,NORMAL DEMAND YEAR,4.851097074470989,UNKNOWN,53.21889208460198,MEDIUM,DEMAND AVAILABLE - VESSEL IDLE RISK UNKNOWN,UNKNOWN,PARADIP SEA,40506281.0,Demand data is available. Monitor vessel status before repositioning toward the highest-demand East Coast port.,"Demand data is available, but vessel idle-risk data is unavailable. Monitor vessel utilization before making repositioning decisions."
2023-02-01,8460.093,65.1042,12.500764068991248,22.482374487352484,17.491569278171866,LOW,,,,,UNKNOWN,DEMAND_ONLY,165947954.0,174408688.8,0.9514890292552901,4.851097074470989,LOW,NORMAL DEMAND YEAR,4.851097074470989,UNKNOWN,53.21889208460198,MEDIUM,DEMAND AVAILABLE - VESSEL IDLE RISK UNKNOWN,UNKNOWN,PARADIP SEA,40506281.0,Demand data is available. Monitor vessel status before repositioning toward the highest-demand East Coast port.,"Demand data is available, but vessel idle-risk data is unavailable. Monitor vessel utilization before making repositioning decisions."
2023-03-01,10161.691,51.293427,11.855152571532393,25.168783824024057,18.511968197778224,LOW,,,,,UNKNOWN,DEMAND_ONLY,165947954.0,174408688.8,0.9514890292552901,4.851097074470989,LOW,NORMAL DEMAND YEAR,4.851097074470989,UNKNOWN,53.21889208460198,MEDIUM,DEMAND AVAILABLE - VESSEL IDLE RISK UNKNOWN,UNKNOWN,PARADIP SEA,40506281.0,Demand data is available. Monitor vessel status before repositioning toward the highest-demand East Coast port.,"Demand data is available, but vessel idle-risk data is unavailable. Monitor vessel utilization before making repositioning decisions."
2023-04-01,10560.377,48.057552,11.387175350870436,27.508480710683607,19.44782803077702,LOW,,,,,UNKNOWN,DEMAND_ONLY,165947954.0,174408688.8,0.9514890292552901,4.851097074470989,LOW,NORMAL DEMAND YEAR,4.851097074470989,UNKNOWN,53.21889208460198,MEDIUM,DEMAND AVAILABLE - VESSEL IDLE RISK UNKNOWN,UNKNOWN,PARADIP SEA,40506281.0,Demand data is available. Monitor vessel status before repositioning toward the highest-demand East Coast port.,"Demand data is available, but vessel idle-risk data is unavailable. Monitor vessel utilization before making repositioning decisions."
2023-05-01,11536.148,40.137848,11.315001018591598,28.503099235255682,19.90905012692364,LOW,,,,,UNKNOWN,DEMAND_ONLY,165947954.0,174408688.8,0.9514890292552901,4.851097074470989,LOW,NORMAL DEMAND YEAR,4.851097074470989,UNKNOWN,53.21889208460198,MEDIUM,DEMAND AVAILABLE - VESSEL IDLE RISK UNKNOWN,UNKNOWN,PARADIP SEA,40506281.0,Demand data is available. Monitor vessel status before repositioning toward the highest-demand East Coast port.,"Demand data is available, but vessel idle-risk data is unavailable. Monitor vessel utilization before making repositioning decisions."
2023-06-01,11929.939,36.9417,9.850798120778576,23.37457417742496,16.61268614910177,LOW,74.64249725797383,42.162146459155444,4.703125,75.26748116260336,HIGH,FULL,165947954.0,174408688.8,0.9514890292552901,4.851097074470989,LOW,NORMAL DEMAND YEAR,47.100927527350414,MEDIUM,53.21889208460198,MEDIUM,REVIEW EMPLOYMENT OPTIONS,MEDIUM,PARADIP SEA,40506281.0,Monitor cargo demand and consider positioning toward the highest-demand East Coast port.,Moderate idle/demand risk. Monitor demand and prepare alternative employment.
2023-07-01,13625.099,23.183195,9.296927475771273,26.030723290693615,17.663825383232442,LOW,75.85711599517226,41.03254271789372,4.941666666666666,40.35458043678005,MEDIUM,FULL,165947954.0,174408688.8,0.9514890292552901,4.851097074470989,LOW,NORMAL DEMAND YEAR,26.153187091856424,LOW,53.21889208460198,MEDIUM,NORMAL UTILIZATION,LOW,PARADIP SEA,40506281.0,Maintain current positioning; no immediate repositioning required.,Low idle/demand risk. Continue current employment and positioning.
2023-08-01,12157.147,35.0976,7.704142092130806,27.606747582120086,17.655444837125447,LOW,74.99884275929028,41.34364057401355,4.916666666666667,52.620823844735106,MEDIUM,FULL,165947954.0,174408688.8,0.9514890292552901,4.851097074470989,LOW,NORMAL DEMAND YEAR,33.51293313662946,MEDIUM,53.21889208460198,MEDIUM,REVIEW EMPLOYMENT OPTIONS,MEDIUM,PARADIP SEA,40506281.0,Monitor cargo demand and consider positioning toward the highest-demand East Coast port.,Moderate idle/demand risk. Monitor demand and prepare alternative employment.
2023-09-01,13031.989,27.997078,6.411458384325854,27.849674024053773,17.13056620418981,LOW,75.16524877018432,44.84746686845955,4.994791666666667,64.4951898489364,MEDIUM,FULL,165947954.0,174408688.8,0.9514890292552901,4.851097074470989,LOW,NORMAL DEMAND YEAR,40.63755273915024,MEDIUM,53.21889208460198,MEDIUM,REVIEW EMPLOYMENT OPTIONS,MEDIUM,PARADIP SEA,40506281.0,Monitor cargo demand and consider positioning toward the highest-demand East Coast port.,Moderate idle/demand risk. Monitor demand and prepare alternative employment.
2023-10-01,16009.576,3.829935,10.596365087833718,26.202747853257822,18.399556470545768,LOW,75.99085530328374,41.94197822050517,5.008333333333334,39.3409112356903,MEDIUM,FULL,165947954.0,174408688.8,0.9514890292552901,4.851097074470989,LOW,NORMAL DEMAND YEAR,25.544985571202574,LOW,53.21889208460198,MEDIUM,NORMAL UTILIZATION,LOW,PARADIP SEA,40506281.0,Maintain current positioning; no immediate repositioning required.,Low idle/demand risk. Continue current employment and positioning.
2023-11-01,10890.778,45.3759,14.217615289014685,26.573937607017136,20.39577644801591,LOW,74.89125481390562,38.673139005346606,4.677083333333333,55.62936709484297,MEDIUM,FULL,165947954.0,174408688.8,0.9514890292552901,4.851097074470989,LOW,NORMAL DEMAND YEAR,35.31805908669418,MEDIUM,53.21889208460198,MEDIUM,REVIEW EMPLOYMENT OPTIONS,MEDIUM,PARADIP SEA,40506281.0,Monitor cargo demand and consider positioning toward the highest-demand East Coast port.,Moderate idle/demand risk. Monitor demand and prepare alternative employment.
2023-12-01,11437.087,40.941864,11.971830024539862,23.317613991046407,17.644722007793135,LOW,77.04510593471926,41.56136831582194,4.95,30.34445171582794,LOW,FULL,165947954.0,174408688.8,0.9514890292552901,4.851097074470989,LOW,NORMAL DEMAND YEAR,20.14710985928516,LOW,53.21889208460198,MEDIUM,NORMAL UTILIZATION,LOW,PARADIP SEA,40506281.0,Maintain current positioning; no immediate repositioning required.,Low idle/demand risk. Continue current employment and positioning.
2024-01-01,13243.16,26.283142,18.10288482141176,31.555013313499707,24.82894906745573,LOW,74.87258658138795,41.337977545634566,5.0,48.22345884333826,MEDIUM,FULL,222318185.0,174408688.8,1.2746967282974033,0.0,LOW,NORMAL DEMAND YEAR,28.934075306002953,LOW,53.21889208460198,MEDIUM,NORMAL UTILIZATION,LOW,PARADIP SEA,63271181.0,Maintain current positioning; no immediate repositioning required.,Low idle/demand risk. Continue current employment and positioning.
2024-02-01,12100.929,35.55389,11.09791438595067,27.375453572482744,19.236683979216707,LOW,74.41823496970778,41.00747280377283,4.96875,53.2701373750841,MEDIUM,FULL,222318185.0,174408688.8,1.2746967282974033,0.0,LOW,NORMAL DEMAND YEAR,31.962082425050458,LOW,53.21889208460198,MEDIUM,NORMAL UTILIZATION,LOW,PARADIP SEA,63271181.0,Maintain current positioning; no immediate repositioning required.,Low idle/demand risk. Continue current employment and positioning.
2024-03-01,12879.672,29.23334,9.119132703631882,29.697840183044992,19.408486443338436,LOW,74.81143698227011,42.47154484812596,4.683333333333334,76.53653307678883,HIGH,FULL,222318185.0,174408688.8,1.2746967282974033,0.0,LOW,NORMAL DEMAND YEAR,45.921919846073294,MEDIUM,53.21889208460198,MEDIUM,REVIEW EMPLOYMENT OPTIONS,MEDIUM,PARADIP SEA,63271181.0,Monitor cargo demand and consider positioning toward the highest-demand East Coast port.,Moderate idle/demand risk. Monitor demand and prepare alternative employment.
2024-04-01,14237.645,18.211555,11.912888663337188,27.423156059328527,19.66802236133286,LOW,74.20713121816654,43.047601896732914,5.166666666666667,52.99428552462543,MEDIUM,FULL,222318185.0,174408688.8,1.2746967282974033,0.0,LOW,NORMAL DEMAND YEAR,31.796571314775257,LOW,53.21889208460198,MEDIUM,NORMAL UTILIZATION,LOW,PARADIP SEA,63271181.0,Maintain current positioning; no immediate repositioning required.,Low idle/demand risk. Continue current employment and positioning.
2024-05-01,12789.23,29.967394,8.607419631026527,30.87699693896657,19.74220828499655,LOW,73.82502481498231,41.28038523393157,5.036458333333333,56.27431734015884,MEDIUM,FULL,222318185.0,174408688.8,1.2746967282974033,0.0,LOW,NORMAL DEMAND YEAR,33.7645904040953,MEDIUM,53.21889208460198,MEDIUM,REVIEW EMPLOYMENT OPTIONS,MEDIUM,PARADIP SEA,63271181.0,Monitor cargo demand and consider positioning toward the highest-demand East Coast port.,Moderate idle/demand risk. Monitor demand and prepare alternative employment.
2024-06-01,12833.359,29.609226,8.74615237837018,27.1008918721876,17.92352212527889,LOW,76.17795704723109,41.95460970062479,4.875,46.55029670829697,MEDIUM,FULL,222318185.0,174408688.8,1.2746967282974033,0.0,LOW,NORMAL DEMAND YEAR,27.93017802497818,LOW,53.21889208460198,MEDIUM,NORMAL UTILIZATION,LOW,PARADIP SEA,63271181.0,Maintain current positioning; no immediate repositioning required.,Low idle/demand risk. Continue current employment and positioning.
2024-07-01,11191.146,42.938007,6.027048914313273,29.479322721593576,17.753185817953423,LOW,,,,,UNKNOWN,DEMAND_ONLY,222318185.0,174408688.8,1.2746967282974033,0.0,LOW,NORMAL DEMAND YEAR,0.0,UNKNOWN,53.21889208460198,MEDIUM,DEMAND AVAILABLE - VESSEL IDLE RISK UNKNOWN,UNKNOWN,PARADIP SEA,63271181.0,Demand data is available. Monitor vessel status before repositioning toward the highest-demand East Coast port.,"Demand data is available, but vessel idle-risk data is unavailable. Monitor vessel utilization before making repositioning decisions."
2024-08-01,12001.768,36.35872,19.443612331987016,27.278926175024864,23.361269253505938,LOW,,,,,UNKNOWN,DEMAND_ONLY,222318185.0,174408688.8,1.2746967282974033,0.0,LOW,NORMAL DEMAND YEAR,0.0,UNKNOWN,53.21889208460198,MEDIUM,DEMAND AVAILABLE - VESSEL IDLE RISK UNKNOWN,UNKNOWN,PARADIP SEA,63271181.0,Demand data is available. Monitor vessel status before repositioning toward the highest-demand East Coast port.,"Demand data is available, but vessel idle-risk data is unavailable. Monitor vessel utilization before making repositioning decisions."
2024-09-01,9193.514,59.151493,13.818025810766319,29.42112233650398,21.61957407363515,LOW,,,,,UNKNOWN,DEMAND_ONLY,222318185.0,174408688.8,1.2746967282974033,0.0,LOW,NORMAL DEMAND YEAR,0.0,UNKNOWN,53.21889208460198,MEDIUM,DEMAND AVAILABLE - VESSEL IDLE RISK UNKNOWN,UNKNOWN,PARADIP SEA,63271181.0,Demand data is available. Monitor vessel status before repositioning toward the highest-demand East Coast port.,"Demand data is available, but vessel idle-risk data is unavailable. Monitor vessel utilization before making repositioning decisions."
2024-10-01,11088.411,43.77184,20.63620085798543,32.00307930513209,26.31964008155876,LOW,,,,,UNKNOWN,DEMAND_ONLY,222318185.0,174408688.8,1.2746967282974033,0.0,LOW,NORMAL DEMAND YEAR,0.0,UNKNOWN,53.21889208460198,MEDIUM,DEMAND AVAILABLE - VESSEL IDLE RISK UNKNOWN,UNKNOWN,PARADIP SEA,63271181.0,Demand data is available. Monitor vessel status before repositioning toward the highest-demand East Coast port.,"Demand data is available, but vessel idle-risk data is unavailable. Monitor vessel utilization before making repositioning decisions."
2024-11-01,9693.375,55.094444,12.49422345755916,28.628153412530974,20.561188435045068,LOW,,,,,UNKNOWN,DEMAND_ONLY,222318185.0,174408688.8,1.2746967282974033,0.0,LOW,NORMAL DEMAND YEAR,0.0,UNKNOWN,53.21889208460198,MEDIUM,DEMAND AVAILABLE - VESSEL IDLE RISK UNKNOWN,UNKNOWN,PARADIP SEA,63271181.0,Demand data is available. Monitor vessel status before repositioning toward the highest-demand East Coast port.,"Demand data is available, but vessel idle-risk data is unavailable. Monitor vessel utilization before making repositioning decisions."
2024-12-01,11215.496,42.74037,10.494695822721278,27.967642360155956,19.231169091438616,LOW,,,,,UNKNOWN,DEMAND_ONLY,222318185.0,174408688.8,1.2746967282974033,0.0,LOW,NORMAL DEMAND YEAR,0.0,UNKNOWN,53.21889208460198,MEDIUM,DEMAND AVAILABLE - VESSEL IDLE RISK UNKNOWN,UNKNOWN,PARADIP SEA,63271181.0,Demand data is available. Monitor vessel status before repositioning toward the highest-demand East Coast port.,"Demand data is available, but vessel idle-risk data is unavailable. Monitor vessel utilization before making repositioning decisions."
