Country_of_Consignment,Port,total_quantity,shipment_count,demand_share_pct,demand_score,route_priority
AUSTRALIA,DHAMRA(CHANDBALI),33957098,5,11.810790438060073,1.0,High
INDONESIA,KRISHNAPATNAM,31174146,5,10.8428377917185,0.9180450579139595,High
AUSTRALIA,PARADIP SEA,26059569,5,9.063910831401632,0.7674262682871192,High
AUSTRALIA,GANGAVARAM PORT,20609890,5,7.168430345298351,0.6069390853128851,Medium
AUSTRALIA,KOLKATA SEA,17065523,5,5.935646086979937,0.5025612907204261,Medium
AUSTRALIA,VISAKHAPATNAM SEA,12442701,5,4.327758926703352,0.36642415674036694,Medium
AUSTRALIA,KRISHNAPATNAM,12271418,5,4.268184117966684,0.36138005668211104,Medium
INDONESIA,VISAKHAPATNAM SEA,12032516,5,4.185090401971477,0.3543446498284394,Medium
INDONESIA,GANGAVARAM PORT,11803172,5,4.105321102421013,0.34759071579084877,Medium
RUSSIA,KRISHNAPATNAM,11613225,5,4.039254673206768,0.341996981014102,Medium
U S A,KRISHNAPATNAM,10428976,5,3.627355023670102,0.3071221221554327,Low
U S A,GANGAVARAM PORT,8931632,5,3.1065562146055994,0.26302695242096363,Low
INDONESIA,PARADIP SEA,7865873,5,2.7358691727836963,0.23164149657311706,Low
RUSSIA,PARADIP SEA,6196952,5,2.1553932973517718,0.18249356879672107,Low
INDONESIA,KOLKATA SEA,6116864,5,2.1275374839779855,0.1801350633673113,Low
INDONESIA,DHAMRA(CHANDBALI),6063216,5,2.108877901070723,0.17855518748981436,Low
MOZAMBIQUE,GANGAVARAM PORT,5837043,5,2.0302115231091147,0.17189463599038998,Low
U S A,DHAMRA(CHANDBALI),5284676,5,1.8380899560099497,0.1556280221590196,Low
U S A,KOLKATA SEA,5223349,5,1.8167595011755906,0.15382200799373374,Low
RUSSIA,VISAKHAPATNAM SEA,4711924,5,1.6388781786967122,0.13876109201086617,Low
MOZAMBIQUE,KRISHNAPATNAM,4655863,5,1.6193793180241045,0.13711015587963377,Low
MOZAMBIQUE,PARADIP SEA,4444326,5,1.5458035614357202,0.13088061883262228,Low
U S A,VISAKHAPATNAM SEA,3880508,5,1.3496991639631755,0.11427678537194197,Low
RUSSIA,GANGAVARAM PORT,3823068,5,1.3297206663082177,0.112585239174443,Low
MOZAMBIQUE,VISAKHAPATNAM SEA,3566793,5,1.240584359091569,0.10503821616323043,Low
RUSSIA,DHAMRA(CHANDBALI),3003134,5,1.044535264215249,0.08843906508147428,Low
U S A,PARADIP SEA,2706913,5,0.9415051361886256,0.07971567535011384,Low
RUSSIA,KOLKATA SEA,2251888,5,0.7832405836912866,0.06631567868373205,Low
MOZAMBIQUE,KOLKATA SEA,1642700,5,0.5713558164658618,0.04837574753885034,Low
AUSTRALIA,GOPALPUR PORT,731598,4,0.2544608100169182,0.021544773937984926,Low
RUSSIA,GOPALPUR PORT,667785,2,0.23226568691706062,0.01966554974750787,Low
MOZAMBIQUE,GOPALPUR PORT,256454,4,0.08919856611428509,0.007552294368617719,Low
MOZAMBIQUE,DHAMRA(CHANDBALI),99663,3,0.034664293380676434,0.0029349681177113546,Low
U S A,GOPALPUR PORT,88144,2,0.030657811582496454,0.0025957459615659735,Low
INDONESIA,VISAKHAPATNAM SPL ECONOMIC ZON,500,2,0.0001739075352973342,1.4724462025582987e-05,Low
AUSTRALIA,KOLKATA AIR,3,4,1.0434452117840053e-06,8.834677215349792e-08,Low
U S A,KOLKATA AIR,3,5,1.0434452117840053e-06,8.834677215349792e-08,Low
INDONESIA,KOLKATA AIR,0,2,0.0,0.0,Low
MOZAMBIQUE,KOLKATA AIR,0,1,0.0,0.0,Low
RUSSIA,KOLKATA AIR,0,1,0.0,0.0,Low
