Date,Actual Freight,XGBoost Prediction,Difference,Difference (%),Prediction Lower?,Absolute Error
2024-01-01,12058,13243.16,1185.1599999999999,9.828827334549675,NO,1185.1599999999999
2024-02-01,3000,12100.929,9100.929,303.3643,NO,9100.929
2024-03-01,12454,12879.672,425.6720000000005,3.4179540709812146,NO,425.6720000000005
2024-04-01,14640,14237.645,-402.35499999999956,-2.748326502732237,YES,402.35499999999956
2024-05-01,12409,12789.23,380.22999999999956,3.0641469900878358,NO,380.22999999999956
2024-06-01,14332,12833.359,-1498.6409999999996,-10.456607591403849,YES,1498.6409999999996
2024-07-01,13091,11191.146,-1899.8539999999994,-14.512672828660907,YES,1899.8539999999994
2024-08-01,11215,12001.768,786.768,7.015318769505127,NO,786.768
2024-09-01,11862,9193.514,-2668.486000000001,-22.496088349350877,YES,2668.486000000001
2024-10-01,12633,11088.411,-1544.589,-12.226620755165044,YES,1544.589
2024-11-01,12780,9693.375,-3086.625,-24.15199530516432,YES,3086.625
2024-12-01,8781,11215.496,2434.495999999999,27.724587176859117,NO,2434.495999999999
